name,nation,position,detailed_position,age,birth_date,matches_played,minutes_played,goals,assists,penalties_scored,yellow_cards,red_cards,team_name,team_code,team_logo_url,player_id,player_image_url,season
Thibaut Courtois,Belgium,GOALKEEPER,GOALKEEPER,34,1992-05-11,13,1230,0,0,0,0,0,Real Madrid C.F.,RMA,https://img.uefa.com/imgml/TP/teams/logos/240x240/50051.png,250011668,https://img.uefa.com/imgml/TP/players/1/2022/324x324/250011668.jpg,2021-22
Vinícius Júnior,Brazil,FORWARD,UNKNOWN,25,2000-07-12,13,1199,4,6,0,1,0,Real Madrid C.F.,RMA,https://img.uefa.com/imgml/TP/teams/logos/240x240/50051.png,250121533,https://img.uefa.com/imgml/TP/players/1/2022/324x324/250121533.jpg,2021-22
Alisson Becker,Brazil,GOALKEEPER,GOALKEEPER,33,1992-10-02,13,1170,0,0,0,0,0,Liverpool FC,LIV,https://img.uefa.com/imgml/TP/teams/logos/240x240/7889.png,250099867,https://img.uefa.com/imgml/TP/players/1/2022/324x324/250099867.jpg,2021-22
Karim Benzema,France,FORWARD,STRIKER,38,1987-12-19,12,1106,15,1,3,1,0,Real Madrid C.F.,RMA,https://img.uefa.com/imgml/TP/teams/logos/240x240/50051.png,93321,https://img.uefa.com/imgml/TP/players/1/2022/324x324/93321.jpg,2021-22
Pau Torres,Spain,DEFENDER,CENTRE_BACK,29,1997-01-16,12,1080,1,0,0,1,0,Villarreal CF,VIL,https://img.uefa.com/imgml/TP/teams/logos/240x240/70691.png,250088461,https://img.uefa.com/imgml/TP/players/1/2022/324x324/250088461.jpg,2021-22
Gerónimo Rulli,Argentina,GOALKEEPER,GOALKEEPER,34,1992-05-20,12,1080,0,0,0,2,0,Villarreal CF,VIL,https://img.uefa.com/imgml/TP/teams/logos/240x240/70691.png,250073918,https://img.uefa.com/imgml/TP/players/1/2022/324x324/250073918.jpg,2021-22
Luka Modrić,Croatia,MIDFIELDER,CENTRAL_MIDFIELDER,40,1985-09-09,13,1077,0,4,0,1,0,Real Madrid C.F.,RMA,https://img.uefa.com/imgml/TP/teams/logos/240x240/50051.png,74699,https://img.uefa.com/imgml/TP/players/1/2022/324x324/74699.jpg,2021-22
Éder Militão,Brazil,DEFENDER,FULL_BACK,28,1998-01-18,12,1076,0,0,0,4,0,Real Madrid C.F.,RMA,https://img.uefa.com/imgml/TP/teams/logos/240x240/50051.png,250121965,https://img.uefa.com/imgml/TP/players/1/2022/324x324/250121965.jpg,2021-22
Daniel Parejo,Spain,MIDFIELDER,CENTRAL_MIDFIELDER,37,1989-04-16,12,1055,1,3,0,2,0,Villarreal CF,VIL,https://img.uefa.com/imgml/TP/teams/logos/240x240/70691.png,104033,https://img.uefa.com/imgml/TP/players/1/2022/324x324/104033.jpg,2021-22
Étienne Capoue,France,MIDFIELDER,DEFENSIVE_MIDFIELDER,37,1988-07-11,12,1046,2,4,0,3,1,Villarreal CF,VIL,https://img.uefa.com/imgml/TP/teams/logos/240x240/70691.png,108395,https://img.uefa.com/imgml/TP/players/1/2022/324x324/108395.jpg,2021-22
Raúl Albiol,Spain,DEFENDER,CENTRE_BACK,40,1985-09-04,12,1045,0,0,0,1,0,Villarreal CF,VIL,https://img.uefa.com/imgml/TP/teams/logos/240x240/70691.png,69168,https://img.uefa.com/imgml/TP/players/1/2022/324x324/69168.jpg,2021-22
David Alaba,Austria,DEFENDER,FULL_BACK,33,1992-06-24,12,1040,1,0,0,1,0,Real Madrid C.F.,RMA,https://img.uefa.com/imgml/TP/teams/logos/240x240/50051.png,1906540,https://img.uefa.com/imgml/TP/players/1/2022/324x324/1906540.jpg,2021-22
Mohamed Salah,Egypt,FORWARD,WINGER,33,1992-06-15,13,1008,8,2,1,0,0,Liverpool FC,LIV,https://img.uefa.com/imgml/TP/teams/logos/240x240/7889.png,250052469,https://img.uefa.com/imgml/TP/players/1/2022/324x324/250052469.jpg,2021-22
Ederson,Brazil,GOALKEEPER,UNKNOWN,32,1993-08-17,11,1003,0,0,0,1,0,Manchester City,MCI,https://img.uefa.com/imgml/TP/teams/logos/240x240/52919.png,250073809,https://img.uefa.com/imgml/TP/players/1/2022/324x324/250073809.jpg,2021-22
Riyad Mahrez,Algeria,MIDFIELDER,WINGER,35,1991-02-21,12,986,7,2,2,1,0,Manchester City,MCI,https://img.uefa.com/imgml/TP/teams/logos/240x240/52919.png,250070687,https://img.uefa.com/imgml/TP/players/1/2022/324x324/250070687.jpg,2021-22
Dani Carvajal,Spain,DEFENDER,FULL_BACK,34,1992-01-11,11,959,0,1,0,3,0,Real Madrid C.F.,RMA,https://img.uefa.com/imgml/TP/teams/logos/240x240/50051.png,250024448,https://img.uefa.com/imgml/TP/players/1/2022/324x324/250024448.jpg,2021-22
Casemiro,Brazil,MIDFIELDER,UNKNOWN,34,1992-02-23,11,914,0,0,0,3,0,Real Madrid C.F.,RMA,https://img.uefa.com/imgml/TP/teams/logos/240x240/50051.png,250057680,https://img.uefa.com/imgml/TP/players/1/2022/324x324/250057680.jpg,2021-22
Luis Díaz,Colombia,FORWARD,CENTRAL_MIDFIELDER,29,1997-01-13,13,908,4,1,0,1,0,Liverpool FC,LIV,https://img.uefa.com/imgml/TP/teams/logos/240x240/7889.png,250132811,https://img.uefa.com/imgml/TP/players/1/2022/324x324/250132811.jpg,2021-22
Arnaut Danjuma,Netherlands,MIDFIELDER,STRIKER,29,1997-01-31,11,906,6,2,1,0,0,Villarreal CF,VIL,https://img.uefa.com/imgml/TP/teams/logos/240x240/70691.png,250088104,https://img.uefa.com/imgml/TP/players/1/2022/324x324/250088104.jpg,2021-22
Toni Kroos,Germany,MIDFIELDER,CENTRAL_MIDFIELDER,36,1990-01-04,12,902,2,0,0,0,0,Real Madrid C.F.,RMA,https://img.uefa.com/imgml/TP/teams/logos/240x240/50051.png,103147,https://img.uefa.com/imgml/TP/players/1/2022/324x324/103147.jpg,2021-22
Jan Vertonghen,Belgium,DEFENDER,CENTRE_BACK,39,1987-04-24,10,900,0,1,0,0,0,SL Benfica,BEN,https://img.uefa.com/imgml/TP/teams/logos/240x240/50147.png,103704,https://img.uefa.com/imgml/TP/players/1/2022/324x324/103704.jpg,2021-22
Odysseas Vlachodimos,Greece,GOALKEEPER,GOALKEEPER,32,1994-04-26,10,900,0,0,0,1,0,SL Benfica,BEN,https://img.uefa.com/imgml/TP/teams/logos/240x240/50147.png,250023938,https://img.uefa.com/imgml/TP/players/1/2022/324x324/250023938.jpg,2021-22
Jan Oblak,Slovenia,GOALKEEPER,GOALKEEPER,33,1993-01-07,10,900,0,0,0,0,0,Atlético de Madrid,ATM,https://img.uefa.com/imgml/TP/teams/logos/240x240/50124.png,250012069,https://img.uefa.com/imgml/TP/players/1/2022/324x324/250012069.jpg,2021-22
Juan Foyth,Argentina,DEFENDER,CENTRE_BACK,28,1998-01-12,10,891,0,0,0,1,0,Villarreal CF,VIL,https://img.uefa.com/imgml/TP/teams/logos/240x240/70691.png,250147278,https://img.uefa.com/imgml/TP/players/1/2022/324x324/250147278.jpg,2021-22
Bernardo Silva,Portugal,MIDFIELDER,ATTACKING_MIDFIELDER,31,1994-08-10,11,878,3,3,0,0,0,Manchester City,MCI,https://img.uefa.com/imgml/TP/teams/logos/240x240/52919.png,250059115,https://img.uefa.com/imgml/TP/players/1/2022/324x324/250059115.jpg,2021-22
Robert Lewandowski,Poland,FORWARD,STRIKER,37,1988-08-21,10,876,13,3,3,1,0,FC Bayern München,BAY,https://img.uefa.com/imgml/TP/teams/logos/240x240/50037.png,250002096,https://img.uefa.com/imgml/TP/players/1/2022/324x324/250002096.jpg,2021-22
Ferland Mendy,France,DEFENDER,FULL_BACK,30,1995-06-08,10,867,0,2,0,3,0,Real Madrid C.F.,RMA,https://img.uefa.com/imgml/TP/teams/logos/240x240/50051.png,250112803,https://img.uefa.com/imgml/TP/players/1/2022/324x324/250112803.jpg,2021-22
Alejandro Grimaldo,Spain,DEFENDER,FULL_BACK,30,1995-09-20,10,863,0,3,0,2,0,SL Benfica,BEN,https://img.uefa.com/imgml/TP/teams/logos/240x240/50147.png,250042422,https://img.uefa.com/imgml/TP/players/1/2022/324x324/250042422.jpg,2021-22
Fabinho,Brazil,MIDFIELDER,UNKNOWN,32,1993-10-23,13,849,1,0,0,1,0,Liverpool FC,LIV,https://img.uefa.com/imgml/TP/teams/logos/240x240/7889.png,250053907,https://img.uefa.com/imgml/TP/players/1/2022/324x324/250053907.jpg,2021-22
Rodri,Spain,MIDFIELDER,DEFENSIVE_MIDFIELDER,29,1996-06-22,10,842,0,0,0,2,0,Manchester City,MCI,https://img.uefa.com/imgml/TP/teams/logos/240x240/52919.png,250082664,https://img.uefa.com/imgml/TP/players/1/2022/324x324/250082664.jpg,2021-22
João Cancelo,Portugal,DEFENDER,FULL_BACK,32,1994-05-27,9,840,2,3,0,3,0,Manchester City,MCI,https://img.uefa.com/imgml/TP/teams/logos/240x240/52919.png,250024746,https://img.uefa.com/imgml/TP/players/1/2022/324x324/250024746.jpg,2021-22
Antonio Rüdiger,Germany,DEFENDER,CENTRE_BACK,33,1993-03-03,9,840,1,0,0,2,0,Chelsea FC,CHE,https://img.uefa.com/imgml/TP/teams/logos/240x240/52914.png,250028211,https://img.uefa.com/imgml/TP/players/1/2022/324x324/250028211.jpg,2021-22
Edouard Mendy,Senegal,GOALKEEPER,GOALKEEPER,34,1992-03-01,9,840,0,0,0,0,0,Chelsea FC,CHE,https://img.uefa.com/imgml/TP/teams/logos/240x240/52914.png,250134380,https://img.uefa.com/imgml/TP/players/1/2022/324x324/250134380.jpg,2021-22
Andy Robertson,Scotland,DEFENDER,UNKNOWN,32,1994-03-11,10,826,0,2,0,1,0,Liverpool FC,LIV,https://img.uefa.com/imgml/TP/teams/logos/240x240/7889.png,250066157,https://img.uefa.com/imgml/TP/players/1/2022/324x324/250066157.jpg,2021-22
Sadio Mané,Senegal,FORWARD,STRIKER,34,1992-04-10,13,822,5,1,0,2,0,Liverpool FC,LIV,https://img.uefa.com/imgml/TP/teams/logos/240x240/7889.png,250061119,https://img.uefa.com/imgml/TP/players/1/2022/324x324/250061119.jpg,2021-22
Reinildo,Mozambique,DEFENDER,FULL_BACK,32,1994-01-21,10,816,0,0,0,2,0,Atlético de Madrid,ATM,https://img.uefa.com/imgml/TP/teams/logos/240x240/50124.png,250132831,https://img.uefa.com/imgml/TP/players/1/2022/324x324/250132831.jpg,2021-22
Virgil van Dijk,Netherlands,DEFENDER,CENTRE_BACK,34,1991-07-08,9,810,0,1,0,1,0,Liverpool FC,LIV,https://img.uefa.com/imgml/TP/teams/logos/240x240/7889.png,50327420,https://img.uefa.com/imgml/TP/players/1/2022/324x324/50327420.jpg,2021-22
Manuel Neuer,Germany,GOALKEEPER,GOALKEEPER,40,1986-03-27,9,810,0,1,0,0,0,FC Bayern München,BAY,https://img.uefa.com/imgml/TP/teams/logos/240x240/50037.png,97923,https://img.uefa.com/imgml/TP/players/1/2022/324x324/97923.jpg,2021-22
Julian Weigl,Germany,MIDFIELDER,DEFENSIVE_MIDFIELDER,30,1995-09-08,9,810,0,0,0,2,0,SL Benfica,BEN,https://img.uefa.com/imgml/TP/teams/logos/240x240/50147.png,250070415,https://img.uefa.com/imgml/TP/players/1/2022/324x324/250070415.jpg,2021-22
Nicolás Otamendi,Argentina,DEFENDER,UNKNOWN,38,1988-02-12,9,810,0,0,0,2,0,SL Benfica,BEN,https://img.uefa.com/imgml/TP/teams/logos/240x240/50147.png,250017040,https://img.uefa.com/imgml/TP/players/1/2022/324x324/250017040.jpg,2021-22
Federico Valverde,Uruguay,MIDFIELDER,UNKNOWN,27,1998-07-22,11,804,0,1,0,2,0,Real Madrid C.F.,RMA,https://img.uefa.com/imgml/TP/teams/logos/240x240/50051.png,250101284,https://img.uefa.com/imgml/TP/players/1/2022/324x324/250101284.jpg,2021-22
Leroy Sané,Germany,MIDFIELDER,WINGER,30,1996-01-11,10,798,6,6,0,0,0,FC Bayern München,BAY,https://img.uefa.com/imgml/TP/teams/logos/240x240/50037.png,250063984,https://img.uefa.com/imgml/TP/players/1/2022/324x324/250063984.jpg,2021-22
Trent Alexander-Arnold,England,DEFENDER,UNKNOWN,27,1998-10-07,9,794,0,4,0,2,0,Liverpool FC,LIV,https://img.uefa.com/imgml/TP/teams/logos/240x240/7889.png,250076357,https://img.uefa.com/imgml/TP/players/1/2022/324x324/250076357.jpg,2021-22
Aymeric Laporte,Spain,DEFENDER,CENTRE_BACK,32,1994-05-27,9,794,0,0,0,2,0,Manchester City,MCI,https://img.uefa.com/imgml/TP/teams/logos/240x240/52919.png,250027046,https://img.uefa.com/imgml/TP/players/1/2022/324x324/250027046.jpg,2021-22
Thomas Müller,Germany,FORWARD,WINGER,36,1989-09-13,10,778,4,3,0,0,0,FC Bayern München,BAY,https://img.uefa.com/imgml/TP/teams/logos/240x240/50037.png,250003318,https://img.uefa.com/imgml/TP/players/1/2022/324x324/250003318.jpg,2021-22
Benjamin Pavard,France,DEFENDER,UNKNOWN,30,1996-03-28,10,764,0,1,0,0,0,FC Bayern München,BAY,https://img.uefa.com/imgml/TP/teams/logos/240x240/50037.png,250081921,https://img.uefa.com/imgml/TP/players/1/2022/324x324/250081921.jpg,2021-22
Thiago Silva,Brazil,DEFENDER,CENTRE_BACK,41,1984-09-22,9,757,0,1,0,1,0,Chelsea FC,CHE,https://img.uefa.com/imgml/TP/teams/logos/240x240/52914.png,250011954,https://img.uefa.com/imgml/TP/players/1/2022/324x324/250011954.jpg,2021-22
Kevin De Bruyne,Belgium,MIDFIELDER,ATTACKING_MIDFIELDER,34,1991-06-28,10,734,2,4,0,2,0,Manchester City,MCI,https://img.uefa.com/imgml/TP/teams/logos/240x240/52919.png,250008901,https://img.uefa.com/imgml/TP/players/1/2022/324x324/250008901.jpg,2021-22
Ibrahima Konaté,France,DEFENDER,CENTRE_BACK,27,1999-05-25,8,720,2,0,0,1,0,Liverpool FC,LIV,https://img.uefa.com/imgml/TP/teams/logos/240x240/7889.png,250091013,https://img.uefa.com/imgml/TP/players/1/2022/324x324/250091013.jpg,2021-22
Milan Škriniar,Slovakia,DEFENDER,CENTRE_BACK,31,1995-02-11,8,720,1,0,0,1,0,FC Internazionale Milano,INT,https://img.uefa.com/imgml/TP/teams/logos/240x240/50138.png,250041563,https://img.uefa.com/imgml/TP/players/1/2022/324x324/250041563.jpg,2021-22
Lisandro Martínez,Argentina,DEFENDER,CENTRE_BACK,28,1998-01-18,8,720,0,1,0,1,0,AFC Ajax,AJX,https://img.uefa.com/imgml/TP/teams/logos/240x240/50143.png,250132803,https://img.uefa.com/imgml/TP/players/1/2022/324x324/250132803.jpg,2021-22
Rasmus Kristensen,Denmark,DEFENDER,FULL_BACK,28,1997-07-11,8,720,0,1,0,1,0,FC Salzburg,SAL,https://img.uefa.com/imgml/TP/teams/logos/240x240/50030.png,250074850,https://img.uefa.com/imgml/TP/players/1/2022/324x324/250074850.jpg,2021-22
Marquinhos,Brazil,DEFENDER,CENTRE_BACK,32,1994-05-14,8,720,0,1,0,0,0,Paris Saint-Germain,PSG,https://img.uefa.com/imgml/TP/teams/logos/240x240/52747.png,250064064,https://img.uefa.com/imgml/TP/players/1/2022/324x324/250064064.jpg,2021-22
José Fonte,Portugal,DEFENDER,CENTRE_BACK,42,1983-12-22,8,720,0,0,0,3,0,LOSC Lille,LIL,https://img.uefa.com/imgml/TP/teams/logos/240x240/75797.png,101788,https://img.uefa.com/imgml/TP/players/1/2022/324x324/101788.jpg,2021-22
Philipp Köhn,Switzerland,GOALKEEPER,GOALKEEPER,28,1998-04-02,8,720,0,0,0,1,0,FC Salzburg,SAL,https://img.uefa.com/imgml/TP/teams/logos/240x240/50030.png,250090955,https://img.uefa.com/imgml/TP/players/1/2022/324x324/250090955.jpg,2021-22
Samir Handanovič,Slovenia,GOALKEEPER,GOALKEEPER,41,1984-07-14,8,720,0,0,0,0,0,FC Internazionale Milano,INT,https://img.uefa.com/imgml/TP/teams/logos/240x240/50138.png,68842,https://img.uefa.com/imgml/TP/players/1/2022/324x324/68842.jpg,2021-22
Achraf Hakimi,Morocco,DEFENDER,WINGER,27,1998-11-04,8,718,0,0,0,2,0,Paris Saint-Germain,PSG,https://img.uefa.com/imgml/TP/teams/logos/240x240/52747.png,250088061,https://img.uefa.com/imgml/TP/players/1/2022/324x324/250088061.jpg,2021-22
Andreas Ulmer,Austria,DEFENDER,FULL_BACK,40,1985-10-30,8,716,0,0,0,2,0,FC Salzburg,SAL,https://img.uefa.com/imgml/TP/teams/logos/240x240/50030.png,101177,https://img.uefa.com/imgml/TP/players/1/2022/324x324/101177.jpg,2021-22
Gilberto,Brazil,DEFENDER,FULL_BACK,33,1993-03-07,9,715,1,0,0,1,0,SL Benfica,BEN,https://img.uefa.com/imgml/TP/teams/logos/240x240/50147.png,250086713,https://img.uefa.com/imgml/TP/players/1/2022/324x324/250086713.jpg,2021-22
Brenden Aaronson,USA,MIDFIELDER,WINGER,25,2000-10-22,8,715,0,2,0,0,0,FC Salzburg,SAL,https://img.uefa.com/imgml/TP/teams/logos/240x240/50030.png,250153214,https://img.uefa.com/imgml/TP/players/1/2022/324x324/250153214.jpg,2021-22
Rafa Silva,Portugal,MIDFIELDER,STRIKER,33,1993-05-17,9,704,1,1,0,2,0,SL Benfica,BEN,https://img.uefa.com/imgml/TP/teams/logos/240x240/50147.png,250063447,https://img.uefa.com/imgml/TP/players/1/2022/324x324/250063447.jpg,2021-22
Ryan Gravenberch,Netherlands,MIDFIELDER,CENTRAL_MIDFIELDER,24,2002-05-16,8,703,0,1,0,1,0,AFC Ajax,AJX,https://img.uefa.com/imgml/TP/teams/logos/240x240/50143.png,250113001,https://img.uefa.com/imgml/TP/players/1/2022/324x324/250113001.jpg,2021-22
Joshua Kimmich,Germany,MIDFIELDER,CENTRE_BACK,31,1995-02-08,8,702,0,0,0,1,0,FC Bayern München,BAY,https://img.uefa.com/imgml/TP/teams/logos/240x240/50037.png,250070417,https://img.uefa.com/imgml/TP/players/1/2022/324x324/250070417.jpg,2021-22
Marcos Llorente,Spain,MIDFIELDER,UNKNOWN,31,1995-01-30,9,700,0,0,0,3,0,Atlético de Madrid,ATM,https://img.uefa.com/imgml/TP/teams/logos/240x240/50124.png,250079670,https://img.uefa.com/imgml/TP/players/1/2022/324x324/250079670.jpg,2021-22
César Azpilicueta,Spain,DEFENDER,FULL_BACK,36,1989-08-28,9,679,1,1,0,1,0,Chelsea FC,CHE,https://img.uefa.com/imgml/TP/teams/logos/240x240/52914.png,103827,https://img.uefa.com/imgml/TP/players/1/2022/324x324/103827.jpg,2021-22
Jonathan David,Canada,FORWARD,ATTACKING_MIDFIELDER,26,2000-01-14,8,679,3,0,1,0,0,LOSC Lille,LIL,https://img.uefa.com/imgml/TP/teams/logos/240x240/75797.png,250102035,https://img.uefa.com/imgml/TP/players/1/2022/324x324/250102035.jpg,2021-22
Kylian Mbappé,France,FORWARD,STRIKER,27,1998-12-20,8,673,6,4,0,1,0,Paris Saint-Germain,PSG,https://img.uefa.com/imgml/TP/teams/logos/240x240/52747.png,250076574,https://img.uefa.com/imgml/TP/players/1/2022/324x324/250076574.jpg,2021-22
Kai Havertz,Germany,MIDFIELDER,STRIKER,26,1999-06-11,9,672,3,0,0,1,0,Chelsea FC,CHE,https://img.uefa.com/imgml/TP/teams/logos/240x240/52914.png,250087938,https://img.uefa.com/imgml/TP/players/1/2022/324x324/250087938.jpg,2021-22
Mohamed Camara,Mali,MIDFIELDER,CENTRAL_MIDFIELDER,26,2000-01-06,8,672,0,0,0,2,0,FC Salzburg,SAL,https://img.uefa.com/imgml/TP/teams/logos/240x240/50030.png,250117375,https://img.uefa.com/imgml/TP/players/1/2022/324x324/250117375.jpg,2021-22
Sébastien Haller,Ivory Coast,FORWARD,STRIKER,31,1994-06-22,8,668,11,1,1,1,0,AFC Ajax,AJX,https://img.uefa.com/imgml/TP/teams/logos/240x240/50143.png,250027043,https://img.uefa.com/imgml/TP/players/1/2022/324x324/250027043.jpg,2021-22
Jordan Henderson,England,MIDFIELDER,CENTRAL_MIDFIELDER,35,1990-06-17,12,666,1,2,0,0,0,Liverpool FC,LIV,https://img.uefa.com/imgml/TP/teams/logos/240x240/7889.png,250010260,https://img.uefa.com/imgml/TP/players/1/2022/324x324/250010260.jpg,2021-22
Alessandro Bastoni,Italy,DEFENDER,CENTRE_BACK,27,1999-04-13,8,666,0,0,0,2,0,FC Internazionale Milano,INT,https://img.uefa.com/imgml/TP/teams/logos/240x240/50138.png,250091199,https://img.uefa.com/imgml/TP/players/1/2022/324x324/250091199.jpg,2021-22
Koke,Spain,MIDFIELDER,CENTRAL_MIDFIELDER,34,1992-01-08,9,665,0,1,0,1,0,Atlético de Madrid,ATM,https://img.uefa.com/imgml/TP/teams/logos/240x240/50124.png,1909917,https://img.uefa.com/imgml/TP/players/1/2022/324x324/1909917.jpg,2021-22
Rúben Dias,Portugal,DEFENDER,CENTRE_BACK,29,1997-05-14,8,664,0,0,0,0,0,Manchester City,MCI,https://img.uefa.com/imgml/TP/teams/logos/240x240/52919.png,250058220,https://img.uefa.com/imgml/TP/players/1/2022/324x324/250058220.jpg,2021-22
Noussair Mazraoui,Morocco,DEFENDER,FULL_BACK,28,1997-11-14,8,661,0,2,0,1,0,AFC Ajax,AJX,https://img.uefa.com/imgml/TP/teams/logos/240x240/50143.png,250075995,https://img.uefa.com/imgml/TP/players/1/2022/324x324/250075995.jpg,2021-22
İlkay Gündoğan,Germany,MIDFIELDER,CENTRAL_MIDFIELDER,35,1990-10-24,10,660,0,2,0,1,0,Manchester City,MCI,https://img.uefa.com/imgml/TP/teams/logos/240x240/52919.png,250005335,https://img.uefa.com/imgml/TP/players/1/2022/324x324/250005335.jpg,2021-22
Dayot Upamecano,France,DEFENDER,CENTRE_BACK,27,1998-10-27,8,660,0,0,0,3,0,FC Bayern München,BAY,https://img.uefa.com/imgml/TP/teams/logos/240x240/50037.png,250079545,https://img.uefa.com/imgml/TP/players/1/2022/324x324/250079545.jpg,2021-22
Phil Foden,England,MIDFIELDER,UNKNOWN,26,2000-05-28,11,658,3,2,0,1,0,Manchester City,MCI,https://img.uefa.com/imgml/TP/teams/logos/240x240/52919.png,250101534,https://img.uefa.com/imgml/TP/players/1/2022/324x324/250101534.jpg,2021-22
Nicolas Seiwald,Austria,MIDFIELDER,UNKNOWN,25,2001-05-04,8,649,0,1,0,2,0,FC Salzburg,SAL,https://img.uefa.com/imgml/TP/teams/logos/240x240/50030.png,250114167,https://img.uefa.com/imgml/TP/players/1/2022/324x324/250114167.jpg,2021-22
Pervis Estupiñán,Ecuador,DEFENDER,FULL_BACK,28,1998-01-21,10,645,0,0,0,2,0,Villarreal CF,VIL,https://img.uefa.com/imgml/TP/teams/logos/240x240/70691.png,250147277,https://img.uefa.com/imgml/TP/players/1/2022/324x324/250147277.jpg,2021-22
John Stones,England,DEFENDER,CENTRE_BACK,32,1994-05-28,8,637,0,0,0,1,0,Manchester City,MCI,https://img.uefa.com/imgml/TP/teams/logos/240x240/52919.png,250064233,https://img.uefa.com/imgml/TP/players/1/2022/324x324/250064233.jpg,2021-22
Marcelo Brozović,Croatia,MIDFIELDER,DEFENSIVE_MIDFIELDER,33,1992-11-16,8,635,1,0,0,0,0,FC Internazionale Milano,INT,https://img.uefa.com/imgml/TP/teams/logos/240x240/50138.png,250040564,https://img.uefa.com/imgml/TP/players/1/2022/324x324/250040564.jpg,2021-22
Kingsley Coman,France,FORWARD,WINGER,29,1996-06-13,9,632,2,3,0,1,0,FC Bayern München,BAY,https://img.uefa.com/imgml/TP/teams/logos/240x240/50037.png,250054949,https://img.uefa.com/imgml/TP/players/1/2022/324x324/250054949.jpg,2021-22
Lionel Messi,Argentina,FORWARD,UNKNOWN,38,1987-06-24,7,630,5,0,2,1,0,Paris Saint-Germain,PSG,https://img.uefa.com/imgml/TP/teams/logos/240x240/52747.png,95803,https://img.uefa.com/imgml/TP/players/1/2022/324x324/95803.jpg,2021-22
Dušan Tadić,Serbia,FORWARD,STRIKER,37,1988-11-20,7,630,2,2,0,0,0,AFC Ajax,AJX,https://img.uefa.com/imgml/TP/teams/logos/240x240/50143.png,1902464,https://img.uefa.com/imgml/TP/players/1/2022/324x324/1902464.jpg,2021-22
Presnel Kimpembe,France,DEFENDER,UNKNOWN,30,1995-08-13,7,630,0,0,0,3,0,Paris Saint-Germain,PSG,https://img.uefa.com/imgml/TP/teams/logos/240x240/52747.png,250064583,https://img.uefa.com/imgml/TP/players/1/2022/324x324/250064583.jpg,2021-22
Benjamin André,France,MIDFIELDER,CENTRAL_MIDFIELDER,35,1990-08-03,7,630,0,0,0,3,0,LOSC Lille,LIL,https://img.uefa.com/imgml/TP/teams/logos/240x240/75797.png,250025791,https://img.uefa.com/imgml/TP/players/1/2022/324x324/250025791.jpg,2021-22
Antonio Adán,Spain,GOALKEEPER,UNKNOWN,39,1987-05-13,7,630,0,0,0,1,0,Sporting Clube de Portugal,SPO,https://img.uefa.com/imgml/TP/teams/logos/240x240/50149.png,69543,https://img.uefa.com/imgml/TP/players/1/2022/324x324/69543.jpg,2021-22
Joël Matip,Cameroon,DEFENDER,UNKNOWN,34,1991-08-08,7,630,0,0,0,1,0,Liverpool FC,LIV,https://img.uefa.com/imgml/TP/teams/logos/240x240/7889.png,250018116,https://img.uefa.com/imgml/TP/players/1/2022/324x324/250018116.jpg,2021-22
David de Gea,Spain,GOALKEEPER,GOALKEEPER,35,1990-11-07,7,630,0,0,0,0,0,Manchester United,MUN,https://img.uefa.com/imgml/TP/teams/logos/240x240/52682.png,1901746,https://img.uefa.com/imgml/TP/players/1/2022/324x324/1901746.jpg,2021-22
Wojciech Szczęsny,Poland,GOALKEEPER,GOALKEEPER,36,1990-04-18,7,630,0,0,0,0,0,Juventus,JUV,https://img.uefa.com/imgml/TP/teams/logos/240x240/50139.png,108501,https://img.uefa.com/imgml/TP/players/1/2022/324x324/108501.jpg,2021-22
Steven Berghuis,Netherlands,FORWARD,WINGER,34,1991-12-19,8,628,3,1,0,1,0,AFC Ajax,AJX,https://img.uefa.com/imgml/TP/teams/logos/240x240/50143.png,250014668,https://img.uefa.com/imgml/TP/players/1/2022/324x324/250014668.jpg,2021-22
Matthijs de Ligt,Netherlands,DEFENDER,CENTRE_BACK,26,1999-08-12,7,627,0,0,0,2,0,Juventus,JUV,https://img.uefa.com/imgml/TP/teams/logos/240x240/50139.png,50327424,https://img.uefa.com/imgml/TP/players/1/2022/324x324/50327424.jpg,2021-22
Darwin Núñez,Uruguay,FORWARD,STRIKER,26,1999-06-24,10,613,6,0,1,1,0,SL Benfica,BEN,https://img.uefa.com/imgml/TP/teams/logos/240x240/50147.png,250144965,https://img.uefa.com/imgml/TP/players/1/2022/324x324/250144965.jpg,2021-22
Matheus Reis,Brazil,DEFENDER,UNKNOWN,31,1995-02-18,8,611,0,0,0,0,0,Sporting Clube de Portugal,SPO,https://img.uefa.com/imgml/TP/teams/logos/240x240/50149.png,250121330,https://img.uefa.com/imgml/TP/players/1/2022/324x324/250121330.jpg,2021-22
Cristiano Ronaldo,Portugal,FORWARD,STRIKER,41,1985-02-05,7,611,6,0,0,1,0,Manchester United,MUN,https://img.uefa.com/imgml/TP/teams/logos/240x240/52682.png,63706,https://img.uefa.com/imgml/TP/players/1/2022/324x324/63706.jpg,2021-22
Karim Adeyemi,Germany,FORWARD,STRIKER,24,2002-01-18,8,607,3,1,2,2,0,FC Salzburg,SAL,https://img.uefa.com/imgml/TP/teams/logos/240x240/50030.png,250127347,https://img.uefa.com/imgml/TP/players/1/2022/324x324/250127347.jpg,2021-22
Thiago Alcántara,Spain,MIDFIELDER,CENTRAL_MIDFIELDER,35,1991-04-11,10,604,1,0,0,1,0,Liverpool FC,LIV,https://img.uefa.com/imgml/TP/teams/logos/240x240/7889.png,1906776,https://img.uefa.com/imgml/TP/players/1/2022/324x324/1906776.jpg,2021-22
Andreas  Christensen,Denmark,DEFENDER,CENTRE_BACK,30,1996-04-10,8,603,1,1,0,0,0,Chelsea FC,CHE,https://img.uefa.com/imgml/TP/teams/logos/240x240/52914.png,250041718,https://img.uefa.com/imgml/TP/players/1/2022/324x324/250041718.jpg,2021-22
Zeki Çelik,Türkiye,DEFENDER,FULL_BACK,29,1997-02-17,7,591,0,1,0,1,0,LOSC Lille,LIL,https://img.uefa.com/imgml/TP/teams/logos/240x240/75797.png,250067420,https://img.uefa.com/imgml/TP/players/1/2022/324x324/250067420.jpg,2021-22
Lautaro Martínez,Argentina,FORWARD,STRIKER,28,1997-08-22,8,587,1,0,0,1,0,FC Internazionale Milano,INT,https://img.uefa.com/imgml/TP/teams/logos/240x240/50138.png,250118281,https://img.uefa.com/imgml/TP/players/1/2022/324x324/250118281.jpg,2021-22
José María Giménez,Uruguay,DEFENDER,CENTRE_BACK,31,1995-01-20,7,585,0,0,0,1,0,Atlético de Madrid,ATM,https://img.uefa.com/imgml/TP/teams/logos/240x240/50124.png,250063505,https://img.uefa.com/imgml/TP/players/1/2022/324x324/250063505.jpg,2021-22
Paulinho,Portugal,FORWARD,STRIKER,33,1992-11-09,8,582,3,1,0,2,0,Sporting Clube de Portugal,SPO,https://img.uefa.com/imgml/TP/teams/logos/240x240/50149.png,250111288,https://img.uefa.com/imgml/TP/players/1/2022/324x324/250111288.jpg,2021-22
Raheem Sterling,England,MIDFIELDER,WINGER,31,1994-12-08,12,581,3,2,0,1,0,Manchester City,MCI,https://img.uefa.com/imgml/TP/teams/logos/240x240/52919.png,250024795,https://img.uefa.com/imgml/TP/players/1/2022/324x324/250024795.jpg,2021-22
Nuno Mendes,Portugal,DEFENDER,FULL_BACK,23,2002-06-19,8,581,0,0,0,1,0,Paris Saint-Germain,PSG,https://img.uefa.com/imgml/TP/teams/logos/240x240/52747.png,250136465,https://img.uefa.com/imgml/TP/players/1/2022/324x324/250136465.jpg,2021-22
Leonardo Bonucci,Italy,DEFENDER,CENTRE_BACK,39,1987-05-01,7,580,0,0,0,0,0,Juventus,JUV,https://img.uefa.com/imgml/TP/teams/logos/240x240/50139.png,250017925,https://img.uefa.com/imgml/TP/players/1/2022/324x324/250017925.jpg,2021-22
Diogo Jota,Portugal,FORWARD,STRIKER,29,1996-12-04,11,578,1,1,0,2,0,Liverpool FC,LIV,https://img.uefa.com/imgml/TP/teams/logos/240x240/7889.png,250080471,https://img.uefa.com/imgml/TP/players/1/2022/324x324/250080471.jpg,2021-22
Geoffrey Kondogbia,Central African Republic,MIDFIELDER,DEFENSIVE_MIDFIELDER,33,1993-02-15,9,578,0,0,0,2,0,Atlético de Madrid,ATM,https://img.uefa.com/imgml/TP/teams/logos/240x240/50124.png,250014009,https://img.uefa.com/imgml/TP/players/1/2022/324x324/250014009.jpg,2021-22
Rodrigo De Paul,Argentina,MIDFIELDER,UNKNOWN,32,1994-05-24,9,577,1,0,0,2,0,Atlético de Madrid,ATM,https://img.uefa.com/imgml/TP/teams/logos/240x240/50124.png,250086037,https://img.uefa.com/imgml/TP/players/1/2022/324x324/250086037.jpg,2021-22
Antony,Brazil,FORWARD,WINGER,26,2000-02-24,7,577,2,5,0,1,0,AFC Ajax,AJX,https://img.uefa.com/imgml/TP/teams/logos/240x240/50143.png,250144211,https://img.uefa.com/imgml/TP/players/1/2022/324x324/250144211.jpg,2021-22
Kyle Walker,England,DEFENDER,FULL_BACK,36,1990-05-28,7,577,1,0,0,0,1,Manchester City,MCI,https://img.uefa.com/imgml/TP/teams/logos/240x240/52919.png,250010259,https://img.uefa.com/imgml/TP/players/1/2022/324x324/250010259.jpg,2021-22
Nacho,Spain,DEFENDER,CENTRE_BACK,36,1990-01-18,9,574,0,0,0,2,0,Real Madrid C.F.,RMA,https://img.uefa.com/imgml/TP/teams/logos/240x240/50051.png,1900122,https://img.uefa.com/imgml/TP/players/1/2022/324x324/1900122.jpg,2021-22
João Félix,Portugal,FORWARD,STRIKER,26,1999-11-10,8,573,1,1,0,2,0,Atlético de Madrid,ATM,https://img.uefa.com/imgml/TP/teams/logos/240x240/50124.png,250101463,https://img.uefa.com/imgml/TP/players/1/2022/324x324/250101463.jpg,2021-22
Maximilian Wöber,Austria,DEFENDER,CENTRE_BACK,28,1998-02-04,7,573,1,0,0,0,0,FC Salzburg,SAL,https://img.uefa.com/imgml/TP/teams/logos/240x240/50030.png,250081701,https://img.uefa.com/imgml/TP/players/1/2022/324x324/250081701.jpg,2021-22
Daley Blind,Netherlands,DEFENDER,CENTRE_BACK,36,1990-03-09,8,572,1,1,0,1,0,AFC Ajax,AJX,https://img.uefa.com/imgml/TP/teams/logos/240x240/50143.png,108908,https://img.uefa.com/imgml/TP/players/1/2022/324x324/108908.jpg,2021-22
Lucas Hernández,France,DEFENDER,CENTRE_BACK,30,1996-02-14,8,572,0,0,0,2,0,FC Bayern München,BAY,https://img.uefa.com/imgml/TP/teams/logos/240x240/50037.png,250063803,https://img.uefa.com/imgml/TP/players/1/2022/324x324/250063803.jpg,2021-22
Jurriën Timber,Netherlands,DEFENDER,FULL_BACK,24,2001-06-17,8,570,0,0,0,3,0,AFC Ajax,AJX,https://img.uefa.com/imgml/TP/teams/logos/240x240/50143.png,250101728,https://img.uefa.com/imgml/TP/players/1/2022/324x324/250101728.jpg,2021-22
Jorginho,Italy,MIDFIELDER,CENTRAL_MIDFIELDER,34,1991-12-20,8,561,2,2,2,0,0,Chelsea FC,CHE,https://img.uefa.com/imgml/TP/teams/logos/240x240/52914.png,250067749,https://img.uefa.com/imgml/TP/players/1/2022/324x324/250067749.jpg,2021-22
Gonçalo Inácio,Portugal,DEFENDER,CENTRE_BACK,24,2001-08-25,7,561,0,1,0,1,0,Sporting Clube de Portugal,SPO,https://img.uefa.com/imgml/TP/teams/logos/240x240/50149.png,250136464,https://img.uefa.com/imgml/TP/players/1/2022/324x324/250136464.jpg,2021-22
Edson Álvarez,Mexico,MIDFIELDER,CENTRE_BACK,28,1997-10-24,7,558,0,0,0,4,0,AFC Ajax,AJX,https://img.uefa.com/imgml/TP/teams/logos/240x240/50143.png,250090656,https://img.uefa.com/imgml/TP/players/1/2022/324x324/250090656.jpg,2021-22
Alex Sandro,Brazil,DEFENDER,UNKNOWN,35,1991-01-26,7,553,1,0,0,0,0,Juventus,JUV,https://img.uefa.com/imgml/TP/teams/logos/240x240/50139.png,250039930,https://img.uefa.com/imgml/TP/players/1/2022/324x324/250039930.jpg,2021-22
Marcos Alonso,Spain,DEFENDER,FULL_BACK,35,1990-12-28,8,548,0,0,0,1,0,Chelsea FC,CHE,https://img.uefa.com/imgml/TP/teams/logos/240x240/52914.png,250008348,https://img.uefa.com/imgml/TP/players/1/2022/324x324/250008348.jpg,2021-22
Everton,Brazil,FORWARD,WINGER,30,1996-03-22,9,543,0,0,0,0,0,SL Benfica,BEN,https://img.uefa.com/imgml/TP/teams/logos/240x240/50147.png,250129537,https://img.uefa.com/imgml/TP/players/1/2022/324x324/250129537.jpg,2021-22
Edin Džeko,Bosnia and Herzegovina,FORWARD,STRIKER,40,1986-03-17,7,541,3,1,0,0,0,FC Internazionale Milano,INT,https://img.uefa.com/imgml/TP/teams/logos/240x240/50138.png,72048,https://img.uefa.com/imgml/TP/players/1/2022/324x324/72048.jpg,2021-22
Hans Vanaken,Belgium,MIDFIELDER,ATTACKING_MIDFIELDER,33,1992-08-24,6,540,3,1,0,0,0,Club Brugge KV,BRU,https://img.uefa.com/imgml/TP/teams/logos/240x240/50043.png,250064188,https://img.uefa.com/imgml/TP/players/1/2022/324x324/250064188.jpg,2021-22
Sébastien Thill,Luxembourg,MIDFIELDER,UNKNOWN,32,1993-12-29,6,540,2,1,0,1,0,FC Sheriff Tiraspol,SHE,https://img.uefa.com/imgml/TP/teams/logos/240x240/69606.png,250083558,https://img.uefa.com/imgml/TP/players/1/2022/324x324/250083558.jpg,2021-22
Sebastián Coates,Uruguay,DEFENDER,CENTRE_BACK,35,1990-10-07,6,540,2,0,0,1,0,Sporting Clube de Portugal,SPO,https://img.uefa.com/imgml/TP/teams/logos/240x240/50149.png,250016979,https://img.uefa.com/imgml/TP/players/1/2022/324x324/250016979.jpg,2021-22
Maximilian Arnold,Germany,MIDFIELDER,DEFENSIVE_MIDFIELDER,32,1994-05-27,6,540,0,3,0,3,0,VfL Wolfsburg,WOB,https://img.uefa.com/imgml/TP/teams/logos/240x240/64332.png,250024713,https://img.uefa.com/imgml/TP/players/1/2022/324x324/250024713.jpg,2021-22
Cristiano,Brazil,DEFENDER,FULL_BACK,32,1993-08-29,6,540,0,3,0,1,0,FC Sheriff Tiraspol,SHE,https://img.uefa.com/imgml/TP/teams/logos/240x240/69606.png,250110437,https://img.uefa.com/imgml/TP/players/1/2022/324x324/250110437.jpg,2021-22
Gustavo Dulanto,Peru,DEFENDER,UNKNOWN,31,1995-05-09,6,540,0,0,0,3,0,FC Sheriff Tiraspol,SHE,https://img.uefa.com/imgml/TP/teams/logos/240x240/69606.png,250157099,https://img.uefa.com/imgml/TP/players/1/2022/324x324/250157099.jpg,2021-22
Fernando Costanza,Italy,DEFENDER,UNKNOWN,27,1998-11-29,6,540,0,0,0,2,0,FC Sheriff Tiraspol,SHE,https://img.uefa.com/imgml/TP/teams/logos/240x240/69606.png,250157098,https://img.uefa.com/imgml/TP/players/1/2022/324x324/250157098.jpg,2021-22
Maxence Lacroix,France,DEFENDER,UNKNOWN,26,2000-04-06,6,540,0,0,0,2,0,VfL Wolfsburg,WOB,https://img.uefa.com/imgml/TP/teams/logos/240x240/64332.png,250108290,https://img.uefa.com/imgml/TP/players/1/2022/324x324/250108290.jpg,2021-22
Simon Mignolet,Belgium,GOALKEEPER,GOALKEEPER,38,1988-03-06,6,540,0,0,0,1,0,Club Brugge KV,BRU,https://img.uefa.com/imgml/TP/teams/logos/240x240/50043.png,98078,https://img.uefa.com/imgml/TP/players/1/2022/324x324/98078.jpg,2021-22
Danilo Arboleda,Colombia,DEFENDER,UNKNOWN,31,1995-05-16,6,540,0,0,0,1,0,FC Sheriff Tiraspol,SHE,https://img.uefa.com/imgml/TP/teams/logos/240x240/69606.png,250157095,https://img.uefa.com/imgml/TP/players/1/2022/324x324/250157095.jpg,2021-22
Illia Zabarnyi,Ukraine,DEFENDER,CENTRE_BACK,23,2002-09-01,6,540,0,0,0,1,0,FC Dynamo Kyiv,DKY,https://img.uefa.com/imgml/TP/teams/logos/240x240/52723.png,250119185,https://img.uefa.com/imgml/TP/players/1/2022/324x324/250119185.jpg,2021-22
Wílmar Barrios,Colombia,MIDFIELDER,DEFENSIVE_MIDFIELDER,32,1993-10-16,6,540,0,0,0,1,0,FC Zenit,ZEN,https://img.uefa.com/imgml/TP/teams/logos/240x240/52826.png,250118244,https://img.uefa.com/imgml/TP/players/1/2022/324x324/250118244.jpg,2021-22
Ivo Grbić,Croatia,GOALKEEPER,UNKNOWN,30,1996-01-18,6,540,0,0,0,1,0,LOSC Lille,LIL,https://img.uefa.com/imgml/TP/teams/logos/240x240/75797.png,250056074,https://img.uefa.com/imgml/TP/players/1/2022/324x324/250056074.jpg,2021-22
Fernando,Brazil,MIDFIELDER,DEFENSIVE_MIDFIELDER,38,1987-07-25,6,540,0,0,0,1,0,Sevilla FC,SEV,https://img.uefa.com/imgml/TP/teams/logos/240x240/52714.png,250003327,https://img.uefa.com/imgml/TP/players/1/2022/324x324/250003327.jpg,2021-22
Remko Pasveer,Netherlands,GOALKEEPER,GOALKEEPER,42,1983-11-08,6,540,0,0,0,0,0,AFC Ajax,AJX,https://img.uefa.com/imgml/TP/teams/logos/240x240/50143.png,98834,https://img.uefa.com/imgml/TP/players/1/2022/324x324/98834.jpg,2021-22
Juan Musso,Argentina,GOALKEEPER,UNKNOWN,32,1994-05-06,6,540,0,0,0,0,0,Atalanta BC,ATA,https://img.uefa.com/imgml/TP/teams/logos/240x240/52816.png,250137521,https://img.uefa.com/imgml/TP/players/1/2022/324x324/250137521.jpg,2021-22
Yassine Bounou,Morocco,GOALKEEPER,GOALKEEPER,35,1991-04-05,6,540,0,0,0,0,0,Sevilla FC,SEV,https://img.uefa.com/imgml/TP/teams/logos/240x240/52714.png,250118302,https://img.uefa.com/imgml/TP/players/1/2022/324x324/250118302.jpg,2021-22
Jack Hendry,Scotland,DEFENDER,CENTRE_BACK,31,1995-05-07,6,540,0,0,0,0,0,Club Brugge KV,BRU,https://img.uefa.com/imgml/TP/teams/logos/240x240/50043.png,250117436,https://img.uefa.com/imgml/TP/players/1/2022/324x324/250117436.jpg,2021-22
Dodô,Brazil,DEFENDER,FULL_BACK,27,1998-11-17,6,540,0,0,0,0,0,FC Shakhtar Donetsk,SHK,https://img.uefa.com/imgml/TP/teams/logos/240x240/52707.png,250117429,https://img.uefa.com/imgml/TP/players/1/2022/324x324/250117429.jpg,2021-22
Diogo Costa,Portugal,GOALKEEPER,GOALKEEPER,26,1999-09-19,6,540,0,0,0,0,0,FC Porto,POR,https://img.uefa.com/imgml/TP/teams/logos/240x240/50064.png,250076675,https://img.uefa.com/imgml/TP/players/1/2022/324x324/250076675.jpg,2021-22
Gregor Kobel,Switzerland,GOALKEEPER,GOALKEEPER,28,1997-12-06,6,540,0,0,0,0,0,Borussia Dortmund,BVB,https://img.uefa.com/imgml/TP/teams/logos/240x240/52758.png,250069832,https://img.uefa.com/imgml/TP/players/1/2022/324x324/250069832.jpg,2021-22
Marc-André ter Stegen,Germany,GOALKEEPER,GOALKEEPER,34,1992-04-30,6,540,0,0,0,0,0,FC Barcelona,BAR,https://img.uefa.com/imgml/TP/teams/logos/240x240/50080.png,250007631,https://img.uefa.com/imgml/TP/players/1/2022/324x324/250007631.jpg,2021-22
Manuel Locatelli,Italy,MIDFIELDER,DEFENSIVE_MIDFIELDER,28,1998-01-08,7,539,0,0,0,1,0,Juventus,JUV,https://img.uefa.com/imgml/TP/teams/logos/240x240/50139.png,250066747,https://img.uefa.com/imgml/TP/players/1/2022/324x324/250066747.jpg,2021-22
Diego Carlos,Brazil,DEFENDER,UNKNOWN,33,1993-03-15,6,539,0,0,0,2,0,Sevilla FC,SEV,https://img.uefa.com/imgml/TP/teams/logos/240x240/52714.png,250086136,https://img.uefa.com/imgml/TP/players/1/2022/324x324/250086136.jpg,2021-22
Mason Mount,England,MIDFIELDER,ATTACKING_MIDFIELDER,27,1999-01-10,7,538,1,2,0,0,0,Chelsea FC,CHE,https://img.uefa.com/imgml/TP/teams/logos/240x240/52914.png,250076240,https://img.uefa.com/imgml/TP/players/1/2022/324x324/250076240.jpg,2021-22
Adrien Rabiot,France,MIDFIELDER,CENTRAL_MIDFIELDER,31,1995-04-03,7,536,0,0,0,2,0,Juventus,JUV,https://img.uefa.com/imgml/TP/teams/logos/240x240/50139.png,250053905,https://img.uefa.com/imgml/TP/players/1/2022/324x324/250053905.jpg,2021-22
Serhiy Sydorchuk,Ukraine,MIDFIELDER,CENTRAL_MIDFIELDER,35,1991-05-02,6,536,0,0,0,2,0,FC Dynamo Kyiv,DKY,https://img.uefa.com/imgml/TP/teams/logos/240x240/52723.png,250008250,https://img.uefa.com/imgml/TP/players/1/2022/324x324/250008250.jpg,2021-22
Harry Maguire,England,DEFENDER,CENTRE_BACK,33,1993-03-05,6,534,1,0,0,0,0,Manchester United,MUN,https://img.uefa.com/imgml/TP/teams/logos/240x240/52682.png,250075007,https://img.uefa.com/imgml/TP/players/1/2022/324x324/250075007.jpg,2021-22
João Palhinha,Portugal,MIDFIELDER,DEFENSIVE_MIDFIELDER,30,1995-07-09,6,534,0,0,0,2,0,Sporting Clube de Portugal,SPO,https://img.uefa.com/imgml/TP/teams/logos/240x240/50149.png,250067295,https://img.uefa.com/imgml/TP/players/1/2022/324x324/250067295.jpg,2021-22
Tiago Djaló,Portugal,DEFENDER,CENTRE_BACK,26,2000-04-09,7,533,0,0,0,1,0,LOSC Lille,LIL,https://img.uefa.com/imgml/TP/teams/logos/240x240/75797.png,250102315,https://img.uefa.com/imgml/TP/players/1/2022/324x324/250102315.jpg,2021-22
Nicolas Ngamaleu,Cameroon,MIDFIELDER,WINGER,31,1994-07-09,6,532,1,1,0,2,0,BSC Young Boys,YB,https://img.uefa.com/imgml/TP/teams/logos/240x240/50031.png,250109792,https://img.uefa.com/imgml/TP/players/1/2022/324x324/250109792.jpg,2021-22
Ivan Perišić,Croatia,FORWARD,WINGER,37,1989-02-02,8,531,0,1,0,0,0,FC Internazionale Milano,INT,https://img.uefa.com/imgml/TP/teams/logos/240x240/50138.png,103310,https://img.uefa.com/imgml/TP/players/1/2022/324x324/103310.jpg,2021-22
Christopher Nkunku,France,MIDFIELDER,UNKNOWN,28,1997-11-14,6,531,7,0,0,0,0,RB Leipzig,RBL,https://img.uefa.com/imgml/TP/teams/logos/240x240/2603790.png,250076654,https://img.uefa.com/imgml/TP/players/1/2022/324x324/250076654.jpg,2021-22
Adama Traoré,Mali,FORWARD,UNKNOWN,30,1995-06-05,6,530,2,1,0,0,0,FC Sheriff Tiraspol,SHE,https://img.uefa.com/imgml/TP/teams/logos/240x240/69606.png,250157101,https://img.uefa.com/imgml/TP/players/1/2022/324x324/250157101.jpg,2021-22
Burak Yılmaz,Türkiye,UNKNOWN,STRIKER,40,1985-07-15,7,529,3,0,1,2,0,LOSC Lille,LIL,https://img.uefa.com/imgml/TP/teams/logos/240x240/75797.png,62309,https://img.uefa.com/imgml/TP/players/1/2022/324x324/62309.jpg,2021-22
Pedro Porro,Spain,DEFENDER,FULL_BACK,26,1999-09-13,7,529,1,0,0,2,0,Sporting Clube de Portugal,SPO,https://img.uefa.com/imgml/TP/teams/logos/240x240/50149.png,150562676,https://img.uefa.com/imgml/TP/players/1/2022/324x324/150562676.jpg,2021-22
Noa Lang,Netherlands,FORWARD,WINGER,26,1999-06-17,6,528,0,1,0,3,0,Club Brugge KV,BRU,https://img.uefa.com/imgml/TP/teams/logos/240x240/50043.png,250091165,https://img.uefa.com/imgml/TP/players/1/2022/324x324/250091165.jpg,2021-22
Clinton Mata,Angola,DEFENDER,FULL_BACK,33,1992-11-07,6,528,0,0,0,1,0,Club Brugge KV,BRU,https://img.uefa.com/imgml/TP/teams/logos/240x240/50043.png,250084887,https://img.uefa.com/imgml/TP/players/1/2022/324x324/250084887.jpg,2021-22
Remo Freuler,Switzerland,MIDFIELDER,CENTRAL_MIDFIELDER,34,1992-04-15,6,526,1,1,0,0,0,Atalanta BC,ATA,https://img.uefa.com/imgml/TP/teams/logos/240x240/52816.png,250023097,https://img.uefa.com/imgml/TP/players/1/2022/324x324/250023097.jpg,2021-22
Memphis Depay,Netherlands,FORWARD,WINGER,32,1994-02-13,6,525,0,0,0,0,0,FC Barcelona,BAR,https://img.uefa.com/imgml/TP/teams/logos/240x240/50080.png,250024860,https://img.uefa.com/imgml/TP/players/1/2022/324x324/250024860.jpg,2021-22
Gerard Moreno,Spain,FORWARD,STRIKER,34,1992-04-07,7,524,2,4,1,1,0,Villarreal CF,VIL,https://img.uefa.com/imgml/TP/teams/logos/240x240/70691.png,250074565,https://img.uefa.com/imgml/TP/players/1/2022/324x324/250074565.jpg,2021-22
Giovani Lo Celso,Argentina,MIDFIELDER,CENTRAL_MIDFIELDER,30,1996-04-09,6,524,0,0,0,3,0,Villarreal CF,VIL,https://img.uefa.com/imgml/TP/teams/logos/240x240/70691.png,250100013,https://img.uefa.com/imgml/TP/players/1/2022/324x324/250100013.jpg,2021-22
Frenkie de Jong,Netherlands,MIDFIELDER,CENTRAL_MIDFIELDER,29,1997-05-12,6,523,0,0,0,1,0,FC Barcelona,BAR,https://img.uefa.com/imgml/TP/teams/logos/240x240/50080.png,50327423,https://img.uefa.com/imgml/TP/players/1/2022/324x324/50327423.jpg,2021-22
Álvaro Morata,Spain,FORWARD,STRIKER,33,1992-10-23,7,520,2,0,0,0,0,Juventus,JUV,https://img.uefa.com/imgml/TP/teams/logos/240x240/50139.png,250024456,https://img.uefa.com/imgml/TP/players/1/2022/324x324/250024456.jpg,2021-22
Bruno Fernandes,Portugal,MIDFIELDER,ATTACKING_MIDFIELDER,31,1994-09-08,7,520,0,7,0,0,0,Manchester United,MUN,https://img.uefa.com/imgml/TP/teams/logos/240x240/52682.png,250078886,https://img.uefa.com/imgml/TP/players/1/2022/324x324/250078886.jpg,2021-22
Antoine Griezmann,France,FORWARD,STRIKER,35,1991-03-21,9,518,4,2,0,0,1,Atlético de Madrid,ATM,https://img.uefa.com/imgml/TP/teams/logos/240x240/50124.png,250019498,https://img.uefa.com/imgml/TP/players/1/2022/324x324/250019498.jpg,2021-22
Luka Sučić,Croatia,MIDFIELDER,CENTRAL_MIDFIELDER,23,2002-09-08,8,516,1,0,1,0,0,FC Salzburg,SAL,https://img.uefa.com/imgml/TP/teams/logos/240x240/50030.png,250127293,https://img.uefa.com/imgml/TP/players/1/2022/324x324/250127293.jpg,2021-22
Niklas Süle,Germany,DEFENDER,UNKNOWN,30,1995-09-03,7,515,0,0,0,0,0,FC Bayern München,BAY,https://img.uefa.com/imgml/TP/teams/logos/240x240/50037.png,250041781,https://img.uefa.com/imgml/TP/players/1/2022/324x324/250041781.jpg,2021-22
Roman Yaremchuk,Ukraine,FORWARD,STRIKER,30,1995-11-27,10,514,3,0,0,2,0,SL Benfica,BEN,https://img.uefa.com/imgml/TP/teams/logos/240x240/50147.png,250047100,https://img.uefa.com/imgml/TP/players/1/2022/324x324/250047100.jpg,2021-22
Pablo Sarabia,Spain,FORWARD,WINGER,34,1992-05-11,8,510,2,0,1,0,0,Sporting Clube de Portugal,SPO,https://img.uefa.com/imgml/TP/teams/logos/240x240/50149.png,1909920,https://img.uefa.com/imgml/TP/players/1/2022/324x324/1909920.jpg,2021-22
Matheus Nunes,Portugal,MIDFIELDER,UNKNOWN,27,1998-08-27,6,509,0,2,0,3,0,Sporting Clube de Portugal,SPO,https://img.uefa.com/imgml/TP/teams/logos/240x240/50149.png,250145803,https://img.uefa.com/imgml/TP/players/1/2022/324x324/250145803.jpg,2021-22
Rodrygo,Brazil,FORWARD,WINGER,25,2001-01-09,11,505,5,2,0,1,0,Real Madrid C.F.,RMA,https://img.uefa.com/imgml/TP/teams/logos/240x240/50051.png,250132829,https://img.uefa.com/imgml/TP/players/1/2022/324x324/250132829.jpg,2021-22
Reece James,England,DEFENDER,UNKNOWN,26,1999-12-08,6,505,1,0,0,1,0,Chelsea FC,CHE,https://img.uefa.com/imgml/TP/teams/logos/240x240/52914.png,250110362,https://img.uefa.com/imgml/TP/players/1/2022/324x324/250110362.jpg,2021-22
Michel Aebischer,Switzerland,MIDFIELDER,CENTRAL_MIDFIELDER,29,1997-01-06,6,504,0,1,0,2,0,BSC Young Boys,YB,https://img.uefa.com/imgml/TP/teams/logos/240x240/50031.png,250099399,https://img.uefa.com/imgml/TP/players/1/2022/324x324/250099399.jpg,2021-22
Jude Bellingham,England,MIDFIELDER,UNKNOWN,22,2003-06-29,6,503,1,3,0,1,0,Borussia Dortmund,BVB,https://img.uefa.com/imgml/TP/teams/logos/240x240/52758.png,250128377,https://img.uefa.com/imgml/TP/players/1/2022/324x324/250128377.jpg,2021-22
Oleksandr Zinchenko,Ukraine,DEFENDER,FULL_BACK,29,1996-12-15,8,501,0,1,0,2,0,Manchester City,MCI,https://img.uefa.com/imgml/TP/teams/logos/240x240/52919.png,250056861,https://img.uefa.com/imgml/TP/players/1/2022/324x324/250056861.jpg,2021-22
Charles De Ketelaere,Belgium,FORWARD,CENTRAL_MIDFIELDER,25,2001-03-10,6,500,0,1,0,0,0,Club Brugge KV,BRU,https://img.uefa.com/imgml/TP/teams/logos/240x240/50043.png,250117705,https://img.uefa.com/imgml/TP/players/1/2022/324x324/250117705.jpg,2021-22
Antonio Čolak,Croatia,FORWARD,STRIKER,32,1993-09-17,6,500,0,0,0,1,0,Malmö FF,MAL,https://img.uefa.com/imgml/TP/teams/logos/240x240/50152.png,250043080,https://img.uefa.com/imgml/TP/players/1/2022/324x324/250043080.jpg,2021-22
Marco Reus,Germany,MIDFIELDER,ATTACKING_MIDFIELDER,37,1989-05-31,6,499,3,1,2,1,0,Borussia Dortmund,BVB,https://img.uefa.com/imgml/TP/teams/logos/240x240/52758.png,250011791,https://img.uefa.com/imgml/TP/players/1/2022/324x324/250011791.jpg,2021-22
Yaroslav Rakitskyy,Ukraine,DEFENDER,CENTRE_BACK,36,1989-08-03,6,497,1,2,1,1,0,FC Zenit,ZEN,https://img.uefa.com/imgml/TP/teams/logos/240x240/52826.png,250008930,https://img.uefa.com/imgml/TP/players/1/2022/324x324/250008930.jpg,2021-22
Bonke Innocent,Nigeria,MIDFIELDER,DEFENSIVE_MIDFIELDER,30,1996-01-20,6,496,0,0,0,1,0,Malmö FF,MAL,https://img.uefa.com/imgml/TP/teams/logos/240x240/50152.png,250120252,https://img.uefa.com/imgml/TP/players/1/2022/324x324/250120252.jpg,2021-22
Nicolò Barella,Italy,MIDFIELDER,CENTRAL_MIDFIELDER,29,1997-02-07,6,496,0,0,0,0,1,FC Internazionale Milano,INT,https://img.uefa.com/imgml/TP/teams/logos/240x240/50138.png,250066739,https://img.uefa.com/imgml/TP/players/1/2022/324x324/250066739.jpg,2021-22
Mehdi Taremi,Iran,FORWARD,STRIKER,33,1992-07-18,6,494,1,1,0,1,0,FC Porto,POR,https://img.uefa.com/imgml/TP/teams/logos/240x240/50064.png,250097909,https://img.uefa.com/imgml/TP/players/1/2022/324x324/250097909.jpg,2021-22
João Mário,Portugal,FORWARD,UNKNOWN,33,1993-01-19,8,493,0,4,0,2,0,SL Benfica,BEN,https://img.uefa.com/imgml/TP/teams/logos/240x240/50147.png,250014109,https://img.uefa.com/imgml/TP/players/1/2022/324x324/250014109.jpg,2021-22
Edmund Addo,Ghana,MIDFIELDER,UNKNOWN,26,2000-05-17,6,491,0,0,0,3,0,FC Sheriff Tiraspol,SHE,https://img.uefa.com/imgml/TP/teams/logos/240x240/69606.png,250157541,https://img.uefa.com/imgml/TP/players/1/2022/324x324/250157541.jpg,2021-22
Viktor Tsygankov,Ukraine,MIDFIELDER,WINGER,28,1997-11-15,6,490,0,1,0,1,0,FC Dynamo Kyiv,DKY,https://img.uefa.com/imgml/TP/teams/logos/240x240/52723.png,250058270,https://img.uefa.com/imgml/TP/players/1/2022/324x324/250058270.jpg,2021-22
Meschack Elia,DR Congo,FORWARD,STRIKER,28,1997-08-06,6,489,1,0,0,1,0,BSC Young Boys,YB,https://img.uefa.com/imgml/TP/teams/logos/240x240/50031.png,250141610,https://img.uefa.com/imgml/TP/players/1/2022/324x324/250141610.jpg,2021-22
Naby Keïta,Rep of Guinea,MIDFIELDER,CENTRAL_MIDFIELDER,31,1995-02-10,10,487,1,2,0,0,0,Liverpool FC,LIV,https://img.uefa.com/imgml/TP/teams/logos/240x240/7889.png,250073741,https://img.uefa.com/imgml/TP/players/1/2022/324x324/250073741.jpg,2021-22
Stefan de Vrij,Netherlands,DEFENDER,CENTRE_BACK,34,1992-02-05,6,487,1,0,0,0,0,FC Internazionale Milano,INT,https://img.uefa.com/imgml/TP/teams/logos/240x240/50138.png,50327428,https://img.uefa.com/imgml/TP/players/1/2022/324x324/50327428.jpg,2021-22
Sergio Busquets,Spain,MIDFIELDER,DEFENSIVE_MIDFIELDER,37,1988-07-16,6,487,0,0,0,1,0,FC Barcelona,BAR,https://img.uefa.com/imgml/TP/teams/logos/240x240/50080.png,250002704,https://img.uefa.com/imgml/TP/players/1/2022/324x324/250002704.jpg,2021-22
Mykola Shaparenko,Ukraine,MIDFIELDER,CENTRAL_MIDFIELDER,27,1998-10-04,6,486,0,0,0,1,0,FC Dynamo Kyiv,DKY,https://img.uefa.com/imgml/TP/teams/logos/240x240/52723.png,250087711,https://img.uefa.com/imgml/TP/players/1/2022/324x324/250087711.jpg,2021-22
Nordi Mukiele,France,DEFENDER,FULL_BACK,28,1997-11-01,6,484,1,1,0,0,0,RB Leipzig,RBL,https://img.uefa.com/imgml/TP/teams/logos/240x240/2603790.png,250121329,https://img.uefa.com/imgml/TP/players/1/2022/324x324/250121329.jpg,2021-22
Wendel,Brazil,MIDFIELDER,CENTRAL_MIDFIELDER,28,1997-08-28,6,484,1,0,0,1,0,FC Zenit,ZEN,https://img.uefa.com/imgml/TP/teams/logos/240x240/52826.png,250122971,https://img.uefa.com/imgml/TP/players/1/2022/324x324/250122971.jpg,2021-22
Thomas Meunier,Belgium,DEFENDER,FULL_BACK,34,1991-09-12,6,484,0,1,0,1,0,Borussia Dortmund,BVB,https://img.uefa.com/imgml/TP/teams/logos/240x240/52758.png,250029318,https://img.uefa.com/imgml/TP/players/1/2022/324x324/250029318.jpg,2021-22
Marten de Roon,Netherlands,MIDFIELDER,CENTRAL_MIDFIELDER,35,1991-03-29,6,484,0,0,0,2,0,Atalanta BC,ATA,https://img.uefa.com/imgml/TP/teams/logos/240x240/52816.png,250014709,https://img.uefa.com/imgml/TP/players/1/2022/324x324/250014709.jpg,2021-22
Stanley Nsoki,France,DEFENDER,FULL_BACK,27,1999-04-09,6,484,0,0,0,1,0,Club Brugge KV,BRU,https://img.uefa.com/imgml/TP/teams/logos/240x240/50043.png,250087428,https://img.uefa.com/imgml/TP/players/1/2022/324x324/250087428.jpg,2021-22
Renan Lodi,Brazil,DEFENDER,UNKNOWN,28,1998-04-08,10,478,1,2,0,0,0,Atlético de Madrid,ATM,https://img.uefa.com/imgml/TP/teams/logos/240x240/50124.png,250131275,https://img.uefa.com/imgml/TP/players/1/2022/324x324/250131275.jpg,2021-22
Alphonso Davies,Canada,MIDFIELDER,FULL_BACK,25,2000-11-02,7,477,0,2,0,0,0,FC Bayern München,BAY,https://img.uefa.com/imgml/TP/teams/logos/240x240/50037.png,250128120,https://img.uefa.com/imgml/TP/players/1/2022/324x324/250128120.jpg,2021-22
Maycon,Brazil,MIDFIELDER,CENTRAL_MIDFIELDER,28,1997-07-15,6,473,0,0,0,0,0,FC Shakhtar Donetsk,SHK,https://img.uefa.com/imgml/TP/teams/logos/240x240/52707.png,250121491,https://img.uefa.com/imgml/TP/players/1/2022/324x324/250121491.jpg,2021-22
Felipe,Brazil,DEFENDER,UNKNOWN,37,1989-05-16,7,472,0,0,0,3,2,Atlético de Madrid,ATM,https://img.uefa.com/imgml/TP/teams/logos/240x240/50124.png,250100014,https://img.uefa.com/imgml/TP/players/1/2022/324x324/250100014.jpg,2021-22
Juan Cuadrado,Colombia,MIDFIELDER,UNKNOWN,38,1988-05-26,7,472,0,0,0,2,0,Juventus,JUV,https://img.uefa.com/imgml/TP/teams/logos/240x240/50139.png,250015966,https://img.uefa.com/imgml/TP/players/1/2022/324x324/250015966.jpg,2021-22
Yannick Carrasco,Belgium,FORWARD,WINGER,32,1993-09-04,7,472,0,0,0,0,1,Atlético de Madrid,ATM,https://img.uefa.com/imgml/TP/teams/logos/240x240/50124.png,250040959,https://img.uefa.com/imgml/TP/players/1/2022/324x324/250040959.jpg,2021-22
Axel Witsel,Belgium,MIDFIELDER,DEFENSIVE_MIDFIELDER,37,1989-01-12,6,471,0,0,0,1,0,Borussia Dortmund,BVB,https://img.uefa.com/imgml/TP/teams/logos/240x240/52758.png,103335,https://img.uefa.com/imgml/TP/players/1/2022/324x324/103335.jpg,2021-22
Neymar,Brazil,FORWARD,UNKNOWN,34,1992-02-05,6,468,0,1,0,1,0,Paris Saint-Germain,PSG,https://img.uefa.com/imgml/TP/teams/logos/240x240/52747.png,250039508,https://img.uefa.com/imgml/TP/players/1/2022/324x324/250039508.jpg,2021-22
Jonathan Bamba,France,FORWARD,WINGER,30,1996-03-26,6,468,0,0,0,3,0,LOSC Lille,LIL,https://img.uefa.com/imgml/TP/teams/logos/240x240/75797.png,250062420,https://img.uefa.com/imgml/TP/players/1/2022/324x324/250062420.jpg,2021-22
Denzel Dumfries,Netherlands,DEFENDER,FULL_BACK,30,1996-04-18,7,467,0,1,0,1,0,FC Internazionale Milano,INT,https://img.uefa.com/imgml/TP/teams/logos/240x240/50138.png,250112690,https://img.uefa.com/imgml/TP/players/1/2022/324x324/250112690.jpg,2021-22
Leon Goretzka,Germany,MIDFIELDER,CENTRAL_MIDFIELDER,31,1995-02-06,6,466,0,0,0,0,0,FC Bayern München,BAY,https://img.uefa.com/imgml/TP/teams/logos/240x240/50037.png,250041771,https://img.uefa.com/imgml/TP/players/1/2022/324x324/250041771.jpg,2021-22
Duván Zapata,Colombia,FORWARD,UNKNOWN,35,1991-04-01,6,464,3,3,0,1,0,Atalanta BC,ATA,https://img.uefa.com/imgml/TP/teams/logos/240x240/52816.png,250064087,https://img.uefa.com/imgml/TP/players/1/2022/324x324/250064087.jpg,2021-22
Francis Coquelin,France,MIDFIELDER,DEFENSIVE_MIDFIELDER,35,1991-05-13,8,463,1,0,0,2,1,Villarreal CF,VIL,https://img.uefa.com/imgml/TP/teams/logos/240x240/70691.png,1909628,https://img.uefa.com/imgml/TP/players/1/2022/324x324/1909628.jpg,2021-22
Lucas Ocampos,Argentina,FORWARD,WINGER,31,1994-07-11,6,463,1,1,0,2,0,Sevilla FC,SEV,https://img.uefa.com/imgml/TP/teams/logos/240x240/52714.png,250067936,https://img.uefa.com/imgml/TP/players/1/2022/324x324/250067936.jpg,2021-22
Sandro Lauper,Switzerland,MIDFIELDER,CENTRE_BACK,29,1996-10-25,6,462,0,0,0,0,0,BSC Young Boys,YB,https://img.uefa.com/imgml/TP/teams/logos/240x240/50031.png,250085751,https://img.uefa.com/imgml/TP/players/1/2022/324x324/250085751.jpg,2021-22
Jack Grealish,England,MIDFIELDER,UNKNOWN,30,1995-09-10,7,461,1,1,0,0,0,Manchester City,MCI,https://img.uefa.com/imgml/TP/teams/logos/240x240/52919.png,250042329,https://img.uefa.com/imgml/TP/players/1/2022/324x324/250042329.jpg,2021-22
Claudinho,Brazil,MIDFIELDER,UNKNOWN,29,1997-01-28,6,460,2,0,0,1,0,FC Zenit,ZEN,https://img.uefa.com/imgml/TP/teams/logos/240x240/52826.png,250162078,https://img.uefa.com/imgml/TP/players/1/2022/324x324/250162078.jpg,2021-22
Zouhair Feddal,Morocco,DEFENDER,UNKNOWN,36,1989-12-23,6,450,0,0,0,2,0,Sporting Clube de Portugal,SPO,https://img.uefa.com/imgml/TP/teams/logos/240x240/50149.png,250145758,https://img.uefa.com/imgml/TP/players/1/2022/324x324/250145758.jpg,2021-22
Otávio,Portugal,MIDFIELDER,CENTRAL_MIDFIELDER,31,1995-02-09,6,450,0,0,0,1,0,FC Porto,POR,https://img.uefa.com/imgml/TP/teams/logos/240x240/50064.png,250085693,https://img.uefa.com/imgml/TP/players/1/2022/324x324/250085693.jpg,2021-22
José Luis Palomino,Argentina,DEFENDER,CENTRE_BACK,36,1990-01-05,5,450,1,1,0,1,0,Atalanta BC,ATA,https://img.uefa.com/imgml/TP/teams/logos/240x240/52816.png,250099064,https://img.uefa.com/imgml/TP/players/1/2022/324x324/250099064.jpg,2021-22
Theo Hernández,France,DEFENDER,FULL_BACK,28,1997-10-06,5,450,0,1,0,2,0,AC Milan,MIL,https://img.uefa.com/imgml/TP/teams/logos/240x240/50058.png,250076126,https://img.uefa.com/imgml/TP/players/1/2022/324x324/250076126.jpg,2021-22
Danilo,Brazil,DEFENDER,UNKNOWN,34,1991-07-15,5,450,0,1,0,0,0,Juventus,JUV,https://img.uefa.com/imgml/TP/teams/logos/240x240/50139.png,250039931,https://img.uefa.com/imgml/TP/players/1/2022/324x324/250039931.jpg,2021-22
Chancel Mbemba,DR Congo,DEFENDER,CENTRE_BACK,31,1994-08-08,5,450,0,0,0,2,1,FC Porto,POR,https://img.uefa.com/imgml/TP/teams/logos/240x240/50064.png,250063997,https://img.uefa.com/imgml/TP/players/1/2022/324x324/250063997.jpg,2021-22
Gianluigi Donnarumma,Italy,GOALKEEPER,GOALKEEPER,27,1999-02-25,5,450,0,0,0,2,0,Paris Saint-Germain,PSG,https://img.uefa.com/imgml/TP/teams/logos/240x240/52747.png,250078922,https://img.uefa.com/imgml/TP/players/1/2022/324x324/250078922.jpg,2021-22
Lasse Nielsen,Denmark,DEFENDER,CENTRE_BACK,38,1988-01-08,5,450,0,0,0,2,0,Malmö FF,MAL,https://img.uefa.com/imgml/TP/teams/logos/240x240/50152.png,1902553,https://img.uefa.com/imgml/TP/players/1/2022/324x324/1902553.jpg,2021-22
Stefan Savić,Montenegro,DEFENDER,CENTRE_BACK,35,1991-01-08,5,450,0,0,0,1,0,Atlético de Madrid,ATM,https://img.uefa.com/imgml/TP/teams/logos/240x240/50124.png,1907998,https://img.uefa.com/imgml/TP/players/1/2022/324x324/1907998.jpg,2021-22
Ersin Destanoğlu,Türkiye,GOALKEEPER,GOALKEEPER,25,2001-01-01,5,450,0,0,0,0,0,Beşiktaş JK,BES,https://img.uefa.com/imgml/TP/teams/logos/240x240/50157.png,250112452,https://img.uefa.com/imgml/TP/players/1/2022/324x324/250112452.jpg,2021-22
Oleksandr Syrota,Ukraine,DEFENDER,CENTRE_BACK,25,2000-06-11,5,450,0,0,0,0,0,FC Dynamo Kyiv,DKY,https://img.uefa.com/imgml/TP/teams/logos/240x240/52723.png,250108303,https://img.uefa.com/imgml/TP/players/1/2022/324x324/250108303.jpg,2021-22
Marlon Santos,Brazil,DEFENDER,CENTRE_BACK,30,1995-09-07,5,450,0,0,0,0,0,FC Shakhtar Donetsk,SHK,https://img.uefa.com/imgml/TP/teams/logos/240x240/52707.png,250101096,https://img.uefa.com/imgml/TP/players/1/2022/324x324/250101096.jpg,2021-22
Jules Koundé,France,DEFENDER,CENTRE_BACK,27,1998-11-12,5,450,0,0,0,0,0,Sevilla FC,SEV,https://img.uefa.com/imgml/TP/teams/logos/240x240/52714.png,250096309,https://img.uefa.com/imgml/TP/players/1/2022/324x324/250096309.jpg,2021-22
Vitaliy Mykolenko,Ukraine,DEFENDER,CENTRE_BACK,27,1999-05-29,5,450,0,0,0,0,0,FC Dynamo Kyiv,DKY,https://img.uefa.com/imgml/TP/teams/logos/240x240/52723.png,250092185,https://img.uefa.com/imgml/TP/players/1/2022/324x324/250092185.jpg,2021-22
Manuel Akanji,Switzerland,DEFENDER,UNKNOWN,30,1995-07-19,5,450,0,0,0,0,0,Borussia Dortmund,BVB,https://img.uefa.com/imgml/TP/teams/logos/240x240/52758.png,250085369,https://img.uefa.com/imgml/TP/players/1/2022/324x324/250085369.jpg,2021-22
Giorgos Athanasiadis,Greece,GOALKEEPER,GOALKEEPER,33,1993-04-07,5,450,0,0,0,0,0,FC Sheriff Tiraspol,SHE,https://img.uefa.com/imgml/TP/teams/logos/240x240/69606.png,250068702,https://img.uefa.com/imgml/TP/players/1/2022/324x324/250068702.jpg,2021-22
Georgiy Bushchan,Ukraine,GOALKEEPER,GOALKEEPER,32,1994-05-31,5,450,0,0,0,0,0,FC Dynamo Kyiv,DKY,https://img.uefa.com/imgml/TP/teams/logos/240x240/52723.png,250024883,https://img.uefa.com/imgml/TP/players/1/2022/324x324/250024883.jpg,2021-22
Koen Casteels,Belgium,GOALKEEPER,GOALKEEPER,33,1992-06-25,5,450,0,0,0,0,0,VfL Wolfsburg,WOB,https://img.uefa.com/imgml/TP/teams/logos/240x240/64332.png,250003911,https://img.uefa.com/imgml/TP/players/1/2022/324x324/250003911.jpg,2021-22
Péter Gulácsi,Hungary,GOALKEEPER,GOALKEEPER,36,1990-05-06,5,450,0,0,0,0,0,RB Leipzig,RBL,https://img.uefa.com/imgml/TP/teams/logos/240x240/2603790.png,102420,https://img.uefa.com/imgml/TP/players/1/2022/324x324/102420.jpg,2021-22
Jamal Musiala,Germany,MIDFIELDER,UNKNOWN,23,2003-02-26,8,448,1,1,0,0,0,FC Bayern München,BAY,https://img.uefa.com/imgml/TP/teams/logos/240x240/50037.png,250124430,https://img.uefa.com/imgml/TP/players/1/2022/324x324/250124430.jpg,2021-22
Franz Brorsson,Sweden,DEFENDER,CENTRE_BACK,30,1996-01-30,5,448,0,0,0,2,0,Malmö FF,MAL,https://img.uefa.com/imgml/TP/teams/logos/240x240/50152.png,250076449,https://img.uefa.com/imgml/TP/players/1/2022/324x324/250076449.jpg,2021-22
Hakim Ziyech,Morocco,MIDFIELDER,CENTRAL_MIDFIELDER,33,1993-03-19,9,446,1,2,0,2,0,Chelsea FC,CHE,https://img.uefa.com/imgml/TP/teams/logos/240x240/52914.png,250053191,https://img.uefa.com/imgml/TP/players/1/2022/324x324/250053191.jpg,2021-22
Alexis Saelemaekers,Belgium,MIDFIELDER,WINGER,26,1999-06-27,6,444,0,0,0,1,0,AC Milan,MIL,https://img.uefa.com/imgml/TP/teams/logos/240x240/50058.png,250101735,https://img.uefa.com/imgml/TP/players/1/2022/324x324/250101735.jpg,2021-22
Douglas Santos,Brazil,DEFENDER,UNKNOWN,32,1994-03-22,5,444,0,2,0,0,0,FC Zenit,ZEN,https://img.uefa.com/imgml/TP/teams/logos/240x240/52826.png,250132796,https://img.uefa.com/imgml/TP/players/1/2022/324x324/250132796.jpg,2021-22
Dmitrii Chistiakov,Russia,DEFENDER,UNKNOWN,32,1994-01-13,5,444,0,0,0,2,1,FC Zenit,ZEN,https://img.uefa.com/imgml/TP/teams/logos/240x240/52826.png,250137327,https://img.uefa.com/imgml/TP/players/1/2022/324x324/250137327.jpg,2021-22
Souza,Brazil,MIDFIELDER,DEFENSIVE_MIDFIELDER,37,1989-02-11,5,442,0,0,0,3,1,Beşiktaş JK,BES,https://img.uefa.com/imgml/TP/teams/logos/240x240/50157.png,250021637,https://img.uefa.com/imgml/TP/players/1/2022/324x324/250021637.jpg,2021-22
Jo Inge Berget,Norway,MIDFIELDER,STRIKER,35,1990-09-11,5,438,0,0,0,0,0,Malmö FF,MAL,https://img.uefa.com/imgml/TP/teams/logos/240x240/50152.png,108933,https://img.uefa.com/imgml/TP/players/1/2022/324x324/108933.jpg,2021-22
Jérôme Onguéné,Cameroon,DEFENDER,CENTRE_BACK,28,1997-12-22,5,437,0,0,0,1,0,FC Salzburg,SAL,https://img.uefa.com/imgml/TP/teams/logos/240x240/50030.png,250090714,https://img.uefa.com/imgml/TP/players/1/2022/324x324/250090714.jpg,2021-22
Vitaliy Buialskyi,Ukraine,MIDFIELDER,CENTRAL_MIDFIELDER,33,1993-01-06,5,436,0,0,0,1,0,FC Dynamo Kyiv,DKY,https://img.uefa.com/imgml/TP/teams/logos/240x240/52723.png,250024124,https://img.uefa.com/imgml/TP/players/1/2022/324x324/250024124.jpg,2021-22
Xeka,Portugal,MIDFIELDER,CENTRAL_MIDFIELDER,31,1994-11-10,7,435,0,0,0,3,0,LOSC Lille,LIL,https://img.uefa.com/imgml/TP/teams/logos/240x240/75797.png,250131915,https://img.uefa.com/imgml/TP/players/1/2022/324x324/250131915.jpg,2021-22
Joakim Mæhle,Denmark,DEFENDER,FULL_BACK,29,1997-05-20,5,435,0,1,0,0,0,Atalanta BC,ATA,https://img.uefa.com/imgml/TP/teams/logos/240x240/52816.png,250081192,https://img.uefa.com/imgml/TP/players/1/2022/324x324/250081192.jpg,2021-22
Ulisses Garcia,Switzerland,DEFENDER,FULL_BACK,30,1996-01-11,5,435,0,0,0,1,0,BSC Young Boys,YB,https://img.uefa.com/imgml/TP/teams/logos/240x240/50031.png,250073684,https://img.uefa.com/imgml/TP/players/1/2022/324x324/250073684.jpg,2021-22
Malcom,Brazil,FORWARD,UNKNOWN,29,1997-02-26,6,434,0,1,0,0,0,FC Zenit,ZEN,https://img.uefa.com/imgml/TP/teams/logos/240x240/52826.png,250110864,https://img.uefa.com/imgml/TP/players/1/2022/324x324/250110864.jpg,2021-22
Fred,Brazil,MIDFIELDER,CENTRAL_MIDFIELDER,33,1993-03-05,6,433,0,0,0,1,0,Manchester United,MUN,https://img.uefa.com/imgml/TP/teams/logos/240x240/52682.png,250062176,https://img.uefa.com/imgml/TP/players/1/2022/324x324/250062176.jpg,2021-22
Angeliño,Spain,DEFENDER,UNKNOWN,29,1997-01-04,5,432,0,3,0,2,1,RB Leipzig,RBL,https://img.uefa.com/imgml/TP/teams/logos/240x240/2603790.png,250064356,https://img.uefa.com/imgml/TP/players/1/2022/324x324/250064356.jpg,2021-22
Alfonso Pedraza,Spain,MIDFIELDER,WINGER,30,1996-04-09,10,431,0,1,0,1,0,Villarreal CF,VIL,https://img.uefa.com/imgml/TP/teams/logos/240x240/70691.png,250082666,https://img.uefa.com/imgml/TP/players/1/2022/324x324/250082666.jpg,2021-22
Yeremy Pino,Spain,FORWARD,WINGER,23,2002-10-20,7,431,1,0,0,3,0,Villarreal CF,VIL,https://img.uefa.com/imgml/TP/teams/logos/240x240/70691.png,250126916,https://img.uefa.com/imgml/TP/players/1/2022/324x324/250126916.jpg,2021-22
Marco Verratti,Italy,MIDFIELDER,CENTRAL_MIDFIELDER,33,1992-11-05,5,431,0,0,0,2,0,Paris Saint-Germain,PSG,https://img.uefa.com/imgml/TP/teams/logos/240x240/52747.png,250006200,https://img.uefa.com/imgml/TP/players/1/2022/324x324/250006200.jpg,2021-22
Josuha Guilavogui,France,MIDFIELDER,DEFENSIVE_MIDFIELDER,35,1990-09-19,5,429,0,0,0,4,1,VfL Wolfsburg,WOB,https://img.uefa.com/imgml/TP/teams/logos/240x240/64332.png,250006494,https://img.uefa.com/imgml/TP/players/1/2022/324x324/250006494.jpg,2021-22
N'Golo Kanté,France,MIDFIELDER,DEFENSIVE_MIDFIELDER,35,1991-03-29,6,427,0,1,0,0,0,Chelsea FC,CHE,https://img.uefa.com/imgml/TP/teams/logos/240x240/52914.png,250097248,https://img.uefa.com/imgml/TP/players/1/2022/324x324/250097248.jpg,2021-22
Mateo Kovačić,Croatia,MIDFIELDER,ATTACKING_MIDFIELDER,32,1994-05-06,6,426,0,0,0,0,0,Chelsea FC,CHE,https://img.uefa.com/imgml/TP/teams/logos/240x240/52914.png,250023551,https://img.uefa.com/imgml/TP/players/1/2022/324x324/250023551.jpg,2021-22
Victor Lindelöf,Sweden,DEFENDER,CENTRE_BACK,31,1994-07-17,5,426,0,0,0,1,0,Manchester United,MUN,https://img.uefa.com/imgml/TP/teams/logos/240x240/52682.png,250055905,https://img.uefa.com/imgml/TP/players/1/2022/324x324/250055905.jpg,2021-22
Mario Hermoso,Spain,DEFENDER,UNKNOWN,30,1995-06-18,6,425,0,0,0,1,0,Atlético de Madrid,ATM,https://img.uefa.com/imgml/TP/teams/logos/240x240/50124.png,250063940,https://img.uefa.com/imgml/TP/players/1/2022/324x324/250063940.jpg,2021-22
Christopher Martins,Luxembourg,MIDFIELDER,CENTRAL_MIDFIELDER,29,1997-02-19,5,420,0,0,0,1,0,BSC Young Boys,YB,https://img.uefa.com/imgml/TP/teams/logos/240x240/50031.png,250047077,https://img.uefa.com/imgml/TP/players/1/2022/324x324/250047077.jpg,2021-22
Aaron Wan-Bissaka,England,DEFENDER,FULL_BACK,28,1997-11-26,6,419,0,0,0,0,1,Manchester United,MUN,https://img.uefa.com/imgml/TP/teams/logos/240x240/52682.png,250123067,https://img.uefa.com/imgml/TP/players/1/2022/324x324/250123067.jpg,2021-22
Hakan Çalhanoğlu,Türkiye,MIDFIELDER,ATTACKING_MIDFIELDER,32,1994-02-08,6,419,0,0,0,0,0,FC Internazionale Milano,INT,https://img.uefa.com/imgml/TP/teams/logos/240x240/50138.png,250022829,https://img.uefa.com/imgml/TP/players/1/2022/324x324/250022829.jpg,2021-22
Fikayo Tomori,England,DEFENDER,CENTRE_BACK,28,1997-12-19,5,418,1,0,0,2,0,AC Milan,MIL,https://img.uefa.com/imgml/TP/teams/logos/240x240/50058.png,250067630,https://img.uefa.com/imgml/TP/players/1/2022/324x324/250067630.jpg,2021-22
Sven Botman,Netherlands,DEFENDER,CENTRE_BACK,26,2000-01-12,5,418,0,0,0,1,0,LOSC Lille,LIL,https://img.uefa.com/imgml/TP/teams/logos/240x240/75797.png,250101719,https://img.uefa.com/imgml/TP/players/1/2022/324x324/250101719.jpg,2021-22
Mats Rits,Belgium,MIDFIELDER,DEFENSIVE_MIDFIELDER,32,1993-07-18,6,417,2,0,0,0,0,Club Brugge KV,BRU,https://img.uefa.com/imgml/TP/teams/logos/240x240/50043.png,250012557,https://img.uefa.com/imgml/TP/players/1/2022/324x324/250012557.jpg,2021-22
Ridle Baku,Germany,MIDFIELDER,UNKNOWN,28,1998-04-08,6,413,1,0,0,0,0,VfL Wolfsburg,WOB,https://img.uefa.com/imgml/TP/teams/logos/240x240/64332.png,250104720,https://img.uefa.com/imgml/TP/players/1/2022/324x324/250104720.jpg,2021-22
Anel Ahmedhodžić,Bosnia and Herzegovina,DEFENDER,CENTRE_BACK,27,1999-03-26,5,413,0,0,0,1,1,Malmö FF,MAL,https://img.uefa.com/imgml/TP/teams/logos/240x240/50152.png,250076489,https://img.uefa.com/imgml/TP/players/1/2022/324x324/250076489.jpg,2021-22
André Silva,Portugal,FORWARD,STRIKER,30,1995-11-06,6,410,3,2,0,0,0,RB Leipzig,RBL,https://img.uefa.com/imgml/TP/teams/logos/240x240/2603790.png,250042521,https://img.uefa.com/imgml/TP/players/1/2022/324x324/250042521.jpg,2021-22
Arturo Vidal,Chile,MIDFIELDER,UNKNOWN,39,1987-05-22,7,409,1,2,0,1,0,FC Internazionale Milano,INT,https://img.uefa.com/imgml/TP/teams/logos/240x240/50138.png,1906016,https://img.uefa.com/imgml/TP/players/1/2022/324x324/1906016.jpg,2021-22
Éder Balanta,Colombia,DEFENDER,DEFENSIVE_MIDFIELDER,33,1993-02-28,5,407,0,0,0,4,0,Club Brugge KV,BRU,https://img.uefa.com/imgml/TP/teams/logos/240x240/50043.png,250067467,https://img.uefa.com/imgml/TP/players/1/2022/324x324/250067467.jpg,2021-22
Renato Sanches,Portugal,MIDFIELDER,CENTRAL_MIDFIELDER,28,1997-08-18,5,407,0,0,0,0,0,LOSC Lille,LIL,https://img.uefa.com/imgml/TP/teams/logos/240x240/75797.png,250058218,https://img.uefa.com/imgml/TP/players/1/2022/324x324/250058218.jpg,2021-22
Davide Zappacosta,Italy,DEFENDER,FULL_BACK,33,1992-06-11,6,405,0,1,0,1,0,Atalanta BC,ATA,https://img.uefa.com/imgml/TP/teams/logos/240x240/52816.png,250064232,https://img.uefa.com/imgml/TP/players/1/2022/324x324/250064232.jpg,2021-22
Konrad Laimer,Austria,MIDFIELDER,CENTRAL_MIDFIELDER,29,1997-05-27,6,405,0,1,0,0,0,RB Leipzig,RBL,https://img.uefa.com/imgml/TP/teams/logos/240x240/2603790.png,250065413,https://img.uefa.com/imgml/TP/players/1/2022/324x324/250065413.jpg,2021-22
Dimitris Kolovos,Greece,MIDFIELDER,UNKNOWN,33,1993-04-27,6,405,0,0,0,1,0,FC Sheriff Tiraspol,SHE,https://img.uefa.com/imgml/TP/teams/logos/240x240/69606.png,250017689,https://img.uefa.com/imgml/TP/players/1/2022/324x324/250017689.jpg,2021-22
Valentin Rosier,France,DEFENDER,FULL_BACK,29,1996-08-19,5,405,0,0,0,0,0,Beşiktaş JK,BES,https://img.uefa.com/imgml/TP/teams/logos/240x240/50157.png,250116788,https://img.uefa.com/imgml/TP/players/1/2022/324x324/250116788.jpg,2021-22
Ángel Correa,Argentina,FORWARD,WINGER,31,1995-03-09,10,401,1,0,0,2,0,Atlético de Madrid,ATM,https://img.uefa.com/imgml/TP/teams/logos/240x240/50124.png,250086315,https://img.uefa.com/imgml/TP/players/1/2022/324x324/250086315.jpg,2021-22
Idrissa Gueye,Senegal,MIDFIELDER,DEFENSIVE_MIDFIELDER,36,1989-09-26,7,400,1,0,0,1,0,Paris Saint-Germain,PSG,https://img.uefa.com/imgml/TP/teams/logos/240x240/52747.png,250011210,https://img.uefa.com/imgml/TP/players/1/2022/324x324/250011210.jpg,2021-22
Scott McTominay,Scotland,FORWARD,DEFENSIVE_MIDFIELDER,29,1996-12-08,5,400,0,0,0,1,0,Manchester United,MUN,https://img.uefa.com/imgml/TP/teams/logos/240x240/52682.png,250088240,https://img.uefa.com/imgml/TP/players/1/2022/324x324/250088240.jpg,2021-22
Gavi,Spain,MIDFIELDER,UNKNOWN,21,2004-08-05,6,398,0,0,0,2,0,FC Barcelona,BAR,https://img.uefa.com/imgml/TP/teams/logos/240x240/50080.png,250139255,https://img.uefa.com/imgml/TP/players/1/2022/324x324/250139255.jpg,2021-22
Wout Weghorst,Netherlands,FORWARD,STRIKER,33,1992-08-07,5,398,0,0,0,2,0,VfL Wolfsburg,WOB,https://img.uefa.com/imgml/TP/teams/logos/240x240/64332.png,250078682,https://img.uefa.com/imgml/TP/players/1/2022/324x324/250078682.jpg,2021-22
Luke Shaw,England,DEFENDER,FULL_BACK,30,1995-07-12,5,397,0,2,0,2,0,Manchester United,MUN,https://img.uefa.com/imgml/TP/teams/logos/240x240/52682.png,250042705,https://img.uefa.com/imgml/TP/players/1/2022/324x324/250042705.jpg,2021-22
Julian Brandt,Germany,MIDFIELDER,WINGER,30,1996-05-02,5,395,0,0,0,0,0,Borussia Dortmund,BVB,https://img.uefa.com/imgml/TP/teams/logos/240x240/52758.png,250046522,https://img.uefa.com/imgml/TP/players/1/2022/324x324/250046522.jpg,2021-22
Jadon Sancho,England,MIDFIELDER,WINGER,26,2000-03-25,7,393,1,0,0,0,0,Manchester United,MUN,https://img.uefa.com/imgml/TP/teams/logos/240x240/52682.png,250102216,https://img.uefa.com/imgml/TP/players/1/2022/324x324/250102216.jpg,2021-22
Gerard Piqué,Spain,DEFENDER,CENTRE_BACK,39,1987-02-02,5,393,1,0,0,2,0,FC Barcelona,BAR,https://img.uefa.com/imgml/TP/teams/logos/240x240/50080.png,93148,https://img.uefa.com/imgml/TP/players/1/2022/324x324/93148.jpg,2021-22
Donyell Malen,Netherlands,FORWARD,STRIKER,27,1999-01-19,6,392,3,0,0,0,0,Borussia Dortmund,BVB,https://img.uefa.com/imgml/TP/teams/logos/240x240/52758.png,250081555,https://img.uefa.com/imgml/TP/players/1/2022/324x324/250081555.jpg,2021-22
Alessio Romagnoli,Italy,DEFENDER,CENTRE_BACK,31,1995-01-12,5,392,0,0,0,0,0,AC Milan,MIL,https://img.uefa.com/imgml/TP/teams/logos/240x240/50058.png,250047045,https://img.uefa.com/imgml/TP/players/1/2022/324x324/250047045.jpg,2021-22
Serge Gnabry,Germany,FORWARD,WINGER,30,1995-07-14,8,391,3,2,0,0,0,FC Bayern München,BAY,https://img.uefa.com/imgml/TP/teams/logos/240x240/50037.png,250041770,https://img.uefa.com/imgml/TP/players/1/2022/324x324/250041770.jpg,2021-22
Zaidu Sanusi,Nigeria,DEFENDER,UNKNOWN,28,1997-06-13,6,389,0,0,0,1,0,FC Porto,POR,https://img.uefa.com/imgml/TP/teams/logos/240x240/50064.png,250144327,https://img.uefa.com/imgml/TP/players/1/2022/324x324/250144327.jpg,2021-22
Weston McKennie,USA,MIDFIELDER,UNKNOWN,27,1998-08-28,6,388,0,0,0,0,0,Juventus,JUV,https://img.uefa.com/imgml/TP/teams/logos/240x240/50139.png,250116904,https://img.uefa.com/imgml/TP/players/1/2022/324x324/250116904.jpg,2021-22
Silvan Hefti,Switzerland,DEFENDER,FULL_BACK,28,1997-10-25,6,386,1,1,0,1,0,BSC Young Boys,YB,https://img.uefa.com/imgml/TP/teams/logos/240x240/50031.png,250092583,https://img.uefa.com/imgml/TP/players/1/2022/324x324/250092583.jpg,2021-22
Emil Forsberg,Sweden,FORWARD,WINGER,34,1991-10-23,6,385,2,2,1,0,0,RB Leipzig,RBL,https://img.uefa.com/imgml/TP/teams/logos/240x240/2603790.png,250013469,https://img.uefa.com/imgml/TP/players/1/2022/324x324/250013469.jpg,2021-22
Michy Batshuayi,Belgium,FORWARD,STRIKER,32,1993-10-02,5,383,0,0,0,1,0,Beşiktaş JK,BES,https://img.uefa.com/imgml/TP/teams/logos/240x240/50157.png,250038932,https://img.uefa.com/imgml/TP/players/1/2022/324x324/250038932.jpg,2021-22
Rodrigo Bentancur,Uruguay,MIDFIELDER,UNKNOWN,28,1997-06-25,5,382,0,1,0,0,0,Juventus,JUV,https://img.uefa.com/imgml/TP/teams/logos/240x240/50139.png,250112826,https://img.uefa.com/imgml/TP/players/1/2022/324x324/250112826.jpg,2021-22
Ricardo Esgaio,Portugal,DEFENDER,FULL_BACK,33,1993-05-16,8,380,0,2,0,1,0,Sporting Clube de Portugal,SPO,https://img.uefa.com/imgml/TP/teams/logos/240x240/50149.png,250014114,https://img.uefa.com/imgml/TP/players/1/2022/324x324/250014114.jpg,2021-22
Marcos Acuña,Argentina,DEFENDER,ATTACKING_MIDFIELDER,34,1991-10-28,5,379,0,0,0,0,0,Sevilla FC,SEV,https://img.uefa.com/imgml/TP/teams/logos/240x240/52714.png,250111308,https://img.uefa.com/imgml/TP/players/1/2022/324x324/250111308.jpg,2021-22
Thomas Lemar,France,MIDFIELDER,UNKNOWN,30,1995-11-12,8,377,0,1,0,0,0,Atlético de Madrid,ATM,https://img.uefa.com/imgml/TP/teams/logos/240x240/50124.png,250042778,https://img.uefa.com/imgml/TP/players/1/2022/324x324/250042778.jpg,2021-22
Ismaël Bennacer,Algeria,MIDFIELDER,DEFENSIVE_MIDFIELDER,28,1997-12-01,6,376,0,0,0,1,0,AC Milan,MIL,https://img.uefa.com/imgml/TP/teams/logos/240x240/50058.png,250087665,https://img.uefa.com/imgml/TP/players/1/2022/324x324/250087665.jpg,2021-22
Carlos de Pena,Uruguay,MIDFIELDER,WINGER,34,1992-03-11,6,375,0,0,0,0,0,FC Dynamo Kyiv,DKY,https://img.uefa.com/imgml/TP/teams/logos/240x240/52723.png,250132834,https://img.uefa.com/imgml/TP/players/1/2022/324x324/250132834.jpg,2021-22
Jordi Alba,Spain,DEFENDER,FULL_BACK,37,1989-03-21,5,375,0,1,0,0,0,FC Barcelona,BAR,https://img.uefa.com/imgml/TP/teams/logos/240x240/50080.png,250000036,https://img.uefa.com/imgml/TP/players/1/2022/324x324/250000036.jpg,2021-22
Tetê,Brazil,FORWARD,WINGER,26,2000-02-15,6,373,0,0,0,0,0,FC Shakhtar Donetsk,SHK,https://img.uefa.com/imgml/TP/teams/logos/240x240/52707.png,250132526,https://img.uefa.com/imgml/TP/players/1/2022/324x324/250132526.jpg,2021-22
Merih Demiral,Türkiye,DEFENDER,UNKNOWN,28,1998-03-05,6,370,1,0,0,1,0,Atalanta BC,ATA,https://img.uefa.com/imgml/TP/teams/logos/240x240/52816.png,250077686,https://img.uefa.com/imgml/TP/players/1/2022/324x324/250077686.jpg,2021-22
Gonçalo Ramos,Portugal,FORWARD,STRIKER,24,2001-06-20,7,369,1,1,0,2,0,SL Benfica,BEN,https://img.uefa.com/imgml/TP/teams/logos/240x240/50147.png,250116654,https://img.uefa.com/imgml/TP/players/1/2022/324x324/250116654.jpg,2021-22
Luís Neto,Portugal,DEFENDER,CENTRE_BACK,38,1988-05-26,6,368,0,0,0,1,0,Sporting Clube de Portugal,SPO,https://img.uefa.com/imgml/TP/teams/logos/240x240/50149.png,250034990,https://img.uefa.com/imgml/TP/players/1/2022/324x324/250034990.jpg,2021-22
Christian Pulišić,USA,FORWARD,UNKNOWN,27,1998-09-18,7,367,2,1,0,0,0,Chelsea FC,CHE,https://img.uefa.com/imgml/TP/teams/logos/240x240/52914.png,250096698,https://img.uefa.com/imgml/TP/players/1/2022/324x324/250096698.jpg,2021-22
Ronald Araújo,Uruguay,DEFENDER,UNKNOWN,27,1999-03-07,5,367,0,0,0,1,0,FC Barcelona,BAR,https://img.uefa.com/imgml/TP/teams/logos/240x240/50080.png,250134170,https://img.uefa.com/imgml/TP/players/1/2022/324x324/250134170.jpg,2021-22
Tomasz Kędziora,Poland,DEFENDER,FULL_BACK,31,1994-06-11,5,366,0,0,0,0,0,FC Dynamo Kyiv,DKY,https://img.uefa.com/imgml/TP/teams/logos/240x240/52723.png,250024359,https://img.uefa.com/imgml/TP/players/1/2022/324x324/250024359.jpg,2021-22
Danilo,Portugal,MIDFIELDER,DEFENSIVE_MIDFIELDER,34,1991-09-09,7,362,0,0,0,2,0,Paris Saint-Germain,PSG,https://img.uefa.com/imgml/TP/teams/logos/240x240/52747.png,250014528,https://img.uefa.com/imgml/TP/players/1/2022/324x324/250014528.jpg,2021-22
Jérôme Roussillon,France,DEFENDER,FULL_BACK,33,1993-01-06,6,362,0,0,0,2,0,VfL Wolfsburg,WOB,https://img.uefa.com/imgml/TP/teams/logos/240x240/64332.png,250029032,https://img.uefa.com/imgml/TP/players/1/2022/324x324/250029032.jpg,2021-22
Rafael Tolói,Italy,DEFENDER,CENTRE_BACK,35,1990-10-10,4,360,0,0,0,0,0,Atalanta BC,ATA,https://img.uefa.com/imgml/TP/teams/logos/240x240/52816.png,250112488,https://img.uefa.com/imgml/TP/players/1/2022/324x324/250112488.jpg,2021-22
Mykola Matviyenko,Ukraine,DEFENDER,CENTRE_BACK,30,1996-05-02,4,360,0,0,0,0,0,FC Shakhtar Donetsk,SHK,https://img.uefa.com/imgml/TP/teams/logos/240x240/52707.png,250064444,https://img.uefa.com/imgml/TP/players/1/2022/324x324/250064444.jpg,2021-22
Stanislav Kritsyuk,Russia,GOALKEEPER,GOALKEEPER,35,1990-12-01,4,360,0,0,0,0,0,FC Zenit,ZEN,https://img.uefa.com/imgml/TP/teams/logos/240x240/52826.png,250050488,https://img.uefa.com/imgml/TP/players/1/2022/324x324/250050488.jpg,2021-22
Ruben Loftus-Cheek,England,MIDFIELDER,CENTRAL_MIDFIELDER,30,1996-01-23,8,358,0,1,0,2,0,Chelsea FC,CHE,https://img.uefa.com/imgml/TP/teams/logos/240x240/52914.png,250056566,https://img.uefa.com/imgml/TP/players/1/2022/324x324/250056566.jpg,2021-22
Mats Hummels,Germany,DEFENDER,CENTRE_BACK,37,1988-12-16,5,358,0,0,0,1,1,Borussia Dortmund,BVB,https://img.uefa.com/imgml/TP/teams/logos/240x240/52758.png,106587,https://img.uefa.com/imgml/TP/players/1/2022/324x324/106587.jpg,2021-22
Lukas Klostermann,Germany,DEFENDER,FULL_BACK,30,1996-06-03,5,357,0,0,0,1,0,RB Leipzig,RBL,https://img.uefa.com/imgml/TP/teams/logos/240x240/2603790.png,250058260,https://img.uefa.com/imgml/TP/players/1/2022/324x324/250058260.jpg,2021-22
Frank Castañeda,Colombia,MIDFIELDER,UNKNOWN,31,1994-07-17,5,357,0,0,0,0,0,FC Sheriff Tiraspol,SHE,https://img.uefa.com/imgml/TP/teams/logos/240x240/69606.png,250141176,https://img.uefa.com/imgml/TP/players/1/2022/324x324/250141176.jpg,2021-22
Veljko Birmančević,Serbia,MIDFIELDER,UNKNOWN,28,1998-03-05,6,356,0,1,0,0,0,Malmö FF,MAL,https://img.uefa.com/imgml/TP/teams/logos/240x240/50152.png,250105717,https://img.uefa.com/imgml/TP/players/1/2022/324x324/250105717.jpg,2021-22
Ismaily,Brazil,DEFENDER,FULL_BACK,36,1990-01-11,5,355,0,0,0,0,0,FC Shakhtar Donetsk,SHK,https://img.uefa.com/imgml/TP/teams/logos/240x240/52707.png,250053792,https://img.uefa.com/imgml/TP/players/1/2022/324x324/250053792.jpg,2021-22
Cyle Larin,Canada,FORWARD,STRIKER,31,1995-04-17,5,354,1,0,0,3,0,Beşiktaş JK,BES,https://img.uefa.com/imgml/TP/teams/logos/240x240/50157.png,250070343,https://img.uefa.com/imgml/TP/players/1/2022/324x324/250070343.jpg,2021-22
Raphaël Varane,France,DEFENDER,CENTRE_BACK,33,1993-04-25,5,353,0,0,0,1,0,Manchester United,MUN,https://img.uefa.com/imgml/TP/teams/logos/240x240/52682.png,250025891,https://img.uefa.com/imgml/TP/players/1/2022/324x324/250025891.jpg,2021-22
Gabriel Jesus,Brazil,FORWARD,STRIKER,29,1997-04-03,8,352,4,1,0,3,0,Manchester City,MCI,https://img.uefa.com/imgml/TP/teams/logos/240x240/52919.png,250106649,https://img.uefa.com/imgml/TP/players/1/2022/324x324/250106649.jpg,2021-22
Brahim Díaz,Morocco,FORWARD,ATTACKING_MIDFIELDER,26,1999-08-03,5,351,1,1,0,1,0,AC Milan,MIL,https://img.uefa.com/imgml/TP/teams/logos/240x240/50058.png,250088039,https://img.uefa.com/imgml/TP/players/1/2022/324x324/250088039.jpg,2021-22
João Mário,Portugal,DEFENDER,UNKNOWN,26,2000-01-03,4,351,0,0,0,0,0,FC Porto,POR,https://img.uefa.com/imgml/TP/teams/logos/240x240/50064.png,250113343,https://img.uefa.com/imgml/TP/players/1/2022/324x324/250113343.jpg,2021-22
Fernando,Brazil,FORWARD,STRIKER,27,1999-03-01,5,350,2,0,0,1,0,FC Shakhtar Donetsk,SHK,https://img.uefa.com/imgml/TP/teams/logos/240x240/52707.png,250121492,https://img.uefa.com/imgml/TP/players/1/2022/324x324/250121492.jpg,2021-22
Lucas Vázquez,Spain,DEFENDER,STRIKER,34,1991-07-01,8,349,0,1,0,1,0,Real Madrid C.F.,RMA,https://img.uefa.com/imgml/TP/teams/logos/240x240/50051.png,250040521,https://img.uefa.com/imgml/TP/players/1/2022/324x324/250040521.jpg,2021-22
Pepe,Portugal,DEFENDER,CENTRE_BACK,43,1983-02-26,5,349,0,0,0,1,0,FC Porto,POR,https://img.uefa.com/imgml/TP/teams/logos/240x240/50064.png,95417,https://img.uefa.com/imgml/TP/players/1/2022/324x324/95417.jpg,2021-22
Fernandinho,Brazil,MIDFIELDER,UNKNOWN,41,1985-05-04,8,347,0,2,0,1,0,Manchester City,MCI,https://img.uefa.com/imgml/TP/teams/logos/240x240/52919.png,101299,https://img.uefa.com/imgml/TP/players/1/2022/324x324/101299.jpg,2021-22
Luis Suárez,Uruguay,FORWARD,UNKNOWN,39,1987-01-24,7,347,1,0,1,2,0,Atlético de Madrid,ATM,https://img.uefa.com/imgml/TP/teams/logos/240x240/50124.png,106375,https://img.uefa.com/imgml/TP/players/1/2022/324x324/106375.jpg,2021-22
Paul Pogba,France,MIDFIELDER,CENTRAL_MIDFIELDER,33,1993-03-15,6,347,0,0,0,0,0,Manchester United,MUN,https://img.uefa.com/imgml/TP/teams/logos/240x240/52682.png,250015808,https://img.uefa.com/imgml/TP/players/1/2022/324x324/250015808.jpg,2021-22
Mohamed Ali Camara,Rep of Guinea,DEFENDER,CENTRE_BACK,28,1997-08-28,4,347,0,0,0,0,0,BSC Young Boys,YB,https://img.uefa.com/imgml/TP/teams/logos/240x240/50031.png,250122187,https://img.uefa.com/imgml/TP/players/1/2022/324x324/250122187.jpg,2021-22
Noah Okafor,Switzerland,FORWARD,WINGER,26,2000-05-24,6,345,3,0,0,1,0,FC Salzburg,SAL,https://img.uefa.com/imgml/TP/teams/logos/240x240/50030.png,250101696,https://img.uefa.com/imgml/TP/players/1/2022/324x324/250101696.jpg,2021-22
Rachid Ghezzal,Algeria,FORWARD,WINGER,34,1992-05-09,5,345,1,0,1,1,0,Beşiktaş JK,BES,https://img.uefa.com/imgml/TP/teams/logos/240x240/50157.png,250039725,https://img.uefa.com/imgml/TP/players/1/2022/324x324/250039725.jpg,2021-22
Clément Lenglet,France,DEFENDER,UNKNOWN,30,1995-06-17,4,345,0,0,0,1,0,FC Barcelona,BAR,https://img.uefa.com/imgml/TP/teams/logos/240x240/50080.png,250042779,https://img.uefa.com/imgml/TP/players/1/2022/324x324/250042779.jpg,2021-22
Kostas Tsimikas,Greece,DEFENDER,FULL_BACK,30,1996-05-12,5,344,0,2,0,0,0,Liverpool FC,LIV,https://img.uefa.com/imgml/TP/teams/logos/240x240/7889.png,250076631,https://img.uefa.com/imgml/TP/players/1/2022/324x324/250076631.jpg,2021-22
Adel Taarabt,Morocco,MIDFIELDER,WINGER,37,1989-05-24,9,343,0,0,0,2,0,SL Benfica,BEN,https://img.uefa.com/imgml/TP/teams/logos/240x240/50147.png,103893,https://img.uefa.com/imgml/TP/players/1/2022/324x324/103893.jpg,2021-22
Pedrinho,Brazil,MIDFIELDER,WINGER,28,1998-04-13,4,343,0,0,0,0,0,FC Shakhtar Donetsk,SHK,https://img.uefa.com/imgml/TP/teams/logos/240x240/52707.png,250144964,https://img.uefa.com/imgml/TP/players/1/2022/324x324/250144964.jpg,2021-22
Jordan Siebatcheu,USA,FORWARD,STRIKER,30,1996-04-26,6,341,2,0,0,0,0,BSC Young Boys,YB,https://img.uefa.com/imgml/TP/teams/logos/240x240/50031.png,250088770,https://img.uefa.com/imgml/TP/players/1/2022/324x324/250088770.jpg,2021-22
Aster Vranckx,Belgium,MIDFIELDER,UNKNOWN,23,2002-10-04,4,337,0,0,0,0,0,VfL Wolfsburg,WOB,https://img.uefa.com/imgml/TP/teams/logos/240x240/64332.png,250138311,https://img.uefa.com/imgml/TP/players/1/2022/324x324/250138311.jpg,2021-22
Federico Chiesa,Italy,FORWARD,ATTACKING_MIDFIELDER,28,1997-10-25,4,336,2,0,0,0,0,Juventus,JUV,https://img.uefa.com/imgml/TP/teams/logos/240x240/50139.png,250090398,https://img.uefa.com/imgml/TP/players/1/2022/324x324/250090398.jpg,2021-22
Joško Gvardiol,Croatia,DEFENDER,CENTRE_BACK,24,2002-01-23,6,334,0,0,0,0,0,RB Leipzig,RBL,https://img.uefa.com/imgml/TP/teams/logos/240x240/2603790.png,250127284,https://img.uefa.com/imgml/TP/players/1/2022/324x324/250127284.jpg,2021-22
Sandro Tonali,Italy,MIDFIELDER,DEFENSIVE_MIDFIELDER,26,2000-05-08,6,333,0,0,0,0,0,AC Milan,MIL,https://img.uefa.com/imgml/TP/teams/logos/240x240/50058.png,250117809,https://img.uefa.com/imgml/TP/players/1/2022/324x324/250117809.jpg,2021-22
Jesús Navas,Spain,FORWARD,FULL_BACK,40,1985-11-21,4,332,0,0,0,1,0,Sevilla FC,SEV,https://img.uefa.com/imgml/TP/teams/logos/240x240/52714.png,69173,https://img.uefa.com/imgml/TP/players/1/2022/324x324/69173.jpg,2021-22
Eduard Sobol,Ukraine,DEFENDER,FULL_BACK,31,1995-04-20,4,331,0,1,0,0,0,Club Brugge KV,BRU,https://img.uefa.com/imgml/TP/teams/logos/240x240/50043.png,250042644,https://img.uefa.com/imgml/TP/players/1/2022/324x324/250042644.jpg,2021-22
John Brooks,USA,DEFENDER,CENTRE_BACK,33,1993-01-28,4,331,0,0,0,3,1,VfL Wolfsburg,WOB,https://img.uefa.com/imgml/TP/teams/logos/240x240/64332.png,250134385,https://img.uefa.com/imgml/TP/players/1/2022/324x324/250134385.jpg,2021-22
Manu Trigueros,Spain,MIDFIELDER,CENTRAL_MIDFIELDER,34,1991-10-17,9,330,1,0,0,0,0,Villarreal CF,VIL,https://img.uefa.com/imgml/TP/teams/logos/240x240/70691.png,250043186,https://img.uefa.com/imgml/TP/players/1/2022/324x324/250043186.jpg,2021-22
Pedro Gonçalves,Portugal,MIDFIELDER,UNKNOWN,27,1998-06-28,5,329,4,2,1,0,0,Sporting Clube de Portugal,SPO,https://img.uefa.com/imgml/TP/teams/logos/240x240/50149.png,250143328,https://img.uefa.com/imgml/TP/players/1/2022/324x324/250143328.jpg,2021-22
Kevin Mbabu,Switzerland,DEFENDER,FULL_BACK,31,1995-04-19,6,328,0,0,0,2,0,VfL Wolfsburg,WOB,https://img.uefa.com/imgml/TP/teams/logos/240x240/64332.png,250046574,https://img.uefa.com/imgml/TP/players/1/2022/324x324/250046574.jpg,2021-22
Oumar Solet,France,DEFENDER,CENTRE_BACK,26,2000-02-07,5,328,0,0,0,0,0,FC Salzburg,SAL,https://img.uefa.com/imgml/TP/teams/logos/240x240/50030.png,250117377,https://img.uefa.com/imgml/TP/players/1/2022/324x324/250117377.jpg,2021-22
Anders Christiansen,Denmark,MIDFIELDER,DEFENSIVE_MIDFIELDER,35,1990-06-08,4,328,0,0,0,1,0,Malmö FF,MAL,https://img.uefa.com/imgml/TP/teams/logos/240x240/50152.png,250006516,https://img.uefa.com/imgml/TP/players/1/2022/324x324/250006516.jpg,2021-22
Joan Jordán,Spain,MIDFIELDER,CENTRAL_MIDFIELDER,31,1994-07-06,6,327,1,0,0,2,1,Sevilla FC,SEV,https://img.uefa.com/imgml/TP/teams/logos/240x240/52714.png,250086646,https://img.uefa.com/imgml/TP/players/1/2022/324x324/250086646.jpg,2021-22
Ander Herrera,Spain,MIDFIELDER,CENTRAL_MIDFIELDER,36,1989-08-14,6,326,1,0,0,1,0,Paris Saint-Germain,PSG,https://img.uefa.com/imgml/TP/teams/logos/240x240/52747.png,250014680,https://img.uefa.com/imgml/TP/players/1/2022/324x324/250014680.jpg,2021-22
Denys Garmash,Ukraine,MIDFIELDER,CENTRAL_MIDFIELDER,36,1990-04-19,6,325,1,0,0,2,0,FC Dynamo Kyiv,DKY,https://img.uefa.com/imgml/TP/teams/logos/240x240/52723.png,1902207,https://img.uefa.com/imgml/TP/players/1/2022/324x324/1902207.jpg,2021-22
Nathan Aké,Netherlands,DEFENDER,UNKNOWN,31,1995-02-18,6,324,1,0,0,1,0,Manchester City,MCI,https://img.uefa.com/imgml/TP/teams/logos/240x240/52919.png,250027008,https://img.uefa.com/imgml/TP/players/1/2022/324x324/250027008.jpg,2021-22
Roberto Firmino,Brazil,FORWARD,STRIKER,34,1991-10-02,7,323,5,0,0,0,0,Liverpool FC,LIV,https://img.uefa.com/imgml/TP/teams/logos/240x240/7889.png,250080619,https://img.uefa.com/imgml/TP/players/1/2022/324x324/250080619.jpg,2021-22
Lukas Nmecha,Germany,FORWARD,STRIKER,27,1998-12-14,5,322,2,0,0,3,0,VfL Wolfsburg,WOB,https://img.uefa.com/imgml/TP/teams/logos/240x240/64332.png,250079525,https://img.uefa.com/imgml/TP/players/1/2022/324x324/250079525.jpg,2021-22
Manor Solomon,Israel,MIDFIELDER,WINGER,26,1999-07-24,5,322,0,0,0,0,0,FC Shakhtar Donetsk,SHK,https://img.uefa.com/imgml/TP/teams/logos/240x240/52707.png,250091808,https://img.uefa.com/imgml/TP/players/1/2022/324x324/250091808.jpg,2021-22
Alejandro Gómez,Argentina,FORWARD,ATTACKING_MIDFIELDER,38,1988-02-15,5,322,0,0,0,0,0,Sevilla FC,SEV,https://img.uefa.com/imgml/TP/teams/logos/240x240/52714.png,250036022,https://img.uefa.com/imgml/TP/players/1/2022/324x324/250036022.jpg,2021-22
Franck Kessie,Ivory Coast,MIDFIELDER,CENTRAL_MIDFIELDER,29,1996-12-19,5,321,0,1,0,2,1,AC Milan,MIL,https://img.uefa.com/imgml/TP/teams/logos/240x240/50058.png,250097791,https://img.uefa.com/imgml/TP/players/1/2022/324x324/250097791.jpg,2021-22
Romelu Lukaku,Belgium,FORWARD,STRIKER,33,1993-05-13,6,320,2,0,0,0,0,Chelsea FC,CHE,https://img.uefa.com/imgml/TP/teams/logos/240x240/52914.png,250010802,https://img.uefa.com/imgml/TP/players/1/2022/324x324/250010802.jpg,2021-22
Marko Grujić,Serbia,MIDFIELDER,UNKNOWN,30,1996-04-13,6,320,0,1,0,1,0,FC Porto,POR,https://img.uefa.com/imgml/TP/teams/logos/240x240/50064.png,250055207,https://img.uefa.com/imgml/TP/players/1/2022/324x324/250055207.jpg,2021-22
Leandro Paredes,Argentina,MIDFIELDER,DEFENSIVE_MIDFIELDER,31,1994-06-29,5,315,0,0,0,3,0,Paris Saint-Germain,PSG,https://img.uefa.com/imgml/TP/teams/logos/240x240/52747.png,250075844,https://img.uefa.com/imgml/TP/players/1/2022/324x324/250075844.jpg,2021-22
Dejan Lovren,Croatia,DEFENDER,CENTRE_BACK,36,1989-07-05,4,315,0,0,0,2,0,FC Zenit,ZEN,https://img.uefa.com/imgml/TP/teams/logos/240x240/52826.png,97219,https://img.uefa.com/imgml/TP/players/1/2022/324x324/97219.jpg,2021-22
Willi Orbán,Hungary,DEFENDER,CENTRE_BACK,33,1992-11-03,4,315,0,0,0,1,0,RB Leipzig,RBL,https://img.uefa.com/imgml/TP/teams/logos/240x240/2603790.png,250051754,https://img.uefa.com/imgml/TP/players/1/2022/324x324/250051754.jpg,2021-22
Johan Dahlin,Sweden,GOALKEEPER,GOALKEEPER,39,1986-09-08,4,315,0,0,0,1,0,Malmö FF,MAL,https://img.uefa.com/imgml/TP/teams/logos/240x240/50152.png,105069,https://img.uefa.com/imgml/TP/players/1/2022/324x324/105069.jpg,2021-22
Davide Calabria,Italy,DEFENDER,FULL_BACK,29,1996-12-06,4,315,0,0,0,0,0,AC Milan,MIL,https://img.uefa.com/imgml/TP/teams/logos/240x240/50058.png,250058044,https://img.uefa.com/imgml/TP/players/1/2022/324x324/250058044.jpg,2021-22
Welinton,Brazil,DEFENDER,UNKNOWN,37,1989-04-10,4,313,0,0,0,1,1,Beşiktaş JK,BES,https://img.uefa.com/imgml/TP/teams/logos/240x240/50157.png,250142257,https://img.uefa.com/imgml/TP/players/1/2022/324x324/250142257.jpg,2021-22
Evanilson,Brazil,FORWARD,UNKNOWN,26,1999-10-06,4,313,0,0,0,0,0,FC Porto,POR,https://img.uefa.com/imgml/TP/teams/logos/240x240/50064.png,250145251,https://img.uefa.com/imgml/TP/players/1/2022/324x324/250145251.jpg,2021-22
Bruno,Brazil,FORWARD,UNKNOWN,32,1994-05-26,6,312,0,0,0,0,0,FC Sheriff Tiraspol,SHE,https://img.uefa.com/imgml/TP/teams/logos/240x240/69606.png,250121287,https://img.uefa.com/imgml/TP/players/1/2022/324x324/250121287.jpg,2021-22
Alberto Moreno,Spain,DEFENDER,FULL_BACK,33,1992-07-05,7,309,1,0,0,2,0,Villarreal CF,VIL,https://img.uefa.com/imgml/TP/teams/logos/240x240/70691.png,250049798,https://img.uefa.com/imgml/TP/players/1/2022/324x324/250049798.jpg,2021-22
Francisco Montero,Spain,DEFENDER,UNKNOWN,27,1999-01-14,4,306,1,0,0,2,0,Beşiktaş JK,BES,https://img.uefa.com/imgml/TP/teams/logos/240x240/50157.png,250087521,https://img.uefa.com/imgml/TP/players/1/2022/324x324/250087521.jpg,2021-22
Šime Vrsaljko,Croatia,DEFENDER,FULL_BACK,34,1992-01-10,5,304,0,0,0,1,0,Atlético de Madrid,ATM,https://img.uefa.com/imgml/TP/teams/logos/240x240/50124.png,1906421,https://img.uefa.com/imgml/TP/players/1/2022/324x324/1906421.jpg,2021-22
Mason Greenwood,England,FORWARD,STRIKER,24,2001-10-01,4,304,1,1,0,1,0,Manchester United,MUN,https://img.uefa.com/imgml/TP/teams/logos/240x240/52682.png,250116767,https://img.uefa.com/imgml/TP/players/1/2022/324x324/250116767.jpg,2021-22
Sardar Azmoun,Iran,FORWARD,STRIKER,31,1995-01-01,5,303,2,1,0,0,0,FC Zenit,ZEN,https://img.uefa.com/imgml/TP/teams/logos/240x240/52826.png,250061030,https://img.uefa.com/imgml/TP/players/1/2022/324x324/250061030.jpg,2021-22
Ruslan Malinovskyi,Ukraine,MIDFIELDER,ATTACKING_MIDFIELDER,33,1993-05-04,5,301,1,0,0,0,0,Atalanta BC,ATA,https://img.uefa.com/imgml/TP/teams/logos/240x240/52816.png,250043090,https://img.uefa.com/imgml/TP/players/1/2022/324x324/250043090.jpg,2021-22
Sérgio Oliveira,Portugal,MIDFIELDER,CENTRAL_MIDFIELDER,34,1992-06-02,6,300,1,0,1,1,0,FC Porto,POR,https://img.uefa.com/imgml/TP/teams/logos/240x240/50064.png,250003853,https://img.uefa.com/imgml/TP/players/1/2022/324x324/250003853.jpg,2021-22
Alex Oxlade-Chamberlain,England,MIDFIELDER,WINGER,32,1993-08-15,6,300,0,1,0,0,0,Liverpool FC,LIV,https://img.uefa.com/imgml/TP/teams/logos/240x240/7889.png,250021048,https://img.uefa.com/imgml/TP/players/1/2022/324x324/250021048.jpg,2021-22
Vyacheslav Karavaev,Russia,DEFENDER,FULL_BACK,31,1995-05-20,4,299,0,1,0,1,0,FC Zenit,ZEN,https://img.uefa.com/imgml/TP/teams/logos/240x240/52826.png,250042589,https://img.uefa.com/imgml/TP/players/1/2022/324x324/250042589.jpg,2021-22
Kamal Sowah,Ghana,MIDFIELDER,UNKNOWN,26,2000-01-09,5,298,0,0,0,0,0,Club Brugge KV,BRU,https://img.uefa.com/imgml/TP/teams/logos/240x240/50043.png,250163383,https://img.uefa.com/imgml/TP/players/1/2022/324x324/250163383.jpg,2021-22
Jonathan Ikoné,France,FORWARD,ATTACKING_MIDFIELDER,28,1998-05-02,5,297,1,2,0,4,0,LOSC Lille,LIL,https://img.uefa.com/imgml/TP/teams/logos/240x240/75797.png,250076648,https://img.uefa.com/imgml/TP/players/1/2022/324x324/250076648.jpg,2021-22
Mohamed Simakan,France,DEFENDER,UNKNOWN,26,2000-05-03,4,297,0,0,0,2,0,RB Leipzig,RBL,https://img.uefa.com/imgml/TP/teams/logos/240x240/2603790.png,250132434,https://img.uefa.com/imgml/TP/players/1/2022/324x324/250132434.jpg,2021-22
Eduardo Camavinga,France,MIDFIELDER,DEFENSIVE_MIDFIELDER,23,2002-11-10,10,296,0,1,0,1,0,Real Madrid C.F.,RMA,https://img.uefa.com/imgml/TP/teams/logos/240x240/50051.png,250128270,https://img.uefa.com/imgml/TP/players/1/2022/324x324/250128270.jpg,2021-22
Dodi Lukébakio,Belgium,FORWARD,UNKNOWN,28,1997-09-24,6,296,0,0,0,0,0,VfL Wolfsburg,WOB,https://img.uefa.com/imgml/TP/teams/logos/240x240/64332.png,250067658,https://img.uefa.com/imgml/TP/players/1/2022/324x324/250067658.jpg,2021-22
Rafael Leão,Portugal,FORWARD,STRIKER,26,1999-06-10,4,294,1,1,0,1,0,AC Milan,MIL,https://img.uefa.com/imgml/TP/teams/logos/240x240/50058.png,250089228,https://img.uefa.com/imgml/TP/players/1/2022/324x324/250089228.jpg,2021-22
Alex Telles,Brazil,DEFENDER,FULL_BACK,33,1992-12-15,4,293,1,0,0,2,0,Manchester United,MUN,https://img.uefa.com/imgml/TP/teams/logos/240x240/52682.png,250067802,https://img.uefa.com/imgml/TP/players/1/2022/324x324/250067802.jpg,2021-22
Aleksei Sutormin,Russia,MIDFIELDER,UNKNOWN,32,1994-01-10,4,293,1,0,0,0,0,FC Zenit,ZEN,https://img.uefa.com/imgml/TP/teams/logos/240x240/52826.png,250132797,https://img.uefa.com/imgml/TP/players/1/2022/324x324/250132797.jpg,2021-22
Federico Bernardeschi,Italy,MIDFIELDER,WINGER,32,1994-02-16,5,292,0,2,0,0,0,Juventus,JUV,https://img.uefa.com/imgml/TP/teams/logos/240x240/50139.png,250061597,https://img.uefa.com/imgml/TP/players/1/2022/324x324/250061597.jpg,2021-22
Tyler Adams,USA,MIDFIELDER,UNKNOWN,27,1999-02-14,5,292,0,0,0,4,0,RB Leipzig,RBL,https://img.uefa.com/imgml/TP/teams/logos/240x240/2603790.png,250116903,https://img.uefa.com/imgml/TP/players/1/2022/324x324/250116903.jpg,2021-22
Callum Hudson-Odoi,England,FORWARD,UNKNOWN,25,2000-11-07,5,289,1,2,0,1,0,Chelsea FC,CHE,https://img.uefa.com/imgml/TP/teams/logos/240x240/52914.png,250104090,https://img.uefa.com/imgml/TP/players/1/2022/324x324/250104090.jpg,2021-22
Matheus Uribe,Colombia,MIDFIELDER,CENTRAL_MIDFIELDER,35,1991-03-21,4,289,0,0,0,3,0,FC Porto,POR,https://img.uefa.com/imgml/TP/teams/logos/240x240/50064.png,250118245,https://img.uefa.com/imgml/TP/players/1/2022/324x324/250118245.jpg,2021-22
Mattia De Sciglio,Italy,DEFENDER,FULL_BACK,33,1992-10-20,4,286,0,1,0,0,0,Juventus,JUV,https://img.uefa.com/imgml/TP/teams/logos/240x240/50139.png,250024083,https://img.uefa.com/imgml/TP/players/1/2022/324x324/250024083.jpg,2021-22
Martin Olsson,Sweden,DEFENDER,FULL_BACK,38,1988-05-17,6,284,0,0,0,0,0,Malmö FF,MAL,https://img.uefa.com/imgml/TP/teams/logos/240x240/50152.png,108226,https://img.uefa.com/imgml/TP/players/1/2022/324x324/108226.jpg,2021-22
Federico Dimarco,Italy,DEFENDER,UNKNOWN,28,1997-11-10,7,283,0,0,0,1,0,FC Internazionale Milano,INT,https://img.uefa.com/imgml/TP/teams/logos/240x240/50138.png,250056189,https://img.uefa.com/imgml/TP/players/1/2022/324x324/250056189.jpg,2021-22
Nicolás Capaldo,Argentina,MIDFIELDER,UNKNOWN,27,1998-09-14,7,281,0,0,0,3,0,FC Salzburg,SAL,https://img.uefa.com/imgml/TP/teams/logos/240x240/50030.png,250161140,https://img.uefa.com/imgml/TP/players/1/2022/324x324/250161140.jpg,2021-22
Sergio Peña,Peru,MIDFIELDER,UNKNOWN,30,1995-09-28,5,281,0,0,0,1,0,Malmö FF,MAL,https://img.uefa.com/imgml/TP/teams/logos/240x240/50152.png,250118408,https://img.uefa.com/imgml/TP/players/1/2022/324x324/250118408.jpg,2021-22
Artem Dzyuba,Russia,FORWARD,STRIKER,37,1988-08-22,6,277,0,1,0,0,0,FC Zenit,ZEN,https://img.uefa.com/imgml/TP/teams/logos/240x240/52826.png,97787,https://img.uefa.com/imgml/TP/players/1/2022/324x324/97787.jpg,2021-22
Ivan Rakitić,Croatia,MIDFIELDER,CENTRAL_MIDFIELDER,38,1988-03-10,5,276,2,1,2,1,0,Sevilla FC,SEV,https://img.uefa.com/imgml/TP/teams/logos/240x240/52714.png,97744,https://img.uefa.com/imgml/TP/players/1/2022/324x324/97744.jpg,2021-22
Eric Larsson,Sweden,DEFENDER,FULL_BACK,34,1991-07-15,4,275,0,0,0,2,0,Malmö FF,MAL,https://img.uefa.com/imgml/TP/teams/logos/240x240/50152.png,250018470,https://img.uefa.com/imgml/TP/players/1/2022/324x324/250018470.jpg,2021-22
Samuel Chukwueze,Nigeria,FORWARD,WINGER,27,1999-05-22,9,273,2,0,0,0,0,Villarreal CF,VIL,https://img.uefa.com/imgml/TP/teams/logos/240x240/70691.png,250122746,https://img.uefa.com/imgml/TP/players/1/2022/324x324/250122746.jpg,2021-22
Erdal Rakip,North Macedonia,MIDFIELDER,CENTRAL_MIDFIELDER,30,1996-02-13,6,273,0,0,0,1,0,Malmö FF,MAL,https://img.uefa.com/imgml/TP/teams/logos/240x240/50152.png,250058142,https://img.uefa.com/imgml/TP/players/1/2022/324x324/250058142.jpg,2021-22
Fabian Rieder,Switzerland,MIDFIELDER,ATTACKING_MIDFIELDER,24,2002-02-16,6,272,1,1,0,0,0,BSC Young Boys,YB,https://img.uefa.com/imgml/TP/teams/logos/240x240/50031.png,250117806,https://img.uefa.com/imgml/TP/players/1/2022/324x324/250117806.jpg,2021-22
Rafa Mir,Spain,FORWARD,UNKNOWN,28,1997-06-18,6,271,1,1,0,1,0,Sevilla FC,SEV,https://img.uefa.com/imgml/TP/teams/logos/240x240/52714.png,250088335,https://img.uefa.com/imgml/TP/players/1/2022/324x324/250088335.jpg,2021-22
Lucas Verissimo,Brazil,DEFENDER,CENTRE_BACK,30,1995-07-02,3,270,0,0,0,1,0,SL Benfica,BEN,https://img.uefa.com/imgml/TP/teams/logos/240x240/50147.png,250153376,https://img.uefa.com/imgml/TP/players/1/2022/324x324/250153376.jpg,2021-22
Mike Maignan,France,GOALKEEPER,GOALKEEPER,30,1995-07-03,3,270,0,0,0,1,0,AC Milan,MIL,https://img.uefa.com/imgml/TP/teams/logos/240x240/50058.png,250042780,https://img.uefa.com/imgml/TP/players/1/2022/324x324/250042780.jpg,2021-22
Kevin Kampl,Slovenia,MIDFIELDER,CENTRAL_MIDFIELDER,35,1990-10-09,3,270,0,0,0,1,0,RB Leipzig,RBL,https://img.uefa.com/imgml/TP/teams/logos/240x240/2603790.png,250014636,https://img.uefa.com/imgml/TP/players/1/2022/324x324/250014636.jpg,2021-22
Guillaume Faivre,Switzerland,GOALKEEPER,GOALKEEPER,39,1987-02-20,3,270,0,0,0,0,0,BSC Young Boys,YB,https://img.uefa.com/imgml/TP/teams/logos/240x240/50031.png,74757,https://img.uefa.com/imgml/TP/players/1/2022/324x324/74757.jpg,2021-22
Anatoliy Trubin,Ukraine,GOALKEEPER,GOALKEEPER,24,2001-08-01,3,270,0,0,0,0,0,FC Shakhtar Donetsk,SHK,https://img.uefa.com/imgml/TP/teams/logos/240x240/52707.png,250113444,https://img.uefa.com/imgml/TP/players/1/2022/324x324/250113444.jpg,2021-22
David von Ballmoos,Switzerland,GOALKEEPER,GOALKEEPER,31,1994-12-30,3,270,0,0,0,0,0,BSC Young Boys,YB,https://img.uefa.com/imgml/TP/teams/logos/240x240/50031.png,250052744,https://img.uefa.com/imgml/TP/players/1/2022/324x324/250052744.jpg,2021-22
Keylor Navas,Costa Rica,GOALKEEPER,UNKNOWN,39,1986-12-15,3,270,0,0,0,0,0,Paris Saint-Germain,PSG,https://img.uefa.com/imgml/TP/teams/logos/240x240/52747.png,250031037,https://img.uefa.com/imgml/TP/players/1/2022/324x324/250031037.jpg,2021-22
Ciprian Tătăruşanu,Romania,GOALKEEPER,GOALKEEPER,40,1986-02-09,3,270,0,0,0,0,0,AC Milan,MIL,https://img.uefa.com/imgml/TP/teams/logos/240x240/50058.png,1902645,https://img.uefa.com/imgml/TP/players/1/2022/324x324/1902645.jpg,2021-22
Fabrice N'Sakala,Congo,DEFENDER,UNKNOWN,35,1990-07-21,3,270,0,0,0,0,0,Beşiktaş JK,BES,https://img.uefa.com/imgml/TP/teams/logos/240x240/50157.png,1902142,https://img.uefa.com/imgml/TP/players/1/2022/324x324/1902142.jpg,2021-22
Simon Kjær,Denmark,DEFENDER,CENTRE_BACK,37,1989-03-26,3,270,0,0,0,0,0,AC Milan,MIL,https://img.uefa.com/imgml/TP/teams/logos/240x240/50058.png,108509,https://img.uefa.com/imgml/TP/players/1/2022/324x324/108509.jpg,2021-22
Christian Fassnacht,Switzerland,MIDFIELDER,STRIKER,32,1993-11-11,3,269,0,0,0,1,0,BSC Young Boys,YB,https://img.uefa.com/imgml/TP/teams/logos/240x240/50031.png,250110901,https://img.uefa.com/imgml/TP/players/1/2022/324x324/250110901.jpg,2021-22
Alan Patrick,Brazil,MIDFIELDER,ATTACKING_MIDFIELDER,35,1991-05-13,4,268,0,1,0,0,0,FC Shakhtar Donetsk,SHK,https://img.uefa.com/imgml/TP/teams/logos/240x240/52707.png,250039161,https://img.uefa.com/imgml/TP/players/1/2022/324x324/250039161.jpg,2021-22
Andriy Pyatov,Ukraine,UNKNOWN,GOALKEEPER,41,1984-06-28,3,266,0,0,0,0,0,FC Shakhtar Donetsk,SHK,https://img.uefa.com/imgml/TP/teams/logos/240x240/52707.png,67855,https://img.uefa.com/imgml/TP/players/1/2022/324x324/67855.jpg,2021-22
Arthur,Brazil,MIDFIELDER,UNKNOWN,29,1996-08-12,6,264,0,0,0,1,0,Juventus,JUV,https://img.uefa.com/imgml/TP/teams/logos/240x240/50139.png,250121747,https://img.uefa.com/imgml/TP/players/1/2022/324x324/250121747.jpg,2021-22
Kenan Karaman,Türkiye,FORWARD,UNKNOWN,32,1994-03-05,5,264,0,0,0,0,0,Beşiktaş JK,BES,https://img.uefa.com/imgml/TP/teams/logos/240x240/50157.png,250050354,https://img.uefa.com/imgml/TP/players/1/2022/324x324/250050354.jpg,2021-22
Georginio Wijnaldum,Netherlands,MIDFIELDER,UNKNOWN,35,1990-11-11,5,261,2,0,0,0,0,Paris Saint-Germain,PSG,https://img.uefa.com/imgml/TP/teams/logos/240x240/52747.png,250187661,https://img.uefa.com/imgml/TP/players/1/2022/324x324/250187661.jpg,2021-22
Olivier Giroud,France,FORWARD,STRIKER,39,1986-09-30,5,261,0,0,0,2,0,AC Milan,MIL,https://img.uefa.com/imgml/TP/teams/logos/240x240/50058.png,250020851,https://img.uefa.com/imgml/TP/players/1/2022/324x324/250020851.jpg,2021-22
Miralem Pjanić,Bosnia and Herzegovina,MIDFIELDER,UNKNOWN,36,1990-04-02,3,261,0,2,0,1,0,Beşiktaş JK,BES,https://img.uefa.com/imgml/TP/teams/logos/240x240/50157.png,104071,https://img.uefa.com/imgml/TP/players/1/2022/324x324/104071.jpg,2021-22
Mehmet Topal,Türkiye,MIDFIELDER,DEFENSIVE_MIDFIELDER,40,1986-03-03,3,261,0,0,0,0,0,Beşiktaş JK,BES,https://img.uefa.com/imgml/TP/teams/logos/240x240/50157.png,106557,https://img.uefa.com/imgml/TP/players/1/2022/324x324/106557.jpg,2021-22
Ángel Di María,Argentina,FORWARD,UNKNOWN,38,1988-02-14,5,260,0,1,0,0,0,Paris Saint-Germain,PSG,https://img.uefa.com/imgml/TP/teams/logos/240x240/52747.png,1905153,https://img.uefa.com/imgml/TP/players/1/2022/324x324/1905153.jpg,2021-22
Berat Djimsiti,Albania,DEFENDER,FULL_BACK,33,1993-02-19,5,260,0,0,0,0,0,Atalanta BC,ATA,https://img.uefa.com/imgml/TP/teams/logos/240x240/52816.png,250028715,https://img.uefa.com/imgml/TP/players/1/2022/324x324/250028715.jpg,2021-22
Boulaye Dia,Senegal,FORWARD,UNKNOWN,29,1996-11-16,8,258,1,0,0,0,0,Villarreal CF,VIL,https://img.uefa.com/imgml/TP/teams/logos/240x240/70691.png,250144292,https://img.uefa.com/imgml/TP/players/1/2022/324x324/250144292.jpg,2021-22
Renato Steffen,Switzerland,MIDFIELDER,WINGER,34,1991-11-03,5,258,2,0,0,2,0,VfL Wolfsburg,WOB,https://img.uefa.com/imgml/TP/teams/logos/240x240/64332.png,250060817,https://img.uefa.com/imgml/TP/players/1/2022/324x324/250060817.jpg,2021-22
Amadou Onana,Belgium,MIDFIELDER,UNKNOWN,24,2001-08-16,8,257,0,0,0,0,0,LOSC Lille,LIL,https://img.uefa.com/imgml/TP/teams/logos/240x240/75797.png,250117708,https://img.uefa.com/imgml/TP/players/1/2022/324x324/250117708.jpg,2021-22
Marcus Rashford,England,FORWARD,STRIKER,28,1997-10-31,5,257,1,0,0,1,0,Manchester United,MUN,https://img.uefa.com/imgml/TP/teams/logos/240x240/52682.png,250088246,https://img.uefa.com/imgml/TP/players/1/2022/324x324/250088246.jpg,2021-22
Daler Kuzyaev,Russia,MIDFIELDER,DEFENSIVE_MIDFIELDER,33,1993-01-15,4,257,1,0,0,0,0,FC Zenit,ZEN,https://img.uefa.com/imgml/TP/teams/logos/240x240/52826.png,250111090,https://img.uefa.com/imgml/TP/players/1/2022/324x324/250111090.jpg,2021-22
Marcos Antônio,Brazil,MIDFIELDER,CENTRAL_MIDFIELDER,25,2000-06-13,5,256,0,0,0,1,0,FC Shakhtar Donetsk,SHK,https://img.uefa.com/imgml/TP/teams/logos/240x240/52707.png,250132527,https://img.uefa.com/imgml/TP/players/1/2022/324x324/250132527.jpg,2021-22
Paulo Dybala,Argentina,FORWARD,STRIKER,32,1993-11-15,5,255,3,1,2,0,0,Juventus,JUV,https://img.uefa.com/imgml/TP/teams/logos/240x240/50139.png,250086333,https://img.uefa.com/imgml/TP/players/1/2022/324x324/250086333.jpg,2021-22
Timothy Weah,USA,MIDFIELDER,STRIKER,26,2000-02-22,5,255,0,0,0,0,0,LOSC Lille,LIL,https://img.uefa.com/imgml/TP/teams/logos/240x240/75797.png,250101472,https://img.uefa.com/imgml/TP/players/1/2022/324x324/250101472.jpg,2021-22
Umut Meraş,Türkiye,DEFENDER,UNKNOWN,30,1995-12-20,3,253,0,0,0,0,0,Beşiktaş JK,BES,https://img.uefa.com/imgml/TP/teams/logos/240x240/50157.png,250097387,https://img.uefa.com/imgml/TP/players/1/2022/324x324/250097387.jpg,2021-22
Rade Krunić,Bosnia and Herzegovina,MIDFIELDER,CENTRAL_MIDFIELDER,32,1993-10-07,4,252,0,0,0,0,0,AC Milan,MIL,https://img.uefa.com/imgml/TP/teams/logos/240x240/50058.png,250064252,https://img.uefa.com/imgml/TP/players/1/2022/324x324/250064252.jpg,2021-22
Josip Iličić,Slovenia,MIDFIELDER,ATTACKING_MIDFIELDER,38,1988-01-29,4,249,1,1,0,0,0,Atalanta BC,ATA,https://img.uefa.com/imgml/TP/teams/logos/240x240/52816.png,250001755,https://img.uefa.com/imgml/TP/players/1/2022/324x324/250001755.jpg,2021-22
Eric García,Spain,DEFENDER,CENTRE_BACK,25,2001-01-09,4,247,0,0,0,3,1,FC Barcelona,BAR,https://img.uefa.com/imgml/TP/teams/logos/240x240/50080.png,250103561,https://img.uefa.com/imgml/TP/players/1/2022/324x324/250103561.jpg,2021-22
Nico González,Spain,MIDFIELDER,UNKNOWN,24,2002-01-03,4,247,0,0,0,1,0,FC Barcelona,BAR,https://img.uefa.com/imgml/TP/teams/logos/240x240/50080.png,250123952,https://img.uefa.com/imgml/TP/players/1/2022/324x324/250123952.jpg,2021-22
Timo Werner,Germany,FORWARD,STRIKER,30,1996-03-06,5,246,4,2,0,0,0,Chelsea FC,CHE,https://img.uefa.com/imgml/TP/teams/logos/240x240/52914.png,250049183,https://img.uefa.com/imgml/TP/players/1/2022/324x324/250049183.jpg,2021-22
Joe Gomez,England,DEFENDER,UNKNOWN,29,1997-05-23,7,245,0,0,0,0,0,Liverpool FC,LIV,https://img.uefa.com/imgml/TP/teams/logos/240x240/7889.png,250058215,https://img.uefa.com/imgml/TP/players/1/2022/324x324/250058215.jpg,2021-22
Gabriel Gudmundsson,Sweden,DEFENDER,UNKNOWN,27,1999-04-29,4,243,0,0,0,1,0,LOSC Lille,LIL,https://img.uefa.com/imgml/TP/teams/logos/240x240/75797.png,250115192,https://img.uefa.com/imgml/TP/players/1/2022/324x324/250115192.jpg,2021-22
Vincent Sierro,Switzerland,MIDFIELDER,CENTRAL_MIDFIELDER,30,1995-10-08,5,240,1,0,0,2,0,BSC Young Boys,YB,https://img.uefa.com/imgml/TP/teams/logos/240x240/50031.png,250089058,https://img.uefa.com/imgml/TP/players/1/2022/324x324/250089058.jpg,2021-22
André Almeida,Portugal,DEFENDER,FULL_BACK,35,1990-09-10,5,236,0,0,0,0,0,SL Benfica,BEN,https://img.uefa.com/imgml/TP/teams/logos/240x240/50147.png,250005487,https://img.uefa.com/imgml/TP/players/1/2022/324x324/250005487.jpg,2021-22
Benjamin Šeško,Slovenia,FORWARD,UNKNOWN,23,2003-05-31,6,234,0,0,0,0,0,FC Salzburg,SAL,https://img.uefa.com/imgml/TP/teams/logos/240x240/50030.png,250127111,https://img.uefa.com/imgml/TP/players/1/2022/324x324/250127111.jpg,2021-22
Corentin Tolisso,France,MIDFIELDER,CENTRAL_MIDFIELDER,31,1994-08-03,4,234,0,1,0,0,0,FC Bayern München,BAY,https://img.uefa.com/imgml/TP/teams/logos/240x240/50037.png,250054829,https://img.uefa.com/imgml/TP/players/1/2022/324x324/250054829.jpg,2021-22
Diogo Dalot,Portugal,DEFENDER,FULL_BACK,27,1999-03-18,3,233,0,0,0,1,0,Manchester United,MUN,https://img.uefa.com/imgml/TP/teams/logos/240x240/52682.png,250081628,https://img.uefa.com/imgml/TP/players/1/2022/324x324/250081628.jpg,2021-22
Davy Klaassen,Netherlands,MIDFIELDER,ATTACKING_MIDFIELDER,33,1993-02-21,7,232,1,1,0,0,0,AFC Ajax,AJX,https://img.uefa.com/imgml/TP/teams/logos/240x240/50143.png,250013855,https://img.uefa.com/imgml/TP/players/1/2022/324x324/250013855.jpg,2021-22
Junior Adamu,Austria,FORWARD,UNKNOWN,24,2001-06-06,8,231,1,0,0,0,0,FC Salzburg,SAL,https://img.uefa.com/imgml/TP/teams/logos/240x240/50030.png,250112790,https://img.uefa.com/imgml/TP/players/1/2022/324x324/250112790.jpg,2021-22
Sergiño Dest,USA,DEFENDER,FULL_BACK,25,2000-11-03,4,230,0,0,0,1,0,FC Barcelona,BAR,https://img.uefa.com/imgml/TP/teams/logos/240x240/50080.png,250112998,https://img.uefa.com/imgml/TP/players/1/2022/324x324/250112998.jpg,2021-22
Suso,Spain,FORWARD,WINGER,32,1993-11-19,4,228,0,0,0,1,0,Sevilla FC,SEV,https://img.uefa.com/imgml/TP/teams/logos/240x240/52714.png,250013897,https://img.uefa.com/imgml/TP/players/1/2022/324x324/250013897.jpg,2021-22
Héctor Herrera,Mexico,MIDFIELDER,UNKNOWN,36,1990-04-19,4,226,0,0,0,2,0,Atlético de Madrid,ATM,https://img.uefa.com/imgml/TP/teams/logos/240x240/50124.png,250060117,https://img.uefa.com/imgml/TP/players/1/2022/324x324/250060117.jpg,2021-22
Taras Stepanenko,Ukraine,MIDFIELDER,DEFENSIVE_MIDFIELDER,36,1989-08-08,4,225,0,0,0,0,0,FC Shakhtar Donetsk,SHK,https://img.uefa.com/imgml/TP/teams/logos/240x240/52707.png,1902685,https://img.uefa.com/imgml/TP/players/1/2022/324x324/1902685.jpg,2021-22
Ismael Diawara,Malawi,GOALKEEPER,UNKNOWN,31,1994-11-11,3,225,0,0,0,0,0,Malmö FF,MAL,https://img.uefa.com/imgml/TP/teams/logos/240x240/50152.png,250161964,https://img.uefa.com/imgml/TP/players/1/2022/324x324/250161964.jpg,2021-22
Moi Gómez,Spain,MIDFIELDER,WINGER,31,1994-06-23,6,222,0,1,0,0,0,Villarreal CF,VIL,https://img.uefa.com/imgml/TP/teams/logos/240x240/70691.png,250027215,https://img.uefa.com/imgml/TP/players/1/2022/324x324/250027215.jpg,2021-22
Søren Rieks,Denmark,MIDFIELDER,CENTRAL_MIDFIELDER,39,1987-04-07,3,222,1,0,0,1,0,Malmö FF,MAL,https://img.uefa.com/imgml/TP/teams/logos/240x240/50152.png,100842,https://img.uefa.com/imgml/TP/players/1/2022/324x324/100842.jpg,2021-22
Mario Pašalić,Croatia,MIDFIELDER,CENTRAL_MIDFIELDER,31,1995-02-09,5,220,1,1,0,1,0,Atalanta BC,ATA,https://img.uefa.com/imgml/TP/teams/logos/240x240/52816.png,250042631,https://img.uefa.com/imgml/TP/players/1/2022/324x324/250042631.jpg,2021-22
Kieran Trippier,England,DEFENDER,FULL_BACK,35,1990-09-19,3,220,0,0,0,0,0,Atlético de Madrid,ATM,https://img.uefa.com/imgml/TP/teams/logos/240x240/50124.png,250000919,https://img.uefa.com/imgml/TP/players/1/2022/324x324/250000919.jpg,2021-22
Oscar Mingueza,Spain,DEFENDER,UNKNOWN,27,1999-05-13,5,219,0,0,0,0,0,FC Barcelona,BAR,https://img.uefa.com/imgml/TP/teams/logos/240x240/50080.png,250087538,https://img.uefa.com/imgml/TP/players/1/2022/324x324/250087538.jpg,2021-22
Can Bozdoğan,Türkiye,MIDFIELDER,UNKNOWN,25,2001-04-05,4,219,0,0,0,1,0,Beşiktaş JK,BES,https://img.uefa.com/imgml/TP/teams/logos/240x240/50157.png,250116775,https://img.uefa.com/imgml/TP/players/1/2022/324x324/250116775.jpg,2021-22
Nuno Santos,Portugal,FORWARD,UNKNOWN,31,1995-02-13,7,218,1,0,0,0,0,Sporting Clube de Portugal,SPO,https://img.uefa.com/imgml/TP/teams/logos/240x240/50149.png,250064482,https://img.uefa.com/imgml/TP/players/1/2022/324x324/250064482.jpg,2021-22
Vitinha,Portugal,MIDFIELDER,UNKNOWN,26,2000-02-13,6,218,0,0,0,2,0,FC Porto,POR,https://img.uefa.com/imgml/TP/teams/logos/240x240/50064.png,250101444,https://img.uefa.com/imgml/TP/players/1/2022/324x324/250101444.jpg,2021-22
Pierre Kalulu,France,DEFENDER,FULL_BACK,25,2000-06-05,5,216,0,1,0,1,0,AC Milan,MIL,https://img.uefa.com/imgml/TP/teams/logos/240x240/50058.png,250122983,https://img.uefa.com/imgml/TP/players/1/2022/324x324/250122983.jpg,2021-22
Takumi Minamino,Japan,MIDFIELDER,STRIKER,31,1995-01-16,4,215,0,0,0,0,0,Liverpool FC,LIV,https://img.uefa.com/imgml/TP/teams/logos/240x240/7889.png,250081223,https://img.uefa.com/imgml/TP/players/1/2022/324x324/250081223.jpg,2021-22
Mahmoud Dahoud,Germany,MIDFIELDER,CENTRAL_MIDFIELDER,30,1996-01-01,4,212,0,2,0,0,0,Borussia Dortmund,BVB,https://img.uefa.com/imgml/TP/teams/logos/240x240/52758.png,250074777,https://img.uefa.com/imgml/TP/players/1/2022/324x324/250074777.jpg,2021-22
Tanguy Nianzou,France,DEFENDER,UNKNOWN,23,2002-06-07,4,212,0,0,0,1,0,FC Bayern München,BAY,https://img.uefa.com/imgml/TP/teams/logos/240x240/50037.png,250118959,https://img.uefa.com/imgml/TP/players/1/2022/324x324/250118959.jpg,2021-22
Jesús Corona,Portugal,FORWARD,WINGER,33,1993-01-06,4,212,0,0,0,1,0,FC Porto,POR,https://img.uefa.com/imgml/TP/teams/logos/240x240/50064.png,250074281,https://img.uefa.com/imgml/TP/players/1/2022/324x324/250074281.jpg,2021-22
James Milner,England,MIDFIELDER,CENTRAL_MIDFIELDER,40,1986-01-04,8,211,0,1,0,3,0,Liverpool FC,LIV,https://img.uefa.com/imgml/TP/teams/logos/240x240/7889.png,70120,https://img.uefa.com/imgml/TP/players/1/2022/324x324/70120.jpg,2021-22
Matteo Pessina,Italy,MIDFIELDER,UNKNOWN,29,1997-04-21,4,211,1,0,0,0,0,Atalanta BC,ATA,https://img.uefa.com/imgml/TP/teams/logos/240x240/52816.png,250121401,https://img.uefa.com/imgml/TP/players/1/2022/324x324/250121401.jpg,2021-22
Teun Koopmeiners,Netherlands,MIDFIELDER,CENTRAL_MIDFIELDER,28,1998-02-28,5,210,0,1,0,0,0,Atalanta BC,ATA,https://img.uefa.com/imgml/TP/teams/logos/240x240/52816.png,250081553,https://img.uefa.com/imgml/TP/players/1/2022/324x324/250081553.jpg,2021-22
Dominik Szoboszlai,Hungary,MIDFIELDER,CENTRAL_MIDFIELDER,25,2000-10-25,4,209,2,0,1,0,0,RB Leipzig,RBL,https://img.uefa.com/imgml/TP/teams/logos/240x240/2603790.png,250104066,https://img.uefa.com/imgml/TP/players/1/2022/324x324/250104066.jpg,2021-22
Marco Asensio,Spain,FORWARD,ATTACKING_MIDFIELDER,30,1996-01-21,8,207,1,2,0,0,0,Real Madrid C.F.,RMA,https://img.uefa.com/imgml/TP/teams/logos/240x240/50051.png,250080570,https://img.uefa.com/imgml/TP/players/1/2022/324x324/250080570.jpg,2021-22
Marlos,Ukraine,MIDFIELDER,ATTACKING_MIDFIELDER,37,1988-06-07,6,206,0,0,0,0,0,FC Shakhtar Donetsk,SHK,https://img.uefa.com/imgml/TP/teams/logos/240x240/52707.png,250045024,https://img.uefa.com/imgml/TP/players/1/2022/324x324/250045024.jpg,2021-22
Manuel Ugarte,Uruguay,MIDFIELDER,UNKNOWN,25,2001-04-11,4,205,0,0,0,1,0,Sporting Clube de Portugal,SPO,https://img.uefa.com/imgml/TP/teams/logos/240x240/50149.png,250161762,https://img.uefa.com/imgml/TP/players/1/2022/324x324/250161762.jpg,2021-22
Jasurbek Yakhshiboev,Uzbekistan,FORWARD,UNKNOWN,28,1997-06-24,3,205,1,0,0,0,0,FC Sheriff Tiraspol,SHE,https://img.uefa.com/imgml/TP/teams/logos/240x240/69606.png,250142499,https://img.uefa.com/imgml/TP/players/1/2022/324x324/250142499.jpg,2021-22
Donny van de Beek,Netherlands,MIDFIELDER,CENTRAL_MIDFIELDER,29,1997-04-18,4,204,0,0,0,1,0,Manchester United,MUN,https://img.uefa.com/imgml/TP/teams/logos/240x240/52682.png,250081207,https://img.uefa.com/imgml/TP/players/1/2022/324x324/250081207.jpg,2021-22
Munir,Morocco,FORWARD,STRIKER,30,1995-09-01,4,204,0,0,0,0,0,Sevilla FC,SEV,https://img.uefa.com/imgml/TP/teams/logos/240x240/52714.png,250063866,https://img.uefa.com/imgml/TP/players/1/2022/324x324/250063866.jpg,2021-22
Sebastiaan Bornauw,Belgium,DEFENDER,UNKNOWN,27,1999-03-22,3,204,0,0,0,1,0,VfL Wolfsburg,WOB,https://img.uefa.com/imgml/TP/teams/logos/240x240/64332.png,250087460,https://img.uefa.com/imgml/TP/players/1/2022/324x324/250087460.jpg,2021-22
David Neres,Brazil,FORWARD,STRIKER,29,1997-03-03,5,203,1,0,0,0,0,AFC Ajax,AJX,https://img.uefa.com/imgml/TP/teams/logos/240x240/50143.png,250106648,https://img.uefa.com/imgml/TP/players/1/2022/324x324/250106648.jpg,2021-22
Erling Haaland,Norway,FORWARD,UNKNOWN,25,2000-07-21,3,203,3,0,0,0,0,Borussia Dortmund,BVB,https://img.uefa.com/imgml/TP/teams/logos/240x240/52758.png,250103758,https://img.uefa.com/imgml/TP/players/1/2022/324x324/250103758.jpg,2021-22
Bruno Tabata,Brazil,MIDFIELDER,UNKNOWN,29,1997-03-30,4,201,1,1,0,1,0,Sporting Clube de Portugal,SPO,https://img.uefa.com/imgml/TP/teams/logos/240x240/50149.png,250161003,https://img.uefa.com/imgml/TP/players/1/2022/324x324/250161003.jpg,2021-22
Thomas Delaney,Denmark,MIDFIELDER,CENTRAL_MIDFIELDER,34,1991-09-03,4,200,0,0,0,2,0,Sevilla FC,SEV,https://img.uefa.com/imgml/TP/teams/logos/240x240/52714.png,250010472,https://img.uefa.com/imgml/TP/players/1/2022/324x324/250010472.jpg,2021-22
Matteo Darmian,Italy,DEFENDER,FULL_BACK,36,1989-12-02,5,196,0,0,0,1,0,FC Internazionale Milano,INT,https://img.uefa.com/imgml/TP/teams/logos/240x240/50138.png,103806,https://img.uefa.com/imgml/TP/players/1/2022/324x324/103806.jpg,2021-22
Nico Schulz,Germany,DEFENDER,FULL_BACK,33,1993-04-01,4,195,0,1,0,0,0,Borussia Dortmund,BVB,https://img.uefa.com/imgml/TP/teams/logos/240x240/52758.png,250014332,https://img.uefa.com/imgml/TP/players/1/2022/324x324/250014332.jpg,2021-22
Nemanja Matić,Serbia,MIDFIELDER,DEFENSIVE_MIDFIELDER,37,1988-08-01,8,194,0,0,0,2,0,Manchester United,MUN,https://img.uefa.com/imgml/TP/teams/logos/240x240/52682.png,250005348,https://img.uefa.com/imgml/TP/players/1/2022/324x324/250005348.jpg,2021-22
Yannick Gerhardt,Germany,MIDFIELDER,CENTRAL_MIDFIELDER,32,1994-03-13,5,192,0,1,0,0,0,VfL Wolfsburg,WOB,https://img.uefa.com/imgml/TP/teams/logos/240x240/64332.png,250055960,https://img.uefa.com/imgml/TP/players/1/2022/324x324/250055960.jpg,2021-22
Serhiy Kryvtsov,Ukraine,DEFENDER,CENTRE_BACK,35,1991-03-15,3,192,0,1,0,0,0,FC Shakhtar Donetsk,SHK,https://img.uefa.com/imgml/TP/teams/logos/240x240/52707.png,107955,https://img.uefa.com/imgml/TP/players/1/2022/324x324/107955.jpg,2021-22
Necip Uysal,Türkiye,DEFENDER,DEFENSIVE_MIDFIELDER,35,1991-01-24,3,189,0,0,0,0,0,Beşiktaş JK,BES,https://img.uefa.com/imgml/TP/teams/logos/240x240/50157.png,250002538,https://img.uefa.com/imgml/TP/players/1/2022/324x324/250002538.jpg,2021-22
Ben Chilwell,England,DEFENDER,UNKNOWN,29,1996-12-21,4,188,0,0,0,0,0,Chelsea FC,CHE,https://img.uefa.com/imgml/TP/teams/logos/240x240/52914.png,250078763,https://img.uefa.com/imgml/TP/players/1/2022/324x324/250078763.jpg,2021-22
Divock Origi,Belgium,FORWARD,STRIKER,31,1995-04-18,7,187,1,1,0,0,0,Liverpool FC,LIV,https://img.uefa.com/imgml/TP/teams/logos/240x240/7889.png,250042610,https://img.uefa.com/imgml/TP/players/1/2022/324x324/250042610.jpg,2021-22
Niklas Moisander,Finland,DEFENDER,UNKNOWN,40,1985-09-29,3,187,0,0,0,1,0,Malmö FF,MAL,https://img.uefa.com/imgml/TP/teams/logos/240x240/50152.png,57033,https://img.uefa.com/imgml/TP/players/1/2022/324x324/57033.jpg,2021-22
Gonzalo Montiel,Argentina,DEFENDER,UNKNOWN,29,1997-01-01,4,186,0,0,0,1,0,Sevilla FC,SEV,https://img.uefa.com/imgml/TP/teams/logos/240x240/52714.png,250162767,https://img.uefa.com/imgml/TP/players/1/2022/324x324/250162767.jpg,2021-22
Curtis Jones,England,MIDFIELDER,UNKNOWN,25,2001-01-30,4,185,0,2,0,0,0,Liverpool FC,LIV,https://img.uefa.com/imgml/TP/teams/logos/240x240/7889.png,250106935,https://img.uefa.com/imgml/TP/players/1/2022/324x324/250106935.jpg,2021-22
Alex Teixeira,Brazil,MIDFIELDER,UNKNOWN,36,1990-01-06,3,184,0,0,0,1,0,Beşiktaş JK,BES,https://img.uefa.com/imgml/TP/teams/logos/240x240/50157.png,250022242,https://img.uefa.com/imgml/TP/players/1/2022/324x324/250022242.jpg,2021-22
Amadou Haidara,Mali,MIDFIELDER,CENTRAL_MIDFIELDER,28,1998-01-31,4,182,0,0,0,0,0,RB Leipzig,RBL,https://img.uefa.com/imgml/TP/teams/logos/240x240/2603790.png,250102866,https://img.uefa.com/imgml/TP/players/1/2022/324x324/250102866.jpg,2021-22
Raphaël Guerreiro,Portugal,DEFENDER,FULL_BACK,32,1993-12-22,3,182,0,0,0,0,0,Borussia Dortmund,BVB,https://img.uefa.com/imgml/TP/teams/logos/240x240/52758.png,250066156,https://img.uefa.com/imgml/TP/players/1/2022/324x324/250066156.jpg,2021-22
Neco Williams,Wales,DEFENDER,UNKNOWN,25,2001-04-13,3,180,0,0,0,0,0,Liverpool FC,LIV,https://img.uefa.com/imgml/TP/teams/logos/240x240/7889.png,250113272,https://img.uefa.com/imgml/TP/players/1/2022/324x324/250113272.jpg,2021-22
Morato,Brazil,DEFENDER,CENTRE_BACK,24,2001-06-30,2,180,1,0,0,0,0,SL Benfica,BEN,https://img.uefa.com/imgml/TP/teams/logos/240x240/50147.png,250135392,https://img.uefa.com/imgml/TP/players/1/2022/324x324/250135392.jpg,2021-22
Dušan Vlahović,Serbia,FORWARD,STRIKER,26,2000-01-28,2,180,1,0,0,0,0,Juventus,JUV,https://img.uefa.com/imgml/TP/teams/logos/240x240/50139.png,250099180,https://img.uefa.com/imgml/TP/players/1/2022/324x324/250099180.jpg,2021-22
Domagoj Vida,Croatia,DEFENDER,CENTRE_BACK,37,1989-04-29,2,180,0,0,0,1,0,Beşiktaş JK,BES,https://img.uefa.com/imgml/TP/teams/logos/240x240/50157.png,108567,https://img.uefa.com/imgml/TP/players/1/2022/324x324/108567.jpg,2021-22
Mikhail Kerzhakov,Russia,GOALKEEPER,GOALKEEPER,39,1987-01-28,2,180,0,0,0,0,0,FC Zenit,ZEN,https://img.uefa.com/imgml/TP/teams/logos/240x240/52826.png,72819,https://img.uefa.com/imgml/TP/players/1/2022/324x324/72819.jpg,2021-22
Tyler Morton,England,MIDFIELDER,UNKNOWN,23,2002-10-31,2,180,0,0,0,0,0,Liverpool FC,LIV,https://img.uefa.com/imgml/TP/teams/logos/240x240/7889.png,250124400,https://img.uefa.com/imgml/TP/players/1/2022/324x324/250124400.jpg,2021-22
Leo Jardim,Italy,GOALKEEPER,UNKNOWN,31,1995-03-20,2,180,0,0,0,0,0,LOSC Lille,LIL,https://img.uefa.com/imgml/TP/teams/logos/240x240/75797.png,250121328,https://img.uefa.com/imgml/TP/players/1/2022/324x324/250121328.jpg,2021-22
Eric Bailly,Ivory Coast,DEFENDER,CENTRE_BACK,32,1994-04-12,2,180,0,0,0,0,0,Manchester United,MUN,https://img.uefa.com/imgml/TP/teams/logos/240x240/52682.png,250081215,https://img.uefa.com/imgml/TP/players/1/2022/324x324/250081215.jpg,2021-22
André Onana,Cameroon,GOALKEEPER,GOALKEEPER,30,1996-04-02,2,180,0,0,0,0,0,AFC Ajax,AJX,https://img.uefa.com/imgml/TP/teams/logos/240x240/50143.png,250076171,https://img.uefa.com/imgml/TP/players/1/2022/324x324/250076171.jpg,2021-22
Nicolas Bürgy,Switzerland,DEFENDER,CENTRE_BACK,30,1995-08-07,2,180,0,0,0,0,0,BSC Young Boys,YB,https://img.uefa.com/imgml/TP/teams/logos/240x240/50031.png,250073693,https://img.uefa.com/imgml/TP/players/1/2022/324x324/250073693.jpg,2021-22
Mykhailo Mudryk,Ukraine,FORWARD,WINGER,25,2001-01-05,6,179,0,0,0,1,0,FC Shakhtar Donetsk,SHK,https://img.uefa.com/imgml/TP/teams/logos/240x240/52707.png,250113435,https://img.uefa.com/imgml/TP/players/1/2022/324x324/250113435.jpg,2021-22
Luuk de Jong,Netherlands,FORWARD,STRIKER,35,1990-08-27,3,179,0,0,0,0,0,FC Barcelona,BAR,https://img.uefa.com/imgml/TP/teams/logos/240x240/50080.png,250005343,https://img.uefa.com/imgml/TP/players/1/2022/324x324/250005343.jpg,2021-22
Daniele Rugani,Italy,DEFENDER,CENTRE_BACK,31,1994-07-29,4,177,0,0,0,0,0,Juventus,JUV,https://img.uefa.com/imgml/TP/teams/logos/240x240/50139.png,250024963,https://img.uefa.com/imgml/TP/players/1/2022/324x324/250024963.jpg,2021-22
Trevoh Chalobah,England,DEFENDER,UNKNOWN,26,1999-07-05,3,175,1,0,0,1,0,Chelsea FC,CHE,https://img.uefa.com/imgml/TP/teams/logos/240x240/52914.png,250076233,https://img.uefa.com/imgml/TP/players/1/2022/324x324/250076233.jpg,2021-22
Anthony Elanga,Sweden,FORWARD,WINGER,24,2002-04-27,3,172,1,0,0,0,0,Manchester United,MUN,https://img.uefa.com/imgml/TP/teams/logos/240x240/52682.png,250124269,https://img.uefa.com/imgml/TP/players/1/2022/324x324/250124269.jpg,2021-22
Paulo Otávio,Brazil,DEFENDER,FULL_BACK,31,1994-11-23,4,171,0,0,0,0,0,VfL Wolfsburg,WOB,https://img.uefa.com/imgml/TP/teams/logos/240x240/64332.png,250134387,https://img.uefa.com/imgml/TP/players/1/2022/324x324/250134387.jpg,2021-22
Marin Pongračić,Croatia,DEFENDER,CENTRE_BACK,28,1997-09-11,5,170,0,0,0,0,0,Borussia Dortmund,BVB,https://img.uefa.com/imgml/TP/teams/logos/240x240/52758.png,250110407,https://img.uefa.com/imgml/TP/players/1/2022/324x324/250110407.jpg,2021-22
Marius Wolf,Germany,MIDFIELDER,WINGER,31,1995-05-27,5,170,0,0,0,0,0,Borussia Dortmund,BVB,https://img.uefa.com/imgml/TP/teams/logos/240x240/52758.png,250088942,https://img.uefa.com/imgml/TP/players/1/2022/324x324/250088942.jpg,2021-22
Sergi Roberto,Spain,MIDFIELDER,FULL_BACK,34,1992-02-07,3,169,0,0,0,0,0,FC Barcelona,BAR,https://img.uefa.com/imgml/TP/teams/logos/240x240/50080.png,250006092,https://img.uefa.com/imgml/TP/players/1/2022/324x324/250006092.jpg,2021-22
Moise Kean,Italy,FORWARD,UNKNOWN,26,2000-02-28,6,168,1,0,0,0,0,Juventus,JUV,https://img.uefa.com/imgml/TP/teams/logos/240x240/50139.png,250087919,https://img.uefa.com/imgml/TP/players/1/2022/324x324/250087919.jpg,2021-22
Angel Gomes,England,MIDFIELDER,CENTRAL_MIDFIELDER,25,2000-08-31,4,168,1,1,0,0,0,LOSC Lille,LIL,https://img.uefa.com/imgml/TP/teams/logos/240x240/75797.png,250104089,https://img.uefa.com/imgml/TP/players/1/2022/324x324/250104089.jpg,2021-22
Óliver Torres,Spain,MIDFIELDER,ATTACKING_MIDFIELDER,31,1994-11-10,4,168,0,0,0,0,0,Sevilla FC,SEV,https://img.uefa.com/imgml/TP/teams/logos/240x240/52714.png,250050353,https://img.uefa.com/imgml/TP/players/1/2022/324x324/250050353.jpg,2021-22
Jordan Lefort,France,DEFENDER,FULL_BACK,32,1993-08-09,3,167,0,0,0,0,0,BSC Young Boys,YB,https://img.uefa.com/imgml/TP/teams/logos/240x240/50031.png,250141611,https://img.uefa.com/imgml/TP/players/1/2022/324x324/250141611.jpg,2021-22
Abdou Diallo,Senegal,DEFENDER,UNKNOWN,30,1996-05-04,2,165,0,0,0,0,0,Paris Saint-Germain,PSG,https://img.uefa.com/imgml/TP/teams/logos/240x240/52747.png,250054952,https://img.uefa.com/imgml/TP/players/1/2022/324x324/250054952.jpg,2021-22
Federico Ricca,Uruguay,DEFENDER,FULL_BACK,31,1994-12-01,4,164,0,0,0,0,0,Club Brugge KV,BRU,https://img.uefa.com/imgml/TP/teams/logos/240x240/50043.png,250133258,https://img.uefa.com/imgml/TP/players/1/2022/324x324/250133258.jpg,2021-22
Tiago Tomás,Portugal,FORWARD,STRIKER,23,2002-06-16,5,162,0,0,0,1,0,Sporting Clube de Portugal,SPO,https://img.uefa.com/imgml/TP/teams/logos/240x240/50149.png,250126369,https://img.uefa.com/imgml/TP/players/1/2022/324x324/250126369.jpg,2021-22
Ignace Van Der Brempt,Belgium,DEFENDER,FULL_BACK,24,2002-04-01,5,162,0,0,0,0,0,Club Brugge KV,BRU,https://img.uefa.com/imgml/TP/teams/logos/240x240/50043.png,250108593,https://img.uefa.com/imgml/TP/players/1/2022/324x324/250108593.jpg,2021-22
Zlatan Ibrahimović,Sweden,FORWARD,STRIKER,44,1981-10-03,4,160,0,0,0,1,0,AC Milan,MIL,https://img.uefa.com/imgml/TP/teams/logos/240x240/50058.png,59217,https://img.uefa.com/imgml/TP/players/1/2022/324x324/59217.jpg,2021-22
Oleksandr Tymchyk,Ukraine,DEFENDER,FULL_BACK,29,1997-01-20,4,160,0,0,0,1,0,FC Dynamo Kyiv,DKY,https://img.uefa.com/imgml/TP/teams/logos/240x240/52723.png,250066774,https://img.uefa.com/imgml/TP/players/1/2022/324x324/250066774.jpg,2021-22
Saúl Ñíguez,Spain,MIDFIELDER,CENTRAL_MIDFIELDER,31,1994-11-21,5,159,0,0,0,0,0,Chelsea FC,CHE,https://img.uefa.com/imgml/TP/teams/logos/240x240/52914.png,250017725,https://img.uefa.com/imgml/TP/players/1/2022/324x324/250017725.jpg,2021-22
Pedri,Spain,MIDFIELDER,UNKNOWN,23,2002-11-25,2,158,0,0,0,0,0,FC Barcelona,BAR,https://img.uefa.com/imgml/TP/teams/logos/240x240/50080.png,250143693,https://img.uefa.com/imgml/TP/players/1/2022/324x324/250143693.jpg,2021-22
Pizzi,Portugal,MIDFIELDER,CENTRAL_MIDFIELDER,36,1989-10-06,6,157,0,0,0,0,0,SL Benfica,BEN,https://img.uefa.com/imgml/TP/teams/logos/240x240/50147.png,250075765,https://img.uefa.com/imgml/TP/players/1/2022/324x324/250075765.jpg,2021-22
Ruud Vormer,Netherlands,MIDFIELDER,CENTRAL_MIDFIELDER,38,1988-05-11,4,156,0,1,0,0,0,Club Brugge KV,BRU,https://img.uefa.com/imgml/TP/teams/logos/240x240/50043.png,97811,https://img.uefa.com/imgml/TP/players/1/2022/324x324/97811.jpg,2021-22
Atiba Hutchinson,Canada,MIDFIELDER,DEFENSIVE_MIDFIELDER,43,1983-02-08,4,156,0,0,0,1,0,Beşiktaş JK,BES,https://img.uefa.com/imgml/TP/teams/logos/240x240/50157.png,105588,https://img.uefa.com/imgml/TP/players/1/2022/324x324/105588.jpg,2021-22
Momo Yansané,Rep of Guinea,FORWARD,UNKNOWN,28,1997-07-29,3,156,1,0,0,0,0,FC Sheriff Tiraspol,SHE,https://img.uefa.com/imgml/TP/teams/logos/240x240/69606.png,250157472,https://img.uefa.com/imgml/TP/players/1/2022/324x324/250157472.jpg,2021-22
Alexis Sánchez,Chile,FORWARD,STRIKER,37,1988-12-19,6,155,1,1,0,2,1,FC Internazionale Milano,INT,https://img.uefa.com/imgml/TP/teams/logos/240x240/50138.png,250003528,https://img.uefa.com/imgml/TP/players/1/2022/324x324/250003528.jpg,2021-22
Soualiho Meite,France,MIDFIELDER,CENTRAL_MIDFIELDER,32,1994-03-17,3,155,0,0,0,0,0,SL Benfica,BEN,https://img.uefa.com/imgml/TP/teams/logos/240x240/50147.png,250024987,https://img.uefa.com/imgml/TP/players/1/2022/324x324/250024987.jpg,2021-22
Fábio Cardoso,Portugal,DEFENDER,UNKNOWN,32,1994-04-19,2,155,0,0,0,0,0,FC Porto,POR,https://img.uefa.com/imgml/TP/teams/logos/240x240/50064.png,250054426,https://img.uefa.com/imgml/TP/players/1/2022/324x324/250054426.jpg,2021-22
Oleksandr Karavaiev,Ukraine,DEFENDER,WINGER,34,1992-06-02,6,154,0,0,0,0,0,FC Dynamo Kyiv,DKY,https://img.uefa.com/imgml/TP/teams/logos/240x240/52723.png,250004740,https://img.uefa.com/imgml/TP/players/1/2022/324x324/250004740.jpg,2021-22
Ansu Fati,Spain,FORWARD,UNKNOWN,23,2002-10-31,3,154,1,0,0,0,0,FC Barcelona,BAR,https://img.uefa.com/imgml/TP/teams/logos/240x240/50080.png,250117471,https://img.uefa.com/imgml/TP/players/1/2022/324x324/250117471.jpg,2021-22
Andrei Mostovoy,Russia,MIDFIELDER,UNKNOWN,28,1997-11-05,5,150,0,0,0,0,0,FC Zenit,ZEN,https://img.uefa.com/imgml/TP/teams/logos/240x240/52826.png,250143312,https://img.uefa.com/imgml/TP/players/1/2022/324x324/250143312.jpg,2021-22
Yussuf Poulsen,Denmark,FORWARD,STRIKER,31,1994-06-15,4,147,0,1,0,1,0,RB Leipzig,RBL,https://img.uefa.com/imgml/TP/teams/logos/240x240/2603790.png,250022869,https://img.uefa.com/imgml/TP/players/1/2022/324x324/250022869.jpg,2021-22
Danilo D'Ambrosio,Italy,DEFENDER,FULL_BACK,37,1988-09-09,3,147,0,0,0,1,0,FC Internazionale Milano,INT,https://img.uefa.com/imgml/TP/teams/logos/240x240/50138.png,1905811,https://img.uefa.com/imgml/TP/players/1/2022/324x324/1905811.jpg,2021-22
Perr Schuurs,Netherlands,DEFENDER,CENTRE_BACK,26,1999-11-26,3,146,0,1,0,1,0,AFC Ajax,AJX,https://img.uefa.com/imgml/TP/teams/logos/240x240/50143.png,250112380,https://img.uefa.com/imgml/TP/players/1/2022/324x324/250112380.jpg,2021-22
Toni Martínez,Spain,FORWARD,UNKNOWN,28,1997-06-30,6,144,0,0,0,0,0,FC Porto,POR,https://img.uefa.com/imgml/TP/teams/logos/240x240/50064.png,250068973,https://img.uefa.com/imgml/TP/players/1/2022/324x324/250068973.jpg,2021-22
Matheus Cunha,Brazil,FORWARD,STRIKER,27,1999-05-27,5,142,0,0,0,0,0,Atlético de Madrid,ATM,https://img.uefa.com/imgml/TP/teams/logos/240x240/50124.png,250110943,https://img.uefa.com/imgml/TP/players/1/2022/324x324/250110943.jpg,2021-22
Thorgan Hazard,Belgium,MIDFIELDER,ATTACKING_MIDFIELDER,33,1993-03-29,3,142,0,0,0,0,0,Borussia Dortmund,BVB,https://img.uefa.com/imgml/TP/teams/logos/240x240/52758.png,250012551,https://img.uefa.com/imgml/TP/players/1/2022/324x324/250012551.jpg,2021-22
Nicolás Tagliafico,Argentina,DEFENDER,FULL_BACK,33,1992-08-31,3,139,0,1,0,0,0,AFC Ajax,AJX,https://img.uefa.com/imgml/TP/teams/logos/240x240/50143.png,250118284,https://img.uefa.com/imgml/TP/players/1/2022/324x324/250118284.jpg,2021-22
Julian Draxler,Germany,UNKNOWN,ATTACKING_MIDFIELDER,32,1993-09-20,3,136,0,0,0,0,0,Paris Saint-Germain,PSG,https://img.uefa.com/imgml/TP/teams/logos/240x240/52747.png,250026763,https://img.uefa.com/imgml/TP/players/1/2022/324x324/250026763.jpg,2021-22
Rıdvan Yılmaz,Türkiye,DEFENDER,FULL_BACK,25,2001-05-21,2,135,0,0,0,0,0,Beşiktaş JK,BES,https://img.uefa.com/imgml/TP/teams/logos/240x240/50157.png,250108732,https://img.uefa.com/imgml/TP/players/1/2022/324x324/250108732.jpg,2021-22
Marcel Sabitzer,Austria,MIDFIELDER,ATTACKING_MIDFIELDER,32,1994-03-17,5,133,0,0,0,1,0,FC Bayern München,BAY,https://img.uefa.com/imgml/TP/teams/logos/240x240/50037.png,250024349,https://img.uefa.com/imgml/TP/players/1/2022/324x324/250024349.jpg,2021-22
Daniel Bragança,Portugal,MIDFIELDER,UNKNOWN,27,1999-05-27,5,131,0,0,0,1,0,Sporting Clube de Portugal,SPO,https://img.uefa.com/imgml/TP/teams/logos/240x240/50149.png,250102308,https://img.uefa.com/imgml/TP/players/1/2022/324x324/250102308.jpg,2021-22
Diogo Gonçalves,Portugal,FORWARD,WINGER,29,1997-02-06,5,131,0,0,0,0,0,SL Benfica,BEN,https://img.uefa.com/imgml/TP/teams/logos/240x240/50147.png,250076224,https://img.uefa.com/imgml/TP/players/1/2022/324x324/250076224.jpg,2021-22
Wendell,Brazil,DEFENDER,FULL_BACK,32,1993-07-20,4,131,0,0,0,1,1,FC Porto,POR,https://img.uefa.com/imgml/TP/teams/logos/240x240/50064.png,250074376,https://img.uefa.com/imgml/TP/players/1/2022/324x324/250074376.jpg,2021-22
Brandon Mechele,Belgium,DEFENDER,CENTRE_BACK,33,1993-01-28,3,131,0,0,0,0,0,Club Brugge KV,BRU,https://img.uefa.com/imgml/TP/teams/logos/240x240/50043.png,250053044,https://img.uefa.com/imgml/TP/players/1/2022/324x324/250053044.jpg,2021-22
Luis Muriel,Colombia,FORWARD,STRIKER,35,1991-04-16,5,130,1,0,0,1,0,Atalanta BC,ATA,https://img.uefa.com/imgml/TP/teams/logos/240x240/52816.png,250052948,https://img.uefa.com/imgml/TP/players/1/2022/324x324/250052948.jpg,2021-22
Serge Aurier,Ivory Coast,DEFENDER,FULL_BACK,33,1992-12-24,5,129,0,1,0,0,0,Villarreal CF,VIL,https://img.uefa.com/imgml/TP/teams/logos/240x240/70691.png,250025875,https://img.uefa.com/imgml/TP/players/1/2022/324x324/250025875.jpg,2021-22
Reinier,Brazil,FORWARD,ATTACKING_MIDFIELDER,24,2002-01-19,3,126,0,0,0,0,0,Borussia Dortmund,BVB,https://img.uefa.com/imgml/TP/teams/logos/240x240/52758.png,250138836,https://img.uefa.com/imgml/TP/players/1/2022/324x324/250138836.jpg,2021-22
Iván Marcano,Spain,DEFENDER,CENTRE_BACK,38,1987-06-23,2,126,0,0,0,0,0,FC Porto,POR,https://img.uefa.com/imgml/TP/teams/logos/240x240/50064.png,250003525,https://img.uefa.com/imgml/TP/players/1/2022/324x324/250003525.jpg,2021-22
Bouna Sarr,Senegal,DEFENDER,FULL_BACK,34,1992-01-31,5,125,0,0,0,1,0,FC Bayern München,BAY,https://img.uefa.com/imgml/TP/teams/logos/240x240/50037.png,250086985,https://img.uefa.com/imgml/TP/players/1/2022/324x324/250086985.jpg,2021-22
Karim Rekik,Netherlands,DEFENDER,CENTRE_BACK,31,1994-12-02,4,125,0,0,0,1,0,Sevilla FC,SEV,https://img.uefa.com/imgml/TP/teams/logos/240x240/52714.png,250024856,https://img.uefa.com/imgml/TP/players/1/2022/324x324/250024856.jpg,2021-22
Matías Vecino,Uruguay,MIDFIELDER,CENTRAL_MIDFIELDER,34,1991-08-24,4,124,0,0,0,0,0,FC Internazionale Milano,INT,https://img.uefa.com/imgml/TP/teams/logos/240x240/50138.png,250086300,https://img.uefa.com/imgml/TP/players/1/2022/324x324/250086300.jpg,2021-22
Oscar Lewicki,Sweden,MIDFIELDER,DEFENSIVE_MIDFIELDER,33,1992-07-14,2,123,0,0,0,0,0,Malmö FF,MAL,https://img.uefa.com/imgml/TP/teams/logos/240x240/50152.png,250005568,https://img.uefa.com/imgml/TP/players/1/2022/324x324/250005568.jpg,2021-22
Ousmane Dembélé,France,FORWARD,UNKNOWN,29,1997-05-15,3,122,0,0,0,0,0,FC Barcelona,BAR,https://img.uefa.com/imgml/TP/teams/logos/240x240/50080.png,250066886,https://img.uefa.com/imgml/TP/players/1/2022/324x324/250066886.jpg,2021-22
Erik Lamela,Argentina,FORWARD,STRIKER,34,1992-03-04,4,119,0,0,0,1,0,Sevilla FC,SEV,https://img.uefa.com/imgml/TP/teams/logos/240x240/52714.png,250038224,https://img.uefa.com/imgml/TP/players/1/2022/324x324/250038224.jpg,2021-22
Gian-Luca Waldschmidt,Germany,FORWARD,STRIKER,30,1996-05-19,3,119,0,0,0,1,0,VfL Wolfsburg,WOB,https://img.uefa.com/imgml/TP/teams/logos/240x240/64332.png,250058281,https://img.uefa.com/imgml/TP/players/1/2022/324x324/250058281.jpg,2021-22
Ante Rebić,Croatia,FORWARD,STRIKER,32,1993-09-21,2,117,1,0,0,1,0,AC Milan,MIL,https://img.uefa.com/imgml/TP/teams/logos/240x240/50058.png,250033878,https://img.uefa.com/imgml/TP/players/1/2022/324x324/250033878.jpg,2021-22
Jesse Lingard,England,MIDFIELDER,WINGER,33,1992-12-15,4,116,0,1,0,0,0,Manchester United,MUN,https://img.uefa.com/imgml/TP/teams/logos/240x240/52682.png,250043859,https://img.uefa.com/imgml/TP/players/1/2022/324x324/250043859.jpg,2021-22
Malik Abubakari,Ghana,FORWARD,UNKNOWN,26,2000-05-10,4,116,0,0,0,0,0,Malmö FF,MAL,https://img.uefa.com/imgml/TP/teams/logos/240x240/50152.png,250157810,https://img.uefa.com/imgml/TP/players/1/2022/324x324/250157810.jpg,2021-22
Brian Brobbey,Netherlands,FORWARD,UNKNOWN,24,2002-02-01,5,115,0,0,0,0,0,AFC Ajax,AJX,https://img.uefa.com/imgml/TP/teams/logos/240x240/50143.png,250112997,https://img.uefa.com/imgml/TP/players/1/2022/324x324/250112997.jpg,2021-22
Junior Messias,Brazil,FORWARD,STRIKER,35,1991-05-13,2,115,1,0,0,0,0,AC Milan,MIL,https://img.uefa.com/imgml/TP/teams/logos/240x240/50058.png,250163867,https://img.uefa.com/imgml/TP/players/1/2022/324x324/250163867.jpg,2021-22
Valentino Lázaro,Austria,MIDFIELDER,WINGER,30,1996-03-24,6,114,0,0,0,0,0,SL Benfica,BEN,https://img.uefa.com/imgml/TP/teams/logos/240x240/50147.png,250052757,https://img.uefa.com/imgml/TP/players/1/2022/324x324/250052757.jpg,2021-22
Luka Jović,Serbia,FORWARD,STRIKER,28,1997-12-23,3,113,0,0,0,1,0,Real Madrid C.F.,RMA,https://img.uefa.com/imgml/TP/teams/logos/240x240/50051.png,250058244,https://img.uefa.com/imgml/TP/players/1/2022/324x324/250058244.jpg,2021-22
Quentin Maceiras,Switzerland,DEFENDER,FULL_BACK,30,1995-10-10,3,113,0,0,0,0,0,BSC Young Boys,YB,https://img.uefa.com/imgml/TP/teams/logos/240x240/50031.png,250110947,https://img.uefa.com/imgml/TP/players/1/2022/324x324/250110947.jpg,2021-22
Salih Uçan,Türkiye,MIDFIELDER,ATTACKING_MIDFIELDER,32,1994-01-06,5,109,0,0,0,0,0,Beşiktaş JK,BES,https://img.uefa.com/imgml/TP/teams/logos/240x240/50157.png,250022826,https://img.uefa.com/imgml/TP/players/1/2022/324x324/250022826.jpg,2021-22
Philippe Coutinho,Brazil,FORWARD,ATTACKING_MIDFIELDER,33,1992-06-12,4,109,0,0,0,0,0,FC Barcelona,BAR,https://img.uefa.com/imgml/TP/teams/logos/240x240/50080.png,250020682,https://img.uefa.com/imgml/TP/players/1/2022/324x324/250020682.jpg,2021-22
Joaquín Correa,Argentina,FORWARD,WINGER,31,1994-08-13,5,106,0,0,0,0,0,FC Internazionale Milano,INT,https://img.uefa.com/imgml/TP/teams/logos/240x240/50138.png,250085466,https://img.uefa.com/imgml/TP/players/1/2022/324x324/250085466.jpg,2021-22
Aleksandr Erokhin,Russia,MIDFIELDER,ATTACKING_MIDFIELDER,36,1989-10-13,6,104,0,0,0,0,0,FC Zenit,ZEN,https://img.uefa.com/imgml/TP/teams/logos/240x240/52826.png,250001662,https://img.uefa.com/imgml/TP/players/1/2022/324x324/250001662.jpg,2021-22
Islam Slimani,Algeria,FORWARD,STRIKER,37,1988-06-18,2,104,0,0,0,1,0,Sporting Clube de Portugal,SPO,https://img.uefa.com/imgml/TP/teams/logos/240x240/50149.png,250068734,https://img.uefa.com/imgml/TP/players/1/2022/324x324/250068734.jpg,2021-22
Ilya Shkurin,Belarus,FORWARD,STRIKER,26,1999-08-17,2,104,0,0,0,0,0,FC Dynamo Kyiv,DKY,https://img.uefa.com/imgml/TP/teams/logos/240x240/52723.png,250112650,https://img.uefa.com/imgml/TP/players/1/2022/324x324/250112650.jpg,2021-22
Yusuf Demir,Austria,FORWARD,UNKNOWN,23,2003-06-02,3,101,0,0,0,0,0,FC Barcelona,BAR,https://img.uefa.com/imgml/TP/teams/logos/240x240/50080.png,250126759,https://img.uefa.com/imgml/TP/players/1/2022/324x324/250126759.jpg,2021-22
Robin Gosens,Germany,DEFENDER,FULL_BACK,31,1994-07-05,2,101,1,0,0,0,0,Atalanta BC,ATA,https://img.uefa.com/imgml/TP/teams/logos/240x240/52816.png,250062606,https://img.uefa.com/imgml/TP/players/1/2022/324x324/250062606.jpg,2021-22
Lassina Traoré,Burkina Faso,FORWARD,STRIKER,25,2001-01-12,2,101,0,0,0,0,0,FC Shakhtar Donetsk,SHK,https://img.uefa.com/imgml/TP/teams/logos/240x240/52707.png,250128222,https://img.uefa.com/imgml/TP/players/1/2022/324x324/250128222.jpg,2021-22
Steffen Tigges,Germany,FORWARD,STRIKER,27,1998-07-31,2,100,0,0,0,0,0,Borussia Dortmund,BVB,https://img.uefa.com/imgml/TP/teams/logos/240x240/52758.png,250153353,https://img.uefa.com/imgml/TP/players/1/2022/324x324/250153353.jpg,2021-22
Malang Sarr,France,DEFENDER,CENTRE_BACK,27,1999-01-23,2,100,0,0,0,0,0,Chelsea FC,CHE,https://img.uefa.com/imgml/TP/teams/logos/240x240/52914.png,250091016,https://img.uefa.com/imgml/TP/players/1/2022/324x324/250091016.jpg,2021-22
Andrea Ranocchia,Italy,DEFENDER,CENTRE_BACK,38,1988-02-16,3,98,0,0,0,0,0,FC Internazionale Milano,INT,https://img.uefa.com/imgml/TP/teams/logos/240x240/50138.png,250003504,https://img.uefa.com/imgml/TP/players/1/2022/324x324/250003504.jpg,2021-22
Boban Nikolov,North Macedonia,MIDFIELDER,CENTRAL_MIDFIELDER,31,1994-07-28,5,97,1,0,0,0,0,FC Sheriff Tiraspol,SHE,https://img.uefa.com/imgml/TP/teams/logos/240x240/69606.png,250043103,https://img.uefa.com/imgml/TP/players/1/2022/324x324/250043103.jpg,2021-22
Dan-Axel Zagadou,France,DEFENDER,FULL_BACK,27,1999-06-03,2,97,0,0,0,1,0,Borussia Dortmund,BVB,https://img.uefa.com/imgml/TP/teams/logos/240x240/52758.png,250087431,https://img.uefa.com/imgml/TP/players/1/2022/324x324/250087431.jpg,2021-22
Ross Barkley,England,MIDFIELDER,ATTACKING_MIDFIELDER,32,1993-12-05,3,96,0,0,0,0,0,Chelsea FC,CHE,https://img.uefa.com/imgml/TP/teams/logos/240x240/52914.png,250007655,https://img.uefa.com/imgml/TP/players/1/2022/324x324/250007655.jpg,2021-22
Juan Mata,Spain,MIDFIELDER,ATTACKING_MIDFIELDER,38,1988-04-28,3,96,0,0,0,0,0,Manchester United,MUN,https://img.uefa.com/imgml/TP/teams/logos/240x240/52682.png,104584,https://img.uefa.com/imgml/TP/players/1/2022/324x324/104584.jpg,2021-22
Oleksandr Andriyevskiy,Ukraine,MIDFIELDER,ATTACKING_MIDFIELDER,31,1994-06-25,2,94,0,0,0,0,0,FC Dynamo Kyiv,DKY,https://img.uefa.com/imgml/TP/teams/logos/240x240/52723.png,250043607,https://img.uefa.com/imgml/TP/players/1/2022/324x324/250043607.jpg,2021-22
Vitinho,Brazil,MIDFIELDER,UNKNOWN,27,1999-04-01,3,93,0,0,0,0,0,FC Dynamo Kyiv,DKY,https://img.uefa.com/imgml/TP/teams/logos/240x240/52723.png,250163688,https://img.uefa.com/imgml/TP/players/1/2022/324x324/250163688.jpg,2021-22
Marcelo,Spain,DEFENDER,UNKNOWN,38,1988-05-12,3,93,0,0,0,0,0,Real Madrid C.F.,RMA,https://img.uefa.com/imgml/TP/teams/logos/240x240/50051.png,1900737,https://img.uefa.com/imgml/TP/players/1/2022/324x324/1900737.jpg,2021-22
Mario Gaspar,Spain,DEFENDER,FULL_BACK,35,1990-11-24,2,93,0,0,0,1,0,Villarreal CF,VIL,https://img.uefa.com/imgml/TP/teams/logos/240x240/70691.png,250000856,https://img.uefa.com/imgml/TP/players/1/2022/324x324/250000856.jpg,2021-22
Benjamin Verbič,Slovenia,MIDFIELDER,WINGER,32,1993-11-27,3,91,0,0,0,1,0,FC Dynamo Kyiv,DKY,https://img.uefa.com/imgml/TP/teams/logos/240x240/52723.png,250050819,https://img.uefa.com/imgml/TP/players/1/2022/324x324/250050819.jpg,2021-22
Fodé Ballo,Senegal,DEFENDER,UNKNOWN,29,1997-01-03,2,91,0,0,0,0,0,AC Milan,MIL,https://img.uefa.com/imgml/TP/teams/logos/240x240/50058.png,250067064,https://img.uefa.com/imgml/TP/players/1/2022/324x324/250067064.jpg,2021-22
Nathaniel Phillips,England,DEFENDER,CENTRE_BACK,29,1997-03-21,2,91,0,0,0,0,0,Liverpool FC,LIV,https://img.uefa.com/imgml/TP/teams/logos/240x240/7889.png,150515920,https://img.uefa.com/imgml/TP/players/1/2022/324x324/150515920.jpg,2021-22
Maximilian Philipp,Germany,FORWARD,ATTACKING_MIDFIELDER,32,1994-03-01,2,90,0,0,0,0,0,VfL Wolfsburg,WOB,https://img.uefa.com/imgml/TP/teams/logos/240x240/64332.png,250101239,https://img.uefa.com/imgml/TP/players/1/2022/324x324/250101239.jpg,2021-22
Vitão,Brazil,DEFENDER,CENTRE_BACK,26,2000-02-02,1,90,0,0,0,1,0,FC Shakhtar Donetsk,SHK,https://img.uefa.com/imgml/TP/teams/logos/240x240/52707.png,250134177,https://img.uefa.com/imgml/TP/players/1/2022/324x324/250134177.jpg,2021-22
Denys Boyko,Ukraine,GOALKEEPER,GOALKEEPER,38,1988-01-29,1,90,0,0,0,0,0,FC Dynamo Kyiv,DKY,https://img.uefa.com/imgml/TP/teams/logos/240x240/52723.png,98113,https://img.uefa.com/imgml/TP/players/1/2022/324x324/98113.jpg,2021-22
Serdar Saatçı,Türkiye,DEFENDER,UNKNOWN,23,2003-02-14,1,90,0,0,0,0,0,Beşiktaş JK,BES,https://img.uefa.com/imgml/TP/teams/logos/240x240/50157.png,250145827,https://img.uefa.com/imgml/TP/players/1/2022/324x324/250145827.jpg,2021-22
CJ Egan-Riley,England,DEFENDER,UNKNOWN,23,2003-01-02,1,90,0,0,0,0,0,Manchester City,MCI,https://img.uefa.com/imgml/TP/teams/logos/240x240/52919.png,250119784,https://img.uefa.com/imgml/TP/players/1/2022/324x324/250119784.jpg,2021-22
Zack Steffen,USA,GOALKEEPER,UNKNOWN,31,1995-04-02,1,90,0,0,0,0,0,Manchester City,MCI,https://img.uefa.com/imgml/TP/teams/logos/240x240/52919.png,250118754,https://img.uefa.com/imgml/TP/players/1/2022/324x324/250118754.jpg,2021-22
Josep Martínez,Spain,GOALKEEPER,UNKNOWN,28,1998-05-27,1,90,0,0,0,0,0,RB Leipzig,RBL,https://img.uefa.com/imgml/TP/teams/logos/240x240/2603790.png,250096761,https://img.uefa.com/imgml/TP/players/1/2022/324x324/250096761.jpg,2021-22
João Virginia,Portugal,GOALKEEPER,UNKNOWN,26,1999-10-10,1,90,0,0,0,0,0,Sporting Clube de Portugal,SPO,https://img.uefa.com/imgml/TP/teams/logos/240x240/50149.png,250089238,https://img.uefa.com/imgml/TP/players/1/2022/324x324/250089238.jpg,2021-22
Valeriy Bondar,Ukraine,DEFENDER,CENTRE_BACK,27,1999-02-27,1,90,0,0,0,0,0,FC Shakhtar Donetsk,SHK,https://img.uefa.com/imgml/TP/teams/logos/240x240/52707.png,250087118,https://img.uefa.com/imgml/TP/players/1/2022/324x324/250087118.jpg,2021-22
Georges-Kévin N'Koudou,France,MIDFIELDER,WINGER,31,1995-02-13,1,90,0,0,0,0,0,Beşiktaş JK,BES,https://img.uefa.com/imgml/TP/teams/logos/240x240/50157.png,250086986,https://img.uefa.com/imgml/TP/players/1/2022/324x324/250086986.jpg,2021-22
Dumitru Celeadnic,Moldova,GOALKEEPER,UNKNOWN,34,1992-04-23,1,90,0,0,0,0,0,FC Sheriff Tiraspol,SHE,https://img.uefa.com/imgml/TP/teams/logos/240x240/69606.png,250083750,https://img.uefa.com/imgml/TP/players/1/2022/324x324/250083750.jpg,2021-22
Hans Hateboer,Netherlands,DEFENDER,FULL_BACK,32,1994-01-09,1,90,0,0,0,0,0,Atalanta BC,ATA,https://img.uefa.com/imgml/TP/teams/logos/240x240/52816.png,250070400,https://img.uefa.com/imgml/TP/players/1/2022/324x324/250070400.jpg,2021-22
Kepa Arrizabalaga,Spain,GOALKEEPER,GOALKEEPER,31,1994-10-03,1,90,0,0,0,0,0,Chelsea FC,CHE,https://img.uefa.com/imgml/TP/teams/logos/240x240/52914.png,250039900,https://img.uefa.com/imgml/TP/players/1/2022/324x324/250039900.jpg,2021-22
Artem Shabanov,Ukraine,DEFENDER,UNKNOWN,34,1992-03-07,1,90,0,0,0,0,0,FC Dynamo Kyiv,DKY,https://img.uefa.com/imgml/TP/teams/logos/240x240/52723.png,250024138,https://img.uefa.com/imgml/TP/players/1/2022/324x324/250024138.jpg,2021-22
Pavao Pervan,Austria,GOALKEEPER,GOALKEEPER,38,1987-11-13,1,90,0,0,0,0,0,VfL Wolfsburg,WOB,https://img.uefa.com/imgml/TP/teams/logos/240x240/64332.png,250021810,https://img.uefa.com/imgml/TP/players/1/2022/324x324/250021810.jpg,2021-22
Mattia Perin,Italy,GOALKEEPER,GOALKEEPER,33,1992-11-10,1,90,0,0,0,0,0,Juventus,JUV,https://img.uefa.com/imgml/TP/teams/logos/240x240/50139.png,250007075,https://img.uefa.com/imgml/TP/players/1/2022/324x324/250007075.jpg,2021-22
Fabian Lustenberger,Switzerland,DEFENDER,DEFENSIVE_MIDFIELDER,38,1988-05-02,1,90,0,0,0,0,0,BSC Young Boys,YB,https://img.uefa.com/imgml/TP/teams/logos/240x240/50031.png,1905562,https://img.uefa.com/imgml/TP/players/1/2022/324x324/1905562.jpg,2021-22
Sven Ulreich,Germany,GOALKEEPER,UNKNOWN,37,1988-08-03,1,90,0,0,0,0,0,FC Bayern München,BAY,https://img.uefa.com/imgml/TP/teams/logos/240x240/50037.png,1902445,https://img.uefa.com/imgml/TP/players/1/2022/324x324/1902445.jpg,2021-22
Mert Günok,Türkiye,GOALKEEPER,GOALKEEPER,37,1989-03-01,1,90,0,0,0,0,0,Beşiktaş JK,BES,https://img.uefa.com/imgml/TP/teams/logos/240x240/50157.png,103243,https://img.uefa.com/imgml/TP/players/1/2022/324x324/103243.jpg,2021-22
Sebastian Nanasi,Sweden,FORWARD,UNKNOWN,24,2002-05-16,2,89,0,0,0,0,0,Malmö FF,MAL,https://img.uefa.com/imgml/TP/teams/logos/240x240/50152.png,250119811,https://img.uefa.com/imgml/TP/players/1/2022/324x324/250119811.jpg,2021-22
Alessandro Florenzi,Italy,DEFENDER,CENTRAL_MIDFIELDER,35,1991-03-11,4,88,0,0,0,0,0,AC Milan,MIL,https://img.uefa.com/imgml/TP/teams/logos/240x240/50058.png,250026962,https://img.uefa.com/imgml/TP/players/1/2022/324x324/250026962.jpg,2021-22
Dani Olmo,Spain,FORWARD,WINGER,28,1998-05-07,2,88,0,1,0,0,0,RB Leipzig,RBL,https://img.uefa.com/imgml/TP/teams/logos/240x240/2603790.png,250081720,https://img.uefa.com/imgml/TP/players/1/2022/324x324/250081720.jpg,2021-22
Fábio Vieira,Portugal,MIDFIELDER,UNKNOWN,26,2000-05-30,2,85,0,1,0,0,0,FC Porto,POR,https://img.uefa.com/imgml/TP/teams/logos/240x240/50064.png,250113351,https://img.uefa.com/imgml/TP/players/1/2022/324x324/250113351.jpg,2021-22
Eden Hazard,Belgium,FORWARD,WINGER,35,1991-01-07,3,84,0,0,0,0,0,Real Madrid C.F.,RMA,https://img.uefa.com/imgml/TP/teams/logos/240x240/50051.png,1902160,https://img.uefa.com/imgml/TP/players/1/2022/324x324/1902160.jpg,2021-22
Kamil Piątkowski,Poland,DEFENDER,UNKNOWN,25,2000-06-21,2,84,0,0,0,0,0,FC Salzburg,SAL,https://img.uefa.com/imgml/TP/teams/logos/240x240/50030.png,250127492,https://img.uefa.com/imgml/TP/players/1/2022/324x324/250127492.jpg,2021-22
Artem Bondarenko,Ukraine,MIDFIELDER,CENTRAL_MIDFIELDER,25,2000-08-21,2,84,0,0,0,0,0,FC Shakhtar Donetsk,SHK,https://img.uefa.com/imgml/TP/teams/logos/240x240/52707.png,250112969,https://img.uefa.com/imgml/TP/players/1/2022/324x324/250112969.jpg,2021-22
Adi Nalić,Bosnia and Herzegovina,FORWARD,ATTACKING_MIDFIELDER,28,1997-12-01,5,83,0,0,0,0,0,Malmö FF,MAL,https://img.uefa.com/imgml/TP/teams/logos/240x240/50152.png,250128215,https://img.uefa.com/imgml/TP/players/1/2022/324x324/250128215.jpg,2021-22
Youssef En-Nesyri,Morocco,FORWARD,STRIKER,29,1997-06-01,2,83,0,0,0,3,1,Sevilla FC,SEV,https://img.uefa.com/imgml/TP/teams/logos/240x240/52714.png,250109210,https://img.uefa.com/imgml/TP/players/1/2022/324x324/250109210.jpg,2021-22
Viktor Korniienko,Ukraine,DEFENDER,FULL_BACK,27,1999-02-14,2,83,0,0,0,0,0,FC Shakhtar Donetsk,SHK,https://img.uefa.com/imgml/TP/teams/logos/240x240/52707.png,250112976,https://img.uefa.com/imgml/TP/players/1/2022/324x324/250112976.jpg,2021-22
Koni De Winter,Belgium,DEFENDER,UNKNOWN,23,2002-06-12,2,81,0,0,0,0,0,Juventus,JUV,https://img.uefa.com/imgml/TP/teams/logos/240x240/50139.png,250135571,https://img.uefa.com/imgml/TP/players/1/2022/324x324/250135571.jpg,2021-22
Vladyslav Supryaha,Ukraine,FORWARD,STRIKER,26,2000-02-15,2,81,0,0,0,0,0,FC Dynamo Kyiv,DKY,https://img.uefa.com/imgml/TP/teams/logos/240x240/52723.png,250103863,https://img.uefa.com/imgml/TP/players/1/2022/324x324/250103863.jpg,2021-22
Dejan Kulusevski,Sweden,MIDFIELDER,WINGER,26,2000-04-25,5,80,1,0,0,1,0,Juventus,JUV,https://img.uefa.com/imgml/TP/teams/logos/240x240/50139.png,250103985,https://img.uefa.com/imgml/TP/players/1/2022/324x324/250103985.jpg,2021-22
Ludwig Augustinsson,Sweden,DEFENDER,FULL_BACK,32,1994-04-21,3,80,0,0,0,1,0,Sevilla FC,SEV,https://img.uefa.com/imgml/TP/teams/logos/240x240/52714.png,250024701,https://img.uefa.com/imgml/TP/players/1/2022/324x324/250024701.jpg,2021-22
Jovane Cabral,Cape Verde Islands,FORWARD,STRIKER,27,1998-06-14,3,79,0,0,0,0,0,Sporting Clube de Portugal,SPO,https://img.uefa.com/imgml/TP/teams/logos/240x240/50149.png,250104995,https://img.uefa.com/imgml/TP/players/1/2022/324x324/250104995.jpg,2021-22
Stjepan Radeljić,Bosnia and Herzegovina,DEFENDER,UNKNOWN,28,1997-09-05,3,79,0,0,0,0,0,FC Sheriff Tiraspol,SHE,https://img.uefa.com/imgml/TP/teams/logos/240x240/69606.png,250083922,https://img.uefa.com/imgml/TP/players/1/2022/324x324/250083922.jpg,2021-22
Marc Roca,Spain,MIDFIELDER,DEFENSIVE_MIDFIELDER,29,1996-11-26,4,78,0,0,0,0,0,FC Bayern München,BAY,https://img.uefa.com/imgml/TP/teams/logos/240x240/50037.png,250123073,https://img.uefa.com/imgml/TP/players/1/2022/324x324/250123073.jpg,2021-22
Wilfried Kanga,France,FORWARD,UNKNOWN,28,1998-02-21,5,75,0,0,0,0,0,BSC Young Boys,YB,https://img.uefa.com/imgml/TP/teams/logos/240x240/50031.png,250076649,https://img.uefa.com/imgml/TP/players/1/2022/324x324/250076649.jpg,2021-22
Edinson Cavani,Uruguay,FORWARD,STRIKER,39,1987-02-14,4,75,0,0,0,1,0,Manchester United,MUN,https://img.uefa.com/imgml/TP/teams/logos/240x240/52682.png,1905813,https://img.uefa.com/imgml/TP/players/1/2022/324x324/1905813.jpg,2021-22
Gökhan Töre,Türkiye,MIDFIELDER,WINGER,34,1992-01-20,4,75,0,0,0,0,0,Beşiktaş JK,BES,https://img.uefa.com/imgml/TP/teams/logos/240x240/50157.png,1909902,https://img.uefa.com/imgml/TP/players/1/2022/324x324/1909902.jpg,2021-22
Emre Can,Germany,DEFENDER,DEFENSIVE_MIDFIELDER,32,1994-01-12,2,74,0,0,0,0,1,Borussia Dortmund,BVB,https://img.uefa.com/imgml/TP/teams/logos/240x240/52758.png,250017824,https://img.uefa.com/imgml/TP/players/1/2022/324x324/250017824.jpg,2021-22
Paco Alcácer,Spain,FORWARD,STRIKER,32,1993-08-30,3,73,1,0,0,0,0,Villarreal CF,VIL,https://img.uefa.com/imgml/TP/teams/logos/240x240/70691.png,250007584,https://img.uefa.com/imgml/TP/players/1/2022/324x324/250007584.jpg,2021-22
Gonçalo Esteves,Portugal,DEFENDER,UNKNOWN,22,2004-02-27,1,73,0,0,0,0,0,Sporting Clube de Portugal,SPO,https://img.uefa.com/imgml/TP/teams/logos/240x240/50149.png,250138958,https://img.uefa.com/imgml/TP/players/1/2022/324x324/250138958.jpg,2021-22
Devyne Rensch,Netherlands,DEFENDER,CENTRE_BACK,23,2003-01-18,5,71,0,0,0,0,0,AFC Ajax,AJX,https://img.uefa.com/imgml/TP/teams/logos/240x240/50143.png,250123555,https://img.uefa.com/imgml/TP/players/1/2022/324x324/250123555.jpg,2021-22
Ferran Torres,Spain,FORWARD,WINGER,26,2000-02-29,1,71,0,0,0,0,0,Manchester City,MCI,https://img.uefa.com/imgml/TP/teams/logos/240x240/52919.png,250088320,https://img.uefa.com/imgml/TP/players/1/2022/324x324/250088320.jpg,2021-22
Thilo Kehrer,Germany,DEFENDER,CENTRAL_MIDFIELDER,29,1996-09-21,4,70,0,0,0,1,0,Paris Saint-Germain,PSG,https://img.uefa.com/imgml/TP/teams/logos/240x240/52747.png,250055663,https://img.uefa.com/imgml/TP/players/1/2022/324x324/250055663.jpg,2021-22
Danil Krugovoi,Russia,DEFENDER,FULL_BACK,28,1998-05-28,6,68,0,0,0,0,0,FC Zenit,ZEN,https://img.uefa.com/imgml/TP/teams/logos/240x240/52826.png,250082583,https://img.uefa.com/imgml/TP/players/1/2022/324x324/250082583.jpg,2021-22
Bas Dost,Netherlands,FORWARD,STRIKER,37,1989-05-31,3,68,0,0,0,0,0,Club Brugge KV,BRU,https://img.uefa.com/imgml/TP/teams/logos/240x240/50043.png,250014661,https://img.uefa.com/imgml/TP/players/1/2022/324x324/250014661.jpg,2021-22
Amad Diallo,Ivory Coast,FORWARD,WINGER,23,2002-07-11,1,68,0,0,0,0,0,Manchester United,MUN,https://img.uefa.com/imgml/TP/teams/logos/240x240/52682.png,250121405,https://img.uefa.com/imgml/TP/players/1/2022/324x324/250121405.jpg,2021-22
Dean Henderson,England,GOALKEEPER,GOALKEEPER,29,1997-03-12,1,68,0,0,0,0,0,Manchester United,MUN,https://img.uefa.com/imgml/TP/teams/logos/240x240/52682.png,250064823,https://img.uefa.com/imgml/TP/players/1/2022/324x324/250064823.jpg,2021-22
Anthony Martial,France,FORWARD,UNKNOWN,30,1995-12-05,2,67,0,0,0,0,0,Manchester United,MUN,https://img.uefa.com/imgml/TP/teams/logos/240x240/52682.png,250042781,https://img.uefa.com/imgml/TP/players/1/2022/324x324/250042781.jpg,2021-22
Roberto Gagliardini,Italy,MIDFIELDER,CENTRAL_MIDFIELDER,32,1994-04-07,5,66,0,0,0,1,0,FC Internazionale Milano,INT,https://img.uefa.com/imgml/TP/teams/logos/240x240/50138.png,250105920,https://img.uefa.com/imgml/TP/players/1/2022/324x324/250105920.jpg,2021-22
Miguel Gutiérrez,Spain,DEFENDER,UNKNOWN,24,2001-07-27,1,66,0,0,0,0,0,Real Madrid C.F.,RMA,https://img.uefa.com/imgml/TP/teams/logos/240x240/50051.png,250106969,https://img.uefa.com/imgml/TP/players/1/2022/324x324/250106969.jpg,2021-22
Rúben Vinagre,Portugal,DEFENDER,FULL_BACK,27,1999-04-09,2,63,0,0,0,0,0,Sporting Clube de Portugal,SPO,https://img.uefa.com/imgml/TP/teams/logos/240x240/50149.png,250089224,https://img.uefa.com/imgml/TP/players/1/2022/324x324/250089224.jpg,2021-22
Felix Mambimbi,Switzerland,FORWARD,WINGER,25,2001-01-18,4,60,0,0,0,0,0,BSC Young Boys,YB,https://img.uefa.com/imgml/TP/teams/logos/240x240/50031.png,250108699,https://img.uefa.com/imgml/TP/players/1/2022/324x324/250108699.jpg,2021-22
Ilaix Moriba,Rep of Guinea,MIDFIELDER,UNKNOWN,23,2003-01-19,3,60,0,0,0,1,0,RB Leipzig,RBL,https://img.uefa.com/imgml/TP/teams/logos/240x240/2603790.png,250123954,https://img.uefa.com/imgml/TP/players/1/2022/324x324/250123954.jpg,2021-22
Felix Passlack,Germany,MIDFIELDER,FULL_BACK,28,1998-05-29,2,60,0,0,0,0,0,Borussia Dortmund,BVB,https://img.uefa.com/imgml/TP/teams/logos/240x240/52758.png,250076274,https://img.uefa.com/imgml/TP/players/1/2022/324x324/250076274.jpg,2021-22
Harvey Elliott,England,MIDFIELDER,UNKNOWN,23,2003-04-04,1,59,0,0,0,0,0,Liverpool FC,LIV,https://img.uefa.com/imgml/TP/teams/logos/240x240/7889.png,250127426,https://img.uefa.com/imgml/TP/players/1/2022/324x324/250127426.jpg,2021-22
Tiémoué Bakayoko,France,MIDFIELDER,DEFENSIVE_MIDFIELDER,31,1994-08-17,3,56,0,0,0,1,0,AC Milan,MIL,https://img.uefa.com/imgml/TP/teams/logos/240x240/50058.png,250027193,https://img.uefa.com/imgml/TP/players/1/2022/324x324/250027193.jpg,2021-22
Giuseppe Pezzella,Italy,DEFENDER,UNKNOWN,28,1997-11-29,3,56,0,0,0,0,0,Atalanta BC,ATA,https://img.uefa.com/imgml/TP/teams/logos/240x240/52816.png,250098916,https://img.uefa.com/imgml/TP/players/1/2022/324x324/250098916.jpg,2021-22
Georgiy Sudakov,Ukraine,MIDFIELDER,ATTACKING_MIDFIELDER,23,2002-09-01,2,56,0,0,0,0,0,FC Shakhtar Donetsk,SHK,https://img.uefa.com/imgml/TP/teams/logos/240x240/52707.png,250119181,https://img.uefa.com/imgml/TP/players/1/2022/324x324/250119181.jpg,2021-22
Cisse Sandra,Belgium,MIDFIELDER,UNKNOWN,22,2003-12-16,1,56,0,0,0,0,0,Club Brugge KV,BRU,https://img.uefa.com/imgml/TP/teams/logos/240x240/50043.png,250135248,https://img.uefa.com/imgml/TP/players/1/2022/324x324/250135248.jpg,2021-22
Noah Mbamba,Belgium,MIDFIELDER,UNKNOWN,21,2005-01-05,3,55,0,0,0,0,0,Club Brugge KV,BRU,https://img.uefa.com/imgml/TP/teams/logos/240x240/50043.png,250153673,https://img.uefa.com/imgml/TP/players/1/2022/324x324/250153673.jpg,2021-22
Volodymyr Shepeliev,Ukraine,MIDFIELDER,DEFENSIVE_MIDFIELDER,29,1997-06-01,2,54,0,0,0,0,0,FC Dynamo Kyiv,DKY,https://img.uefa.com/imgml/TP/teams/logos/240x240/52723.png,250087701,https://img.uefa.com/imgml/TP/players/1/2022/324x324/250087701.jpg,2021-22
Omar Richards,England,DEFENDER,UNKNOWN,28,1998-02-15,4,52,0,0,0,1,0,FC Bayern München,BAY,https://img.uefa.com/imgml/TP/teams/logos/240x240/50037.png,250134004,https://img.uefa.com/imgml/TP/players/1/2022/324x324/250134004.jpg,2021-22
Keston Julien,Trinidad and Tobago,DEFENDER,UNKNOWN,27,1998-10-26,3,52,0,0,0,0,0,FC Sheriff Tiraspol,SHE,https://img.uefa.com/imgml/TP/teams/logos/240x240/69606.png,250109618,https://img.uefa.com/imgml/TP/players/1/2022/324x324/250109618.jpg,2021-22
Mohamed Daramy,Denmark,MIDFIELDER,STRIKER,24,2002-01-07,2,52,0,0,0,0,0,AFC Ajax,AJX,https://img.uefa.com/imgml/TP/teams/logos/240x240/50143.png,250120799,https://img.uefa.com/imgml/TP/players/1/2022/324x324/250120799.jpg,2021-22
Oğuzhan Özyakup,Türkiye,MIDFIELDER,CENTRAL_MIDFIELDER,33,1992-09-23,2,52,0,0,0,0,0,Beşiktaş JK,BES,https://img.uefa.com/imgml/TP/teams/logos/240x240/50157.png,1909099,https://img.uefa.com/imgml/TP/players/1/2022/324x324/1909099.jpg,2021-22
Benjamin Henrichs,Germany,DEFENDER,UNKNOWN,29,1997-02-23,4,51,0,0,0,0,0,RB Leipzig,RBL,https://img.uefa.com/imgml/TP/teams/logos/240x240/2603790.png,250058258,https://img.uefa.com/imgml/TP/players/1/2022/324x324/250058258.jpg,2021-22
Eric Maxim Choupo-Moting,Cameroon,MIDFIELDER,UNKNOWN,37,1989-03-23,4,49,1,0,0,0,0,FC Bayern München,BAY,https://img.uefa.com/imgml/TP/teams/logos/240x240/50037.png,1904338,https://img.uefa.com/imgml/TP/players/1/2022/324x324/1904338.jpg,2021-22
Yusuf Yazıcı,Türkiye,MIDFIELDER,STRIKER,29,1997-01-29,4,47,0,0,0,1,0,LOSC Lille,LIL,https://img.uefa.com/imgml/TP/teams/logos/240x240/75797.png,250097254,https://img.uefa.com/imgml/TP/players/1/2022/324x324/250097254.jpg,2021-22
Mauro Icardi,Argentina,FORWARD,STRIKER,33,1993-02-19,3,47,0,0,0,0,0,Paris Saint-Germain,PSG,https://img.uefa.com/imgml/TP/teams/logos/240x240/52747.png,250074434,https://img.uefa.com/imgml/TP/players/1/2022/324x324/250074434.jpg,2021-22
Matteo Lovato,Italy,DEFENDER,UNKNOWN,26,2000-02-14,1,45,0,0,0,1,0,Atalanta BC,ATA,https://img.uefa.com/imgml/TP/teams/logos/240x240/52816.png,250150882,https://img.uefa.com/imgml/TP/players/1/2022/324x324/250150882.jpg,2021-22
James McAtee,England,MIDFIELDER,UNKNOWN,23,2002-10-18,1,45,0,0,0,0,0,Manchester City,MCI,https://img.uefa.com/imgml/TP/teams/logos/240x240/52919.png,250135615,https://img.uefa.com/imgml/TP/players/1/2022/324x324/250135615.jpg,2021-22
Cole Palmer,England,MIDFIELDER,UNKNOWN,24,2002-05-06,3,40,1,0,0,0,0,Manchester City,MCI,https://img.uefa.com/imgml/TP/teams/logos/240x240/52919.png,250124282,https://img.uefa.com/imgml/TP/players/1/2022/324x324/250124282.jpg,2021-22
Paulo Bernardo,Portugal,MIDFIELDER,CENTRAL_MIDFIELDER,24,2002-01-24,5,39,0,0,0,0,0,SL Benfica,BEN,https://img.uefa.com/imgml/TP/teams/logos/240x240/50147.png,250117406,https://img.uefa.com/imgml/TP/players/1/2022/324x324/250117406.jpg,2021-22
Maurits Kjærgaard,Denmark,MIDFIELDER,UNKNOWN,22,2003-06-26,4,38,1,0,0,1,0,FC Salzburg,SAL,https://img.uefa.com/imgml/TP/teams/logos/240x240/50030.png,250129343,https://img.uefa.com/imgml/TP/players/1/2022/324x324/250129343.jpg,2021-22
Kenneth Taylor,Netherlands,MIDFIELDER,CENTRAL_MIDFIELDER,24,2002-05-16,3,38,0,0,0,0,0,AFC Ajax,AJX,https://img.uefa.com/imgml/TP/teams/logos/240x240/50143.png,250113011,https://img.uefa.com/imgml/TP/players/1/2022/324x324/250113011.jpg,2021-22
Dani Ceballos,Spain,MIDFIELDER,CENTRAL_MIDFIELDER,29,1996-08-07,5,37,0,0,0,0,0,Real Madrid C.F.,RMA,https://img.uefa.com/imgml/TP/teams/logos/240x240/50051.png,250086709,https://img.uefa.com/imgml/TP/players/1/2022/324x324/250086709.jpg,2021-22
Francisco Conceição,Portugal,FORWARD,UNKNOWN,23,2002-12-14,2,37,0,0,0,1,0,FC Porto,POR,https://img.uefa.com/imgml/TP/teams/logos/240x240/50064.png,250117405,https://img.uefa.com/imgml/TP/players/1/2022/324x324/250117405.jpg,2021-22
Felix Nmecha,Germany,MIDFIELDER,UNKNOWN,25,2000-10-10,2,36,0,0,0,0,0,VfL Wolfsburg,WOB,https://img.uefa.com/imgml/TP/teams/logos/240x240/64332.png,250112224,https://img.uefa.com/imgml/TP/players/1/2022/324x324/250112224.jpg,2021-22
Pepê,Brazil,FORWARD,UNKNOWN,29,1997-02-24,3,34,0,0,0,0,0,FC Porto,POR,https://img.uefa.com/imgml/TP/teams/logos/240x240/50064.png,250159919,https://img.uefa.com/imgml/TP/players/1/2022/324x324/250159919.jpg,2021-22
Aleksei Miranchuk,Russia,FORWARD,ATTACKING_MIDFIELDER,30,1995-10-17,2,33,0,1,0,0,0,Atalanta BC,ATA,https://img.uefa.com/imgml/TP/teams/logos/240x240/52816.png,250083244,https://img.uefa.com/imgml/TP/players/1/2022/324x324/250083244.jpg,2021-22
Marcus Edwards,England,FORWARD,WINGER,27,1998-12-03,1,32,0,0,0,0,0,Sporting Clube de Portugal,SPO,https://img.uefa.com/imgml/TP/teams/logos/240x240/50149.png,250079522,https://img.uefa.com/imgml/TP/players/1/2022/324x324/250079522.jpg,2021-22
Nemanja Radonjić,Serbia,MIDFIELDER,WINGER,30,1996-02-15,1,31,0,0,0,0,0,SL Benfica,BEN,https://img.uefa.com/imgml/TP/teams/logos/240x240/50147.png,250055216,https://img.uefa.com/imgml/TP/players/1/2022/324x324/250055216.jpg,2021-22
Teden Mengi,England,DEFENDER,CENTRE_BACK,24,2002-04-30,1,29,0,0,0,0,0,Manchester United,MUN,https://img.uefa.com/imgml/TP/teams/logos/240x240/52682.png,250117509,https://img.uefa.com/imgml/TP/players/1/2022/324x324/250117509.jpg,2021-22
Wesley,Brazil,FORWARD,STRIKER,29,1996-11-24,2,26,0,0,0,1,0,Club Brugge KV,BRU,https://img.uefa.com/imgml/TP/teams/logos/240x240/50043.png,250084882,https://img.uefa.com/imgml/TP/players/1/2022/324x324/250084882.jpg,2021-22
Mohammed Kudus,Ghana,MIDFIELDER,ATTACKING_MIDFIELDER,25,2000-08-02,2,24,0,0,0,0,0,AFC Ajax,AJX,https://img.uefa.com/imgml/TP/teams/logos/240x240/50143.png,250121904,https://img.uefa.com/imgml/TP/players/1/2022/324x324/250121904.jpg,2021-22
Aïssa Mandi,Algeria,DEFENDER,CENTRE_BACK,34,1991-10-22,2,24,0,0,0,0,0,Villarreal CF,VIL,https://img.uefa.com/imgml/TP/teams/logos/240x240/70691.png,250068733,https://img.uefa.com/imgml/TP/players/1/2022/324x324/250068733.jpg,2021-22
Hugo Novoa,Spain,MIDFIELDER,UNKNOWN,23,2003-01-24,1,24,0,1,0,0,0,RB Leipzig,RBL,https://img.uefa.com/imgml/TP/teams/logos/240x240/2603790.png,250129973,https://img.uefa.com/imgml/TP/players/1/2022/324x324/250129973.jpg,2021-22
Isaac Lihadji,France,FORWARD,WINGER,24,2002-04-10,3,23,0,0,0,0,0,LOSC Lille,LIL,https://img.uefa.com/imgml/TP/teams/logos/240x240/75797.png,250129422,https://img.uefa.com/imgml/TP/players/1/2022/324x324/250129422.jpg,2021-22
Bernardo,Brazil,DEFENDER,FULL_BACK,31,1995-05-14,2,23,0,1,0,0,0,FC Salzburg,SAL,https://img.uefa.com/imgml/TP/teams/logos/240x240/50030.png,250098953,https://img.uefa.com/imgml/TP/players/1/2022/324x324/250098953.jpg,2021-22
Samson Tijani,Nigeria,MIDFIELDER,UNKNOWN,24,2002-05-17,1,23,0,0,0,0,0,FC Salzburg,SAL,https://img.uefa.com/imgml/TP/teams/logos/240x240/50030.png,250141025,https://img.uefa.com/imgml/TP/players/1/2022/324x324/250141025.jpg,2021-22
Hatem Ben Arfa,France,MIDFIELDER,WINGER,39,1987-03-07,2,22,0,0,0,1,0,LOSC Lille,LIL,https://img.uefa.com/imgml/TP/teams/logos/240x240/75797.png,93320,https://img.uefa.com/imgml/TP/players/1/2022/324x324/93320.jpg,2021-22
Shola Shoretire,England,FORWARD,WINGER,22,2004-02-02,1,22,0,0,0,1,0,Manchester United,MUN,https://img.uefa.com/imgml/TP/teams/logos/240x240/52682.png,250127692,https://img.uefa.com/imgml/TP/players/1/2022/324x324/250127692.jpg,2021-22
Tom Heaton,England,GOALKEEPER,GOALKEEPER,40,1986-04-15,1,22,0,0,0,0,0,Manchester United,MUN,https://img.uefa.com/imgml/TP/teams/logos/240x240/52682.png,69582,https://img.uefa.com/imgml/TP/players/1/2022/324x324/69582.jpg,2021-22
Óscar Rodríguez,Spain,MIDFIELDER,UNKNOWN,27,1998-06-28,1,22,0,0,0,0,0,Sevilla FC,SEV,https://img.uefa.com/imgml/TP/teams/logos/240x240/52714.png,250079402,https://img.uefa.com/imgml/TP/players/1/2022/324x324/250079402.jpg,2021-22
Josip Stanišić,Croatia,DEFENDER,UNKNOWN,26,2000-04-02,2,21,0,1,0,0,0,FC Bayern München,BAY,https://img.uefa.com/imgml/TP/teams/logos/240x240/50037.png,250112220,https://img.uefa.com/imgml/TP/players/1/2022/324x324/250112220.jpg,2021-22
Ansgar Knauff,Germany,MIDFIELDER,UNKNOWN,24,2002-01-10,3,20,0,0,0,1,0,Borussia Dortmund,BVB,https://img.uefa.com/imgml/TP/teams/logos/240x240/52758.png,250134656,https://img.uefa.com/imgml/TP/players/1/2022/324x324/250134656.jpg,2021-22
Daniel Maldini,Italy,FORWARD,ATTACKING_MIDFIELDER,24,2001-10-11,3,20,0,0,0,0,0,AC Milan,MIL,https://img.uefa.com/imgml/TP/teams/logos/240x240/50058.png,250144618,https://img.uefa.com/imgml/TP/players/1/2022/324x324/250144618.jpg,2021-22
Youssoufa Moukoko,Germany,FORWARD,UNKNOWN,21,2004-11-20,1,20,0,0,0,1,0,Borussia Dortmund,BVB,https://img.uefa.com/imgml/TP/teams/logos/240x240/52758.png,250134659,https://img.uefa.com/imgml/TP/players/1/2022/324x324/250134659.jpg,2021-22
Iván Romero,Spain,FORWARD,UNKNOWN,25,2001-04-10,1,20,0,0,0,0,0,Sevilla FC,SEV,https://img.uefa.com/imgml/TP/teams/logos/240x240/52714.png,250138682,https://img.uefa.com/imgml/TP/players/1/2022/324x324/250138682.jpg,2021-22
Flávio Nazinho,Portugal,DEFENDER,UNKNOWN,22,2003-07-20,2,19,0,0,0,0,0,Sporting Clube de Portugal,SPO,https://img.uefa.com/imgml/TP/teams/logos/240x240/50149.png,250138395,https://img.uefa.com/imgml/TP/players/1/2022/324x324/250138395.jpg,2021-22
Alejandro Balde,Spain,DEFENDER,UNKNOWN,22,2003-10-18,2,19,0,0,0,0,0,FC Barcelona,BAR,https://img.uefa.com/imgml/TP/teams/logos/240x240/50080.png,250135416,https://img.uefa.com/imgml/TP/players/1/2022/324x324/250135416.jpg,2021-22
Rubén Peña,Spain,DEFENDER,FULL_BACK,34,1991-07-18,2,18,0,0,0,1,0,Villarreal CF,VIL,https://img.uefa.com/imgml/TP/teams/logos/240x240/70691.png,250147281,https://img.uefa.com/imgml/TP/players/1/2022/324x324/250147281.jpg,2021-22
Malik Tillman,USA,MIDFIELDER,UNKNOWN,24,2002-05-28,2,18,0,0,0,0,0,FC Bayern München,BAY,https://img.uefa.com/imgml/TP/teams/logos/240x240/50037.png,250123677,https://img.uefa.com/imgml/TP/players/1/2022/324x324/250123677.jpg,2021-22
Scott Carson,England,GOALKEEPER,UNKNOWN,40,1985-09-03,1,17,0,0,0,0,0,Manchester City,MCI,https://img.uefa.com/imgml/TP/teams/logos/240x240/52919.png,69178,https://img.uefa.com/imgml/TP/players/1/2022/324x324/69178.jpg,2021-22
Berkay Vardar,Türkiye,MIDFIELDER,UNKNOWN,23,2003-01-14,1,17,0,0,0,0,0,Beşiktaş JK,BES,https://img.uefa.com/imgml/TP/teams/logos/240x240/50157.png,250138482,https://img.uefa.com/imgml/TP/players/1/2022/324x324/250138482.jpg,2021-22
Ricard Puig,Spain,MIDFIELDER,UNKNOWN,26,1999-08-13,1,17,0,0,0,0,0,FC Barcelona,BAR,https://img.uefa.com/imgml/TP/teams/logos/240x240/50080.png,250087540,https://img.uefa.com/imgml/TP/players/1/2022/324x324/250087540.jpg,2021-22
Eric Ramírez,Venezuela,FORWARD,UNKNOWN,27,1998-11-20,2,16,0,0,0,0,0,FC Dynamo Kyiv,DKY,https://img.uefa.com/imgml/TP/teams/logos/240x240/52723.png,250132052,https://img.uefa.com/imgml/TP/players/1/2022/324x324/250132052.jpg,2021-22
Maxim Cojocaru,Moldova,MIDFIELDER,UNKNOWN,28,1998-01-13,2,15,0,0,0,1,0,FC Sheriff Tiraspol,SHE,https://img.uefa.com/imgml/TP/teams/logos/240x240/69606.png,250078897,https://img.uefa.com/imgml/TP/players/1/2022/324x324/250078897.jpg,2021-22
Javi Serrano,Spain,MIDFIELDER,UNKNOWN,23,2003-01-16,1,15,0,0,0,0,0,Atlético de Madrid,ATM,https://img.uefa.com/imgml/TP/teams/logos/240x240/50124.png,250136445,https://img.uefa.com/imgml/TP/players/1/2022/324x324/250136445.jpg,2021-22
Sergio Agüero,Argentina,FORWARD,UNKNOWN,38,1988-06-02,1,15,0,0,0,0,0,FC Barcelona,BAR,https://img.uefa.com/imgml/TP/teams/logos/240x240/50080.png,1903543,https://img.uefa.com/imgml/TP/players/1/2022/324x324/1903543.jpg,2021-22
Aaron Ramsey,Wales,MIDFIELDER,CENTRAL_MIDFIELDER,35,1990-12-26,2,14,0,0,0,1,0,Juventus,JUV,https://img.uefa.com/imgml/TP/teams/logos/240x240/50139.png,103769,https://img.uefa.com/imgml/TP/players/1/2022/324x324/103769.jpg,2021-22
Kirill Kravtsov,Russia,MIDFIELDER,UNKNOWN,23,2002-06-14,2,14,0,0,0,0,0,FC Zenit,ZEN,https://img.uefa.com/imgml/TP/teams/logos/240x240/52826.png,250135171,https://img.uefa.com/imgml/TP/players/1/2022/324x324/250135171.jpg,2021-22
Domagoj Bradarić,Croatia,DEFENDER,FULL_BACK,26,1999-12-10,1,13,0,0,0,0,0,LOSC Lille,LIL,https://img.uefa.com/imgml/TP/teams/logos/240x240/75797.png,250116707,https://img.uefa.com/imgml/TP/players/1/2022/324x324/250116707.jpg,2021-22
Mariano Díaz,Dominican Rep,FORWARD,STRIKER,32,1993-08-01,1,12,0,0,0,0,0,Real Madrid C.F.,RMA,https://img.uefa.com/imgml/TP/teams/logos/240x240/50051.png,250096713,https://img.uefa.com/imgml/TP/players/1/2022/324x324/250096713.jpg,2021-22
Magomed Ozdoev,Russia,MIDFIELDER,CENTRAL_MIDFIELDER,33,1992-11-05,1,11,1,0,0,0,0,FC Zenit,ZEN,https://img.uefa.com/imgml/TP/teams/logos/240x240/52826.png,250021669,https://img.uefa.com/imgml/TP/players/1/2022/324x324/250021669.jpg,2021-22
Bruno Costa,Portugal,MIDFIELDER,UNKNOWN,28,1997-07-19,1,11,0,0,0,0,0,FC Porto,POR,https://img.uefa.com/imgml/TP/teams/logos/240x240/50064.png,250161144,https://img.uefa.com/imgml/TP/players/1/2022/324x324/250161144.jpg,2021-22
Daniel Raba,Spain,MIDFIELDER,WINGER,30,1995-10-29,1,11,0,0,0,0,0,Villarreal CF,VIL,https://img.uefa.com/imgml/TP/teams/logos/240x240/70691.png,250100482,https://img.uefa.com/imgml/TP/players/1/2022/324x324/250100482.jpg,2021-22
Solomon Bonnah,Netherlands,DEFENDER,UNKNOWN,22,2003-08-19,1,10,0,0,0,0,0,RB Leipzig,RBL,https://img.uefa.com/imgml/TP/teams/logos/240x240/2603790.png,250128436,https://img.uefa.com/imgml/TP/players/1/2022/324x324/250128436.jpg,2021-22
Vicente Iborra,Spain,MIDFIELDER,CENTRAL_MIDFIELDER,38,1988-01-16,1,10,0,0,0,0,0,Villarreal CF,VIL,https://img.uefa.com/imgml/TP/teams/logos/240x240/70691.png,250051268,https://img.uefa.com/imgml/TP/players/1/2022/324x324/250051268.jpg,2021-22
Stefano Sensi,Italy,MIDFIELDER,CENTRAL_MIDFIELDER,30,1995-08-05,2,9,0,0,0,0,0,FC Internazionale Milano,INT,https://img.uefa.com/imgml/TP/teams/logos/240x240/50138.png,250099650,https://img.uefa.com/imgml/TP/players/1/2022/324x324/250099650.jpg,2021-22
Dário Essugo,Portugal,MIDFIELDER,UNKNOWN,21,2005-03-14,1,9,0,0,0,0,0,Sporting Clube de Portugal,SPO,https://img.uefa.com/imgml/TP/teams/logos/240x240/50149.png,250160998,https://img.uefa.com/imgml/TP/players/1/2022/324x324/250160998.jpg,2021-22
Edon Zhegrova,Kosovo,FORWARD,WINGER,27,1999-03-31,1,9,0,0,0,0,0,LOSC Lille,LIL,https://img.uefa.com/imgml/TP/teams/logos/240x240/75797.png,250118504,https://img.uefa.com/imgml/TP/players/1/2022/324x324/250118504.jpg,2021-22
Bogdan Lednev,Ukraine,MIDFIELDER,WINGER,28,1998-04-07,1,9,0,0,0,0,0,FC Dynamo Kyiv,DKY,https://img.uefa.com/imgml/TP/teams/logos/240x240/52723.png,250091870,https://img.uefa.com/imgml/TP/players/1/2022/324x324/250091870.jpg,2021-22
Denis Zakaria,Switzerland,MIDFIELDER,CENTRAL_MIDFIELDER,29,1996-11-20,1,9,0,0,0,0,0,Juventus,JUV,https://img.uefa.com/imgml/TP/teams/logos/240x240/50139.png,250079677,https://img.uefa.com/imgml/TP/players/1/2022/324x324/250079677.jpg,2021-22
Haris Seferović,Switzerland,FORWARD,STRIKER,34,1992-02-22,1,9,0,0,0,0,0,SL Benfica,BEN,https://img.uefa.com/imgml/TP/teams/logos/240x240/50147.png,250002548,https://img.uefa.com/imgml/TP/players/1/2022/324x324/250002548.jpg,2021-22
Jesús Vallejo,Spain,DEFENDER,CENTRE_BACK,29,1997-01-05,2,8,0,0,0,0,0,Real Madrid C.F.,RMA,https://img.uefa.com/imgml/TP/teams/logos/240x240/50051.png,250065307,https://img.uefa.com/imgml/TP/players/1/2022/324x324/250065307.jpg,2021-22
Marvin Spielmann,Switzerland,MIDFIELDER,CENTRAL_MIDFIELDER,30,1996-02-23,1,8,0,0,0,0,0,BSC Young Boys,YB,https://img.uefa.com/imgml/TP/teams/logos/240x240/50031.png,250100469,https://img.uefa.com/imgml/TP/players/1/2022/324x324/250100469.jpg,2021-22
José Izquierdo,Colombia,FORWARD,UNKNOWN,33,1992-07-07,1,8,0,0,0,0,0,Club Brugge KV,BRU,https://img.uefa.com/imgml/TP/teams/logos/240x240/50043.png,250075903,https://img.uefa.com/imgml/TP/players/1/2022/324x324/250075903.jpg,2021-22
Gareth Bale,Wales,FORWARD,STRIKER,36,1989-07-16,2,7,0,0,0,0,0,Real Madrid C.F.,RMA,https://img.uefa.com/imgml/TP/teams/logos/240x240/50051.png,102225,https://img.uefa.com/imgml/TP/players/1/2022/324x324/102225.jpg,2021-22
Miralem Sulejmani,Serbia,MIDFIELDER,WINGER,37,1988-12-05,1,7,0,0,0,0,0,BSC Young Boys,YB,https://img.uefa.com/imgml/TP/teams/logos/240x240/50031.png,97389,https://img.uefa.com/imgml/TP/players/1/2022/324x324/97389.jpg,2021-22
Giorgio Chiellini,Italy,DEFENDER,CENTRE_BACK,41,1984-08-14,1,7,0,0,0,0,0,Juventus,JUV,https://img.uefa.com/imgml/TP/teams/logos/240x240/50139.png,59142,https://img.uefa.com/imgml/TP/players/1/2022/324x324/59142.jpg,2021-22
Junior Dina Ebimbe,France,MIDFIELDER,UNKNOWN,25,2000-11-21,1,7,0,0,0,0,0,Paris Saint-Germain,PSG,https://img.uefa.com/imgml/TP/teams/logos/240x240/52747.png,250113328,https://img.uefa.com/imgml/TP/players/1/2022/324x324/250113328.jpg,2021-22
Luke Mbete,England,DEFENDER,UNKNOWN,22,2003-09-18,1,6,0,0,0,0,0,Manchester City,MCI,https://img.uefa.com/imgml/TP/teams/logos/240x240/52919.png,250135614,https://img.uefa.com/imgml/TP/players/1/2022/324x324/250135614.jpg,2021-22
Liam Delap,England,FORWARD,UNKNOWN,23,2003-02-08,1,6,0,0,0,0,0,Manchester City,MCI,https://img.uefa.com/imgml/TP/teams/logos/240x240/52919.png,250128380,https://img.uefa.com/imgml/TP/players/1/2022/324x324/250128380.jpg,2021-22
Antonio Blanco,Spain,MIDFIELDER,UNKNOWN,25,2000-07-23,1,6,0,0,0,0,0,Real Madrid C.F.,RMA,https://img.uefa.com/imgml/TP/teams/logos/240x240/50051.png,250101285,https://img.uefa.com/imgml/TP/players/1/2022/324x324/250101285.jpg,2021-22
Aleksandar Kolarov,Serbia,UNKNOWN,FULL_BACK,40,1985-11-10,1,5,0,0,0,0,0,FC Internazionale Milano,INT,https://img.uefa.com/imgml/TP/teams/logos/240x240/50138.png,105814,https://img.uefa.com/imgml/TP/players/1/2022/324x324/105814.jpg,2021-22
Dentinho,Brazil,MIDFIELDER,ATTACKING_MIDFIELDER,37,1989-01-19,1,4,0,0,0,1,0,FC Shakhtar Donetsk,SHK,https://img.uefa.com/imgml/TP/teams/logos/240x240/52707.png,250040615,https://img.uefa.com/imgml/TP/players/1/2022/324x324/250040615.jpg,2021-22
Daouda Guindo,Mali,DEFENDER,UNKNOWN,23,2002-10-14,1,4,0,0,0,0,0,FC Salzburg,SAL,https://img.uefa.com/imgml/TP/teams/logos/240x240/50030.png,250161142,https://img.uefa.com/imgml/TP/players/1/2022/324x324/250161142.jpg,2021-22
Roko Šimić,Croatia,FORWARD,UNKNOWN,22,2003-09-10,1,4,0,0,0,0,0,FC Salzburg,SAL,https://img.uefa.com/imgml/TP/teams/logos/240x240/50030.png,250129734,https://img.uefa.com/imgml/TP/players/1/2022/324x324/250129734.jpg,2021-22
Oleksiy Shevchenko,Ukraine,GOALKEEPER,GOALKEEPER,34,1992-02-24,1,4,0,0,0,0,0,FC Shakhtar Donetsk,SHK,https://img.uefa.com/imgml/TP/teams/logos/240x240/52707.png,250054476,https://img.uefa.com/imgml/TP/players/1/2022/324x324/250054476.jpg,2021-22
Daniil Kuznetsov,Russia,FORWARD,UNKNOWN,23,2003-04-23,1,3,0,0,0,0,0,FC Zenit,ZEN,https://img.uefa.com/imgml/TP/teams/logos/240x240/52826.png,250154270,https://img.uefa.com/imgml/TP/players/1/2022/324x324/250154270.jpg,2021-22
Nico Maier,Switzerland,MIDFIELDER,ATTACKING_MIDFIELDER,25,2000-07-02,1,3,0,0,0,0,0,BSC Young Boys,YB,https://img.uefa.com/imgml/TP/teams/logos/240x240/50031.png,250124180,https://img.uefa.com/imgml/TP/players/1/2022/324x324/250124180.jpg,2021-22
Noah Eile,Sweden,DEFENDER,UNKNOWN,23,2002-07-19,1,3,0,0,0,0,0,Malmö FF,MAL,https://img.uefa.com/imgml/TP/teams/logos/240x240/50152.png,250119805,https://img.uefa.com/imgml/TP/players/1/2022/324x324/250119805.jpg,2021-22
Luca Pellegrini,Italy,DEFENDER,UNKNOWN,27,1999-03-07,1,3,0,0,0,0,0,Juventus,JUV,https://img.uefa.com/imgml/TP/teams/logos/240x240/50139.png,250088146,https://img.uefa.com/imgml/TP/players/1/2022/324x324/250088146.jpg,2021-22
Daniel Ginczek,Germany,FORWARD,STRIKER,35,1991-04-13,1,2,0,0,0,0,0,VfL Wolfsburg,WOB,https://img.uefa.com/imgml/TP/teams/logos/240x240/64332.png,250008352,https://img.uefa.com/imgml/TP/players/1/2022/324x324/250008352.jpg,2021-22
Charlie William Henry Savage,Wales,MIDFIELDER,UNKNOWN,23,2003-05-02,1,1,0,0,0,0,0,Manchester United,MUN,https://img.uefa.com/imgml/TP/teams/logos/240x240/52682.png,250166951,https://img.uefa.com/imgml/TP/players/1/2022/324x324/250166951.jpg,2021-22
Rodrigo Ribeiro,Portugal,FORWARD,UNKNOWN,21,2005-04-28,1,1,0,0,0,0,0,Sporting Clube de Portugal,SPO,https://img.uefa.com/imgml/TP/teams/logos/240x240/50149.png,250164934,https://img.uefa.com/imgml/TP/players/1/2022/324x324/250164934.jpg,2021-22
Zidane Iqbal,Iraq,MIDFIELDER,CENTRAL_MIDFIELDER,23,2003-04-27,1,1,0,0,0,0,0,Manchester United,MUN,https://img.uefa.com/imgml/TP/teams/logos/240x240/52682.png,250153956,https://img.uefa.com/imgml/TP/players/1/2022/324x324/250153956.jpg,2021-22
Serafim Cojocari,Moldova,DEFENDER,UNKNOWN,25,2001-01-07,1,1,0,0,0,0,0,FC Sheriff Tiraspol,SHE,https://img.uefa.com/imgml/TP/teams/logos/240x240/69606.png,250137381,https://img.uefa.com/imgml/TP/players/1/2022/324x324/250137381.jpg,2021-22
Conor Bradley,Northern Ireland,DEFENDER,UNKNOWN,22,2003-07-09,1,1,0,0,0,0,0,Liverpool FC,LIV,https://img.uefa.com/imgml/TP/teams/logos/240x240/7889.png,250135607,https://img.uefa.com/imgml/TP/players/1/2022/324x324/250135607.jpg,2021-22
Max Woltman,England,MIDFIELDER,UNKNOWN,22,2003-08-20,1,1,0,0,0,0,0,Liverpool FC,LIV,https://img.uefa.com/imgml/TP/teams/logos/240x240/7889.png,250135604,https://img.uefa.com/imgml/TP/players/1/2022/324x324/250135604.jpg,2021-22
Fabio Miretti,Italy,MIDFIELDER,UNKNOWN,22,2003-08-03,1,1,0,0,0,0,0,Juventus,JUV,https://img.uefa.com/imgml/TP/teams/logos/240x240/50139.png,250135575,https://img.uefa.com/imgml/TP/players/1/2022/324x324/250135575.jpg,2021-22
Marco Da Graca,Italy,FORWARD,UNKNOWN,24,2002-05-01,1,1,0,0,0,0,0,Juventus,JUV,https://img.uefa.com/imgml/TP/teams/logos/240x240/50139.png,250135570,https://img.uefa.com/imgml/TP/players/1/2022/324x324/250135570.jpg,2021-22
Cédric Zesiger,Switzerland,DEFENDER,CENTRE_BACK,27,1998-06-24,1,1,0,0,0,0,0,BSC Young Boys,YB,https://img.uefa.com/imgml/TP/teams/logos/240x240/50031.png,250105729,https://img.uefa.com/imgml/TP/players/1/2022/324x324/250105729.jpg,2021-22
Faitout Maouassa,France,DEFENDER,FULL_BACK,27,1998-07-06,1,1,0,0,0,0,0,Club Brugge KV,BRU,https://img.uefa.com/imgml/TP/teams/logos/240x240/50043.png,250081666,https://img.uefa.com/imgml/TP/players/1/2022/324x324/250081666.jpg,2021-22
Gil Dias,Portugal,MIDFIELDER,WINGER,29,1996-09-28,1,1,0,0,0,0,0,SL Benfica,BEN,https://img.uefa.com/imgml/TP/teams/logos/240x240/50147.png,250080472,https://img.uefa.com/imgml/TP/players/1/2022/324x324/250080472.jpg,2021-22
Diego Piñeiro,Spain,GOALKEEPER,GOALKEEPER,22,2004-02-13,0,0,0,0,0,0,0,Real Madrid C.F.,RMA,https://img.uefa.com/imgml/TP/teams/logos/240x240/50051.png,250153622,https://img.uefa.com/imgml/TP/players/1/2022/324x324/250153622.jpg,2021-22
Edouard Michut,France,MIDFIELDER,UNKNOWN,23,2003-03-04,0,0,0,0,0,0,0,Paris Saint-Germain,PSG,https://img.uefa.com/imgml/TP/teams/logos/240x240/52747.png,250135681,https://img.uefa.com/imgml/TP/players/1/2022/324x324/250135681.jpg,2021-22
Pablo Ramon,Spain,DEFENDER,UNKNOWN,24,2001-06-30,0,0,0,0,0,0,0,Real Madrid C.F.,RMA,https://img.uefa.com/imgml/TP/teams/logos/240x240/50051.png,250134906,https://img.uefa.com/imgml/TP/players/1/2022/324x324/250134906.jpg,2021-22
Peter,Spain,MIDFIELDER,UNKNOWN,23,2002-07-25,0,0,0,0,0,0,0,Real Madrid C.F.,RMA,https://img.uefa.com/imgml/TP/teams/logos/240x240/50051.png,250134905,https://img.uefa.com/imgml/TP/players/1/2022/324x324/250134905.jpg,2021-22
David González,Spain,MIDFIELDER,UNKNOWN,23,2002-06-22,0,0,0,0,0,0,0,Real Madrid C.F.,RMA,https://img.uefa.com/imgml/TP/teams/logos/240x240/50051.png,250134904,https://img.uefa.com/imgml/TP/players/1/2022/324x324/250134904.jpg,2021-22
Rafa Marín,Spain,DEFENDER,UNKNOWN,24,2002-05-19,0,0,0,0,0,0,0,Real Madrid C.F.,RMA,https://img.uefa.com/imgml/TP/teams/logos/240x240/50051.png,250129412,https://img.uefa.com/imgml/TP/players/1/2022/324x324/250129412.jpg,2021-22
Óscar Aranda,Spain,MIDFIELDER,UNKNOWN,24,2002-04-29,0,0,0,0,0,0,0,Real Madrid C.F.,RMA,https://img.uefa.com/imgml/TP/teams/logos/240x240/50051.png,250129409,https://img.uefa.com/imgml/TP/players/1/2022/324x324/250129409.jpg,2021-22
Xavi Simons,Netherlands,MIDFIELDER,UNKNOWN,23,2003-04-21,0,0,0,0,0,0,0,Paris Saint-Germain,PSG,https://img.uefa.com/imgml/TP/teams/logos/240x240/52747.png,250128451,https://img.uefa.com/imgml/TP/players/1/2022/324x324/250128451.jpg,2021-22
Alvaro Carrillo,Spain,DEFENDER,UNKNOWN,24,2002-04-06,0,0,0,0,0,0,0,Real Madrid C.F.,RMA,https://img.uefa.com/imgml/TP/teams/logos/240x240/50051.png,250126911,https://img.uefa.com/imgml/TP/players/1/2022/324x324/250126911.jpg,2021-22
Toni Fuidias,Spain,GOALKEEPER,UNKNOWN,25,2001-04-15,0,0,0,0,0,0,0,Real Madrid C.F.,RMA,https://img.uefa.com/imgml/TP/teams/logos/240x240/50051.png,250125709,https://img.uefa.com/imgml/TP/players/1/2022/324x324/250125709.jpg,2021-22
Luis López,Spain,GOALKEEPER,UNKNOWN,25,2001-05-08,0,0,0,0,0,0,0,Real Madrid C.F.,RMA,https://img.uefa.com/imgml/TP/teams/logos/240x240/50051.png,250125053,https://img.uefa.com/imgml/TP/players/1/2022/324x324/250125053.jpg,2021-22
Juan Latasa,Spain,FORWARD,UNKNOWN,25,2001-03-23,0,0,0,0,0,0,0,Real Madrid C.F.,RMA,https://img.uefa.com/imgml/TP/teams/logos/240x240/50051.png,250125052,https://img.uefa.com/imgml/TP/players/1/2022/324x324/250125052.jpg,2021-22
Mario Gila,Spain,DEFENDER,UNKNOWN,25,2000-08-29,0,0,0,0,0,0,0,Real Madrid C.F.,RMA,https://img.uefa.com/imgml/TP/teams/logos/240x240/50051.png,250125051,https://img.uefa.com/imgml/TP/players/1/2022/324x324/250125051.jpg,2021-22
Carlos Dotor,Spain,MIDFIELDER,UNKNOWN,25,2001-03-15,0,0,0,0,0,0,0,Real Madrid C.F.,RMA,https://img.uefa.com/imgml/TP/teams/logos/240x240/50051.png,250125048,https://img.uefa.com/imgml/TP/players/1/2022/324x324/250125048.jpg,2021-22
Marvin Park,Spain,MIDFIELDER,UNKNOWN,25,2000-07-03,0,0,0,0,0,0,0,Real Madrid C.F.,RMA,https://img.uefa.com/imgml/TP/teams/logos/240x240/50051.png,250125045,https://img.uefa.com/imgml/TP/players/1/2022/324x324/250125045.jpg,2021-22
Sergio Santos,Spain,DEFENDER,UNKNOWN,25,2001-01-03,0,0,0,0,0,0,0,Real Madrid C.F.,RMA,https://img.uefa.com/imgml/TP/teams/logos/240x240/50051.png,250112332,https://img.uefa.com/imgml/TP/players/1/2022/324x324/250112332.jpg,2021-22
Sergio Arribas,Spain,MIDFIELDER,UNKNOWN,24,2001-09-30,0,0,0,0,0,0,0,Real Madrid C.F.,RMA,https://img.uefa.com/imgml/TP/teams/logos/240x240/50051.png,250112325,https://img.uefa.com/imgml/TP/players/1/2022/324x324/250112325.jpg,2021-22
Andri Gudjohnsen,Iceland,FORWARD,UNKNOWN,24,2002-01-29,0,0,0,0,0,0,0,Real Madrid C.F.,RMA,https://img.uefa.com/imgml/TP/teams/logos/240x240/50051.png,250106953,https://img.uefa.com/imgml/TP/players/1/2022/324x324/250106953.jpg,2021-22
Colin Dagba,France,UNKNOWN,UNKNOWN,27,1998-09-09,0,0,0,0,0,0,0,Paris Saint-Germain,PSG,https://img.uefa.com/imgml/TP/teams/logos/240x240/52747.png,250101476,https://img.uefa.com/imgml/TP/players/1/2022/324x324/250101476.jpg,2021-22
Andriy Lunin,Ukraine,GOALKEEPER,GOALKEEPER,27,1999-02-11,0,0,0,0,0,0,0,Real Madrid C.F.,RMA,https://img.uefa.com/imgml/TP/teams/logos/240x240/50051.png,250089824,https://img.uefa.com/imgml/TP/players/1/2022/324x324/250089824.jpg,2021-22
Isco,Spain,MIDFIELDER,ATTACKING_MIDFIELDER,34,1992-04-21,0,0,0,0,0,0,0,Real Madrid C.F.,RMA,https://img.uefa.com/imgml/TP/teams/logos/240x240/50051.png,250024454,https://img.uefa.com/imgml/TP/players/1/2022/324x324/250024454.jpg,2021-22
Isco,Spain,MIDFIELDER,ATTACKING_MIDFIELDER,34,1992-04-21,0,0,0,0,0,0,0,Real Madrid C.F.,RMA,https://img.uefa.com/imgml/TP/teams/logos/240x240/50051.png,150711837,https://img.uefa.com/imgml/TP/players/1/2022/324x324/150711837.jpg,2021-22
Georginio Wijnaldum,Netherlands,MIDFIELDER,UNKNOWN,35,1990-11-11,0,0,0,0,0,0,0,Paris Saint-Germain,PSG,https://img.uefa.com/imgml/TP/teams/logos/240x240/52747.png,103813,https://img.uefa.com/imgml/TP/players/1/2022/324x324/103813.jpg,2021-22
