name,nation,position,detailed_position,age,birth_date,matches_played,minutes_played,goals,assists,penalties_scored,yellow_cards,red_cards,team_name,team_code,team_logo_url,player_id,player_image_url,season
André Onana,Cameroon,GOALKEEPER,GOALKEEPER,30,1996-04-02,13,1170,0,0,0,2,0,FC Internazionale Milano,INT,https://img.uefa.com/imgml/TP/teams/logos/240x240/50138.png,250076171,https://img.uefa.com/imgml/TP/players/1/2023/324x324/250076171.jpg,2022-23
Sandro Tonali,Italy,MIDFIELDER,DEFENSIVE_MIDFIELDER,26,2000-05-08,12,1053,0,2,0,3,0,AC Milan,MIL,https://img.uefa.com/imgml/TP/teams/logos/240x240/50058.png,250117809,https://img.uefa.com/imgml/TP/players/1/2023/324x324/250117809.jpg,2022-23
Rúben Dias,Portugal,DEFENDER,CENTRE_BACK,29,1997-05-14,12,1048,1,1,0,2,0,Manchester City,MCI,https://img.uefa.com/imgml/TP/teams/logos/240x240/52919.png,250058220,https://img.uefa.com/imgml/TP/players/1/2023/324x324/250058220.jpg,2022-23
Lautaro Martínez,Argentina,FORWARD,STRIKER,28,1997-08-22,13,1002,3,3,0,3,0,FC Internazionale Milano,INT,https://img.uefa.com/imgml/TP/teams/logos/240x240/50138.png,250118281,https://img.uefa.com/imgml/TP/players/1/2023/324x324/250118281.jpg,2022-23
İlkay Gündoğan,Germany,MIDFIELDER,CENTRAL_MIDFIELDER,35,1990-10-24,13,997,1,2,0,4,0,Manchester City,MCI,https://img.uefa.com/imgml/TP/teams/logos/240x240/52919.png,250005335,https://img.uefa.com/imgml/TP/players/1/2023/324x324/250005335.jpg,2022-23
Nicolò Barella,Italy,MIDFIELDER,CENTRAL_MIDFIELDER,29,1997-02-07,12,997,3,0,0,3,0,FC Internazionale Milano,INT,https://img.uefa.com/imgml/TP/teams/logos/240x240/50138.png,250066739,https://img.uefa.com/imgml/TP/players/1/2023/324x324/250066739.jpg,2022-23
Rodri,Spain,MIDFIELDER,DEFENSIVE_MIDFIELDER,29,1996-06-22,12,996,2,0,0,1,0,Manchester City,MCI,https://img.uefa.com/imgml/TP/teams/logos/240x240/52919.png,250082664,https://img.uefa.com/imgml/TP/players/1/2023/324x324/250082664.jpg,2022-23
Ederson,Brazil,GOALKEEPER,UNKNOWN,32,1993-08-17,11,990,0,0,0,2,0,Manchester City,MCI,https://img.uefa.com/imgml/TP/teams/logos/240x240/52919.png,250073809,https://img.uefa.com/imgml/TP/players/1/2023/324x324/250073809.jpg,2022-23
Alessandro Bastoni,Italy,DEFENDER,CENTRE_BACK,27,1999-04-13,12,989,0,3,0,2,0,FC Internazionale Milano,INT,https://img.uefa.com/imgml/TP/teams/logos/240x240/50138.png,250091199,https://img.uefa.com/imgml/TP/players/1/2023/324x324/250091199.jpg,2022-23
Vinícius Júnior,Brazil,FORWARD,UNKNOWN,25,2000-07-12,12,975,7,6,0,1,0,Real Madrid C.F.,RMA,https://img.uefa.com/imgml/TP/teams/logos/240x240/50051.png,250121533,https://img.uefa.com/imgml/TP/players/1/2023/324x324/250121533.jpg,2022-23
Federico Valverde,Uruguay,MIDFIELDER,UNKNOWN,27,1998-07-22,11,968,2,3,0,0,0,Real Madrid C.F.,RMA,https://img.uefa.com/imgml/TP/teams/logos/240x240/50051.png,250101284,https://img.uefa.com/imgml/TP/players/1/2023/324x324/250101284.jpg,2022-23
Theo Hernández,France,DEFENDER,FULL_BACK,28,1997-10-06,11,948,0,1,0,2,0,AC Milan,MIL,https://img.uefa.com/imgml/TP/teams/logos/240x240/50058.png,250076126,https://img.uefa.com/imgml/TP/players/1/2023/324x324/250076126.jpg,2022-23
Manuel Akanji,Switzerland,DEFENDER,UNKNOWN,30,1995-07-19,11,945,1,2,0,2,0,Manchester City,MCI,https://img.uefa.com/imgml/TP/teams/logos/240x240/52919.png,250085369,https://img.uefa.com/imgml/TP/players/1/2023/324x324/250085369.jpg,2022-23
Olivier Giroud,France,FORWARD,STRIKER,39,1986-09-30,12,939,5,2,2,1,0,AC Milan,MIL,https://img.uefa.com/imgml/TP/teams/logos/240x240/50058.png,250020851,https://img.uefa.com/imgml/TP/players/1/2023/324x324/250020851.jpg,2022-23
Jack Grealish,England,MIDFIELDER,UNKNOWN,30,1995-09-10,13,936,0,1,0,1,0,Manchester City,MCI,https://img.uefa.com/imgml/TP/teams/logos/240x240/52919.png,250042329,https://img.uefa.com/imgml/TP/players/1/2023/324x324/250042329.jpg,2022-23
Francesco Acerbi,Italy,DEFENDER,CENTRE_BACK,38,1988-02-10,12,919,0,0,0,1,0,FC Internazionale Milano,INT,https://img.uefa.com/imgml/TP/teams/logos/240x240/50138.png,250052957,https://img.uefa.com/imgml/TP/players/1/2023/324x324/250052957.jpg,2022-23
Rafael Leão,Portugal,FORWARD,STRIKER,26,1999-06-10,11,913,1,4,0,0,0,AC Milan,MIL,https://img.uefa.com/imgml/TP/teams/logos/240x240/50058.png,250089228,https://img.uefa.com/imgml/TP/players/1/2023/324x324/250089228.jpg,2022-23
Bernardo Silva,Portugal,MIDFIELDER,ATTACKING_MIDFIELDER,31,1994-08-10,13,909,3,1,0,2,0,Manchester City,MCI,https://img.uefa.com/imgml/TP/teams/logos/240x240/52919.png,250059115,https://img.uefa.com/imgml/TP/players/1/2023/324x324/250059115.jpg,2022-23
Henrikh Mkhitaryan,Armenia,MIDFIELDER,ATTACKING_MIDFIELDER,37,1989-01-21,13,909,2,0,0,2,0,FC Internazionale Milano,INT,https://img.uefa.com/imgml/TP/teams/logos/240x240/50138.png,98023,https://img.uefa.com/imgml/TP/players/1/2023/324x324/98023.jpg,2022-23
Alejandro Grimaldo,Spain,DEFENDER,FULL_BACK,30,1995-09-20,10,900,2,4,0,0,0,SL Benfica,BEN,https://img.uefa.com/imgml/TP/teams/logos/240x240/50147.png,250042422,https://img.uefa.com/imgml/TP/players/1/2023/324x324/250042422.jpg,2022-23
Alex Meret,Italy,GOALKEEPER,GOALKEEPER,29,1997-03-22,10,900,0,0,0,0,0,SSC Napoli,NAP,https://img.uefa.com/imgml/TP/teams/logos/240x240/50136.png,250066753,https://img.uefa.com/imgml/TP/players/1/2023/324x324/250066753.jpg,2022-23
Odysseas Vlachodimos,Greece,GOALKEEPER,GOALKEEPER,32,1994-04-26,10,900,0,0,0,0,0,SL Benfica,BEN,https://img.uefa.com/imgml/TP/teams/logos/240x240/50147.png,250023938,https://img.uefa.com/imgml/TP/players/1/2023/324x324/250023938.jpg,2022-23
Thibaut Courtois,Belgium,GOALKEEPER,GOALKEEPER,34,1992-05-11,10,900,0,0,0,0,0,Real Madrid C.F.,RMA,https://img.uefa.com/imgml/TP/teams/logos/240x240/50051.png,250011668,https://img.uefa.com/imgml/TP/players/1/2023/324x324/250011668.jpg,2022-23
António Silva,Portugal,DEFENDER,UNKNOWN,22,2003-10-30,10,896,2,0,0,1,0,SL Benfica,BEN,https://img.uefa.com/imgml/TP/teams/logos/240x240/50147.png,250128468,https://img.uefa.com/imgml/TP/players/1/2023/324x324/250128468.jpg,2022-23
Giovanni Di Lorenzo,Italy,DEFENDER,FULL_BACK,32,1993-08-04,10,890,2,2,0,2,0,SSC Napoli,NAP,https://img.uefa.com/imgml/TP/teams/logos/240x240/50136.png,250064229,https://img.uefa.com/imgml/TP/players/1/2023/324x324/250064229.jpg,2022-23
Denzel Dumfries,Netherlands,DEFENDER,FULL_BACK,30,1996-04-18,12,886,1,0,0,0,0,FC Internazionale Milano,INT,https://img.uefa.com/imgml/TP/teams/logos/240x240/50138.png,250112690,https://img.uefa.com/imgml/TP/players/1/2023/324x324/250112690.jpg,2022-23
Stanislav Lobotka,Slovakia,MIDFIELDER,DEFENSIVE_MIDFIELDER,31,1994-11-25,10,876,0,0,0,0,0,SSC Napoli,NAP,https://img.uefa.com/imgml/TP/teams/logos/240x240/50136.png,250055982,https://img.uefa.com/imgml/TP/players/1/2023/324x324/250055982.jpg,2022-23
Dani Carvajal,Spain,DEFENDER,FULL_BACK,34,1992-01-11,11,871,0,2,0,3,0,Real Madrid C.F.,RMA,https://img.uefa.com/imgml/TP/teams/logos/240x240/50051.png,250024448,https://img.uefa.com/imgml/TP/players/1/2023/324x324/250024448.jpg,2022-23
João Mário,Portugal,FORWARD,UNKNOWN,33,1993-01-19,10,865,6,2,5,2,0,SL Benfica,BEN,https://img.uefa.com/imgml/TP/teams/logos/240x240/50147.png,250014109,https://img.uefa.com/imgml/TP/players/1/2023/324x324/250014109.jpg,2022-23
Florentino,Portugal,MIDFIELDER,DEFENSIVE_MIDFIELDER,26,1999-08-19,10,861,0,0,0,2,0,SL Benfica,BEN,https://img.uefa.com/imgml/TP/teams/logos/240x240/50147.png,250089225,https://img.uefa.com/imgml/TP/players/1/2023/324x324/250089225.jpg,2022-23
Toni Kroos,Germany,MIDFIELDER,CENTRAL_MIDFIELDER,36,1990-01-04,12,846,0,2,0,2,0,Real Madrid C.F.,RMA,https://img.uefa.com/imgml/TP/teams/logos/240x240/50051.png,103147,https://img.uefa.com/imgml/TP/players/1/2023/324x324/103147.jpg,2022-23
Erling Haaland,Norway,FORWARD,UNKNOWN,25,2000-07-21,11,845,12,1,1,1,0,Manchester City,MCI,https://img.uefa.com/imgml/TP/teams/logos/240x240/52919.png,250103758,https://img.uefa.com/imgml/TP/players/1/2023/324x324/250103758.jpg,2022-23
Edin Džeko,Bosnia and Herzegovina,FORWARD,STRIKER,40,1986-03-17,13,832,4,1,0,2,0,FC Internazionale Milano,INT,https://img.uefa.com/imgml/TP/teams/logos/240x240/50138.png,72048,https://img.uefa.com/imgml/TP/players/1/2023/324x324/72048.jpg,2022-23
Fikayo Tomori,England,DEFENDER,CENTRE_BACK,28,1997-12-19,10,828,0,0,0,4,1,AC Milan,MIL,https://img.uefa.com/imgml/TP/teams/logos/240x240/50058.png,250067630,https://img.uefa.com/imgml/TP/players/1/2023/324x324/250067630.jpg,2022-23
Rafa Silva,Portugal,MIDFIELDER,STRIKER,33,1993-05-17,10,826,5,2,0,1,0,SL Benfica,BEN,https://img.uefa.com/imgml/TP/teams/logos/240x240/50147.png,250063447,https://img.uefa.com/imgml/TP/players/1/2023/324x324/250063447.jpg,2022-23
Rodrygo,Brazil,FORWARD,WINGER,25,2001-01-09,12,824,5,2,2,0,0,Real Madrid C.F.,RMA,https://img.uefa.com/imgml/TP/teams/logos/240x240/50051.png,250132829,https://img.uefa.com/imgml/TP/players/1/2023/324x324/250132829.jpg,2022-23
Rade Krunić,Bosnia and Herzegovina,MIDFIELDER,CENTRAL_MIDFIELDER,32,1993-10-07,11,823,1,0,0,4,0,AC Milan,MIL,https://img.uefa.com/imgml/TP/teams/logos/240x240/50058.png,250064252,https://img.uefa.com/imgml/TP/players/1/2023/324x324/250064252.jpg,2022-23
Matteo Darmian,Italy,DEFENDER,FULL_BACK,36,1989-12-02,11,822,0,0,0,1,0,FC Internazionale Milano,INT,https://img.uefa.com/imgml/TP/teams/logos/240x240/50138.png,103806,https://img.uefa.com/imgml/TP/players/1/2023/324x324/103806.jpg,2022-23
Joshua Kimmich,Germany,MIDFIELDER,CENTRE_BACK,31,1995-02-08,9,810,1,3,1,3,0,FC Bayern München,BAY,https://img.uefa.com/imgml/TP/teams/logos/240x240/50037.png,250070417,https://img.uefa.com/imgml/TP/players/1/2023/324x324/250070417.jpg,2022-23
Kepa Arrizabalaga,Spain,GOALKEEPER,GOALKEEPER,31,1994-10-03,9,810,0,0,0,2,0,Chelsea FC,CHE,https://img.uefa.com/imgml/TP/teams/logos/240x240/52914.png,250039900,https://img.uefa.com/imgml/TP/players/1/2023/324x324/250039900.jpg,2022-23
Hakan Çalhanoğlu,Türkiye,MIDFIELDER,ATTACKING_MIDFIELDER,32,1994-02-08,12,807,1,2,0,1,0,FC Internazionale Milano,INT,https://img.uefa.com/imgml/TP/teams/logos/240x240/50138.png,250022829,https://img.uefa.com/imgml/TP/players/1/2023/324x324/250022829.jpg,2022-23
Nicolás Otamendi,Argentina,DEFENDER,UNKNOWN,38,1988-02-12,9,794,0,1,0,3,0,SL Benfica,BEN,https://img.uefa.com/imgml/TP/teams/logos/240x240/50147.png,250017040,https://img.uefa.com/imgml/TP/players/1/2023/324x324/250017040.jpg,2022-23
Minjae Kim,Korea Republic,DEFENDER,UNKNOWN,29,1996-11-15,9,786,0,0,0,3,0,SSC Napoli,NAP,https://img.uefa.com/imgml/TP/teams/logos/240x240/50136.png,250175065,https://img.uefa.com/imgml/TP/players/1/2023/324x324/250175065.jpg,2022-23
Enzo Fernández,Argentina,MIDFIELDER,UNKNOWN,25,2001-01-17,9,763,0,2,0,4,0,Chelsea FC,CHE,https://img.uefa.com/imgml/TP/teams/logos/240x240/52914.png,250174838,https://img.uefa.com/imgml/TP/players/1/2023/324x324/250174838.jpg,2022-23
Luka Modrić,Croatia,MIDFIELDER,CENTRAL_MIDFIELDER,40,1985-09-09,10,750,2,1,1,0,0,Real Madrid C.F.,RMA,https://img.uefa.com/imgml/TP/teams/logos/240x240/50051.png,74699,https://img.uefa.com/imgml/TP/players/1/2023/324x324/74699.jpg,2022-23
Pierre Kalulu,France,DEFENDER,FULL_BACK,25,2000-06-05,10,750,0,0,0,0,0,AC Milan,MIL,https://img.uefa.com/imgml/TP/teams/logos/240x240/50058.png,250122983,https://img.uefa.com/imgml/TP/players/1/2023/324x324/250122983.jpg,2022-23
Éder Militão,Brazil,DEFENDER,FULL_BACK,28,1998-01-18,9,748,1,0,0,2,0,Real Madrid C.F.,RMA,https://img.uefa.com/imgml/TP/teams/logos/240x240/50051.png,250121965,https://img.uefa.com/imgml/TP/players/1/2023/324x324/250121965.jpg,2022-23
Karim Benzema,France,FORWARD,STRIKER,38,1987-12-19,10,747,4,1,0,0,0,Real Madrid C.F.,RMA,https://img.uefa.com/imgml/TP/teams/logos/240x240/50051.png,93321,https://img.uefa.com/imgml/TP/players/1/2023/324x324/93321.jpg,2022-23
Federico Dimarco,Italy,DEFENDER,UNKNOWN,28,1997-11-10,11,736,0,5,0,2,0,FC Internazionale Milano,INT,https://img.uefa.com/imgml/TP/teams/logos/240x240/50138.png,250056189,https://img.uefa.com/imgml/TP/players/1/2023/324x324/250056189.jpg,2022-23
Eduardo Camavinga,France,MIDFIELDER,DEFENSIVE_MIDFIELDER,23,2002-11-10,11,721,0,1,0,3,0,Real Madrid C.F.,RMA,https://img.uefa.com/imgml/TP/teams/logos/240x240/50051.png,250128270,https://img.uefa.com/imgml/TP/players/1/2023/324x324/250128270.jpg,2022-23
Kevin De Bruyne,Belgium,MIDFIELDER,ATTACKING_MIDFIELDER,34,1991-06-28,10,721,2,7,0,1,0,Manchester City,MCI,https://img.uefa.com/imgml/TP/teams/logos/240x240/52919.png,250008901,https://img.uefa.com/imgml/TP/players/1/2023/324x324/250008901.jpg,2022-23
Harry Kane,England,FORWARD,STRIKER,32,1993-07-28,8,720,1,2,1,1,0,Tottenham Hotspur,TOT,https://img.uefa.com/imgml/TP/teams/logos/240x240/1652.png,250016833,https://img.uefa.com/imgml/TP/players/1/2023/324x324/250016833.jpg,2022-23
Evan N'Dicka,Ivory Coast,DEFENDER,CENTRE_BACK,26,1999-08-20,8,720,0,1,0,2,0,Eintracht Frankfurt,FRA,https://img.uefa.com/imgml/TP/teams/logos/240x240/50072.png,250122785,https://img.uefa.com/imgml/TP/players/1/2023/324x324/250122785.jpg,2022-23
Virgil van Dijk,Netherlands,DEFENDER,CENTRE_BACK,34,1991-07-08,8,720,0,1,0,1,0,Liverpool FC,LIV,https://img.uefa.com/imgml/TP/teams/logos/240x240/7889.png,50327420,https://img.uefa.com/imgml/TP/players/1/2023/324x324/50327420.jpg,2022-23
Diogo Costa,Portugal,GOALKEEPER,GOALKEEPER,26,1999-09-19,8,720,0,1,0,0,0,FC Porto,POR,https://img.uefa.com/imgml/TP/teams/logos/240x240/50064.png,250076675,https://img.uefa.com/imgml/TP/players/1/2023/324x324/250076675.jpg,2022-23
Simon Mignolet,Belgium,GOALKEEPER,GOALKEEPER,38,1988-03-06,8,720,0,0,0,2,0,Club Brugge KV,BRU,https://img.uefa.com/imgml/TP/teams/logos/240x240/50043.png,98078,https://img.uefa.com/imgml/TP/players/1/2023/324x324/98078.jpg,2022-23
Sergio Ramos,Spain,DEFENDER,CENTRE_BACK,40,1986-03-30,8,720,0,0,0,2,0,Paris Saint-Germain,PSG,https://img.uefa.com/imgml/TP/teams/logos/240x240/52747.png,93649,https://img.uefa.com/imgml/TP/players/1/2023/324x324/93649.jpg,2022-23
Djibril Sow,Switzerland,MIDFIELDER,CENTRAL_MIDFIELDER,29,1997-02-06,8,720,0,0,0,1,0,Eintracht Frankfurt,FRA,https://img.uefa.com/imgml/TP/teams/logos/240x240/50072.png,250065420,https://img.uefa.com/imgml/TP/players/1/2023/324x324/250065420.jpg,2022-23
Alisson Becker,Brazil,GOALKEEPER,GOALKEEPER,33,1992-10-02,8,720,0,0,0,0,0,Liverpool FC,LIV,https://img.uefa.com/imgml/TP/teams/logos/240x240/7889.png,250099867,https://img.uefa.com/imgml/TP/players/1/2023/324x324/250099867.jpg,2022-23
Gianluigi Donnarumma,Italy,GOALKEEPER,GOALKEEPER,27,1999-02-25,8,720,0,0,0,0,0,Paris Saint-Germain,PSG,https://img.uefa.com/imgml/TP/teams/logos/240x240/52747.png,250078922,https://img.uefa.com/imgml/TP/players/1/2023/324x324/250078922.jpg,2022-23
Brandon Mechele,Belgium,DEFENDER,CENTRE_BACK,33,1993-01-28,8,720,0,0,0,0,0,Club Brugge KV,BRU,https://img.uefa.com/imgml/TP/teams/logos/240x240/50043.png,250053044,https://img.uefa.com/imgml/TP/players/1/2023/324x324/250053044.jpg,2022-23
Willi Orbán,Hungary,DEFENDER,CENTRE_BACK,33,1992-11-03,8,720,0,0,0,0,0,RB Leipzig,RBL,https://img.uefa.com/imgml/TP/teams/logos/240x240/2603790.png,250051754,https://img.uefa.com/imgml/TP/players/1/2023/324x324/250051754.jpg,2022-23
Kevin Trapp,Germany,GOALKEEPER,GOALKEEPER,35,1990-07-08,8,720,0,0,0,0,0,Eintracht Frankfurt,FRA,https://img.uefa.com/imgml/TP/teams/logos/240x240/50072.png,1902188,https://img.uefa.com/imgml/TP/players/1/2023/324x324/1902188.jpg,2022-23
Gonçalo Ramos,Portugal,FORWARD,STRIKER,24,2001-06-20,10,719,3,1,0,2,0,SL Benfica,BEN,https://img.uefa.com/imgml/TP/teams/logos/240x240/50147.png,250116654,https://img.uefa.com/imgml/TP/players/1/2023/324x324/250116654.jpg,2022-23
Dayot Upamecano,France,DEFENDER,CENTRE_BACK,27,1998-10-27,10,715,0,0,0,2,0,FC Bayern München,BAY,https://img.uefa.com/imgml/TP/teams/logos/240x240/50037.png,250079545,https://img.uefa.com/imgml/TP/players/1/2023/324x324/250079545.jpg,2022-23
David Alaba,Austria,DEFENDER,FULL_BACK,33,1992-06-24,11,713,0,0,0,0,0,Real Madrid C.F.,RMA,https://img.uefa.com/imgml/TP/teams/logos/240x240/50051.png,1906540,https://img.uefa.com/imgml/TP/players/1/2023/324x324/1906540.jpg,2022-23
Hans Vanaken,Belgium,MIDFIELDER,ATTACKING_MIDFIELDER,33,1992-08-24,8,704,0,0,0,1,0,Club Brugge KV,BRU,https://img.uefa.com/imgml/TP/teams/logos/240x240/50043.png,250064188,https://img.uefa.com/imgml/TP/players/1/2023/324x324/250064188.jpg,2022-23
Daichi Kamada,Japan,MIDFIELDER,ATTACKING_MIDFIELDER,29,1996-08-05,8,700,3,0,1,1,0,Eintracht Frankfurt,FRA,https://img.uefa.com/imgml/TP/teams/logos/240x240/50072.png,250132313,https://img.uefa.com/imgml/TP/players/1/2023/324x324/250132313.jpg,2022-23
Khvicha Kvaratskhelia,Georgia,FORWARD,UNKNOWN,25,2001-02-12,9,699,2,4,1,0,0,SSC Napoli,NAP,https://img.uefa.com/imgml/TP/teams/logos/240x240/50136.png,250101808,https://img.uefa.com/imgml/TP/players/1/2023/324x324/250101808.jpg,2022-23
Reece James,England,DEFENDER,UNKNOWN,26,1999-12-08,8,692,1,1,0,3,0,Chelsea FC,CHE,https://img.uefa.com/imgml/TP/teams/logos/240x240/52914.png,250110362,https://img.uefa.com/imgml/TP/players/1/2023/324x324/250110362.jpg,2022-23
Pepê,Brazil,FORWARD,UNKNOWN,29,1997-02-24,8,689,0,0,0,4,1,FC Porto,POR,https://img.uefa.com/imgml/TP/teams/logos/240x240/50064.png,250159919,https://img.uefa.com/imgml/TP/players/1/2023/324x324/250159919.jpg,2022-23
John Stones,England,DEFENDER,CENTRE_BACK,32,1994-05-28,8,685,1,1,0,0,0,Manchester City,MCI,https://img.uefa.com/imgml/TP/teams/logos/240x240/52919.png,250064233,https://img.uefa.com/imgml/TP/players/1/2023/324x324/250064233.jpg,2022-23
Antonio Rüdiger,Germany,DEFENDER,CENTRE_BACK,33,1993-03-03,10,676,1,0,0,0,0,Real Madrid C.F.,RMA,https://img.uefa.com/imgml/TP/teams/logos/240x240/50051.png,250028211,https://img.uefa.com/imgml/TP/players/1/2023/324x324/250028211.jpg,2022-23
Niklas Süle,Germany,DEFENDER,UNKNOWN,30,1995-09-03,8,675,0,0,0,2,0,Borussia Dortmund,BVB,https://img.uefa.com/imgml/TP/teams/logos/240x240/52758.png,250041781,https://img.uefa.com/imgml/TP/players/1/2023/324x324/250041781.jpg,2022-23
Alexander Bah,Denmark,DEFENDER,FULL_BACK,28,1997-12-09,8,657,0,2,0,1,0,SL Benfica,BEN,https://img.uefa.com/imgml/TP/teams/logos/240x240/50147.png,250145629,https://img.uefa.com/imgml/TP/players/1/2023/324x324/250145629.jpg,2022-23
Dominik Szoboszlai,Hungary,MIDFIELDER,CENTRAL_MIDFIELDER,25,2000-10-25,8,656,1,2,0,0,0,RB Leipzig,RBL,https://img.uefa.com/imgml/TP/teams/logos/240x240/2603790.png,250104066,https://img.uefa.com/imgml/TP/players/1/2023/324x324/250104066.jpg,2022-23
Marquinhos,Brazil,DEFENDER,CENTRE_BACK,32,1994-05-14,8,655,0,0,0,0,0,Paris Saint-Germain,PSG,https://img.uefa.com/imgml/TP/teams/logos/240x240/52747.png,250064064,https://img.uefa.com/imgml/TP/players/1/2023/324x324/250064064.jpg,2022-23
Frank Anguissa,Cameroon,MIDFIELDER,CENTRAL_MIDFIELDER,30,1995-11-16,8,653,1,3,0,2,1,SSC Napoli,NAP,https://img.uefa.com/imgml/TP/teams/logos/240x240/50136.png,250086987,https://img.uefa.com/imgml/TP/players/1/2023/324x324/250086987.jpg,2022-23
Kylian Mbappé,France,FORWARD,STRIKER,27,1998-12-20,8,651,7,3,1,0,0,Paris Saint-Germain,PSG,https://img.uefa.com/imgml/TP/teams/logos/240x240/52747.png,250076574,https://img.uefa.com/imgml/TP/players/1/2023/324x324/250076574.jpg,2022-23
Casper Nielsen,Denmark,MIDFIELDER,UNKNOWN,32,1994-04-29,8,645,0,1,0,2,0,Club Brugge KV,BRU,https://img.uefa.com/imgml/TP/teams/logos/240x240/50043.png,250061589,https://img.uefa.com/imgml/TP/players/1/2023/324x324/250061589.jpg,2022-23
Thiago Silva,Brazil,DEFENDER,CENTRE_BACK,41,1984-09-22,8,641,0,0,0,2,0,Chelsea FC,CHE,https://img.uefa.com/imgml/TP/teams/logos/240x240/52914.png,250011954,https://img.uefa.com/imgml/TP/players/1/2023/324x324/250011954.jpg,2022-23
Raheem Sterling,England,MIDFIELDER,WINGER,31,1994-12-08,9,638,3,1,0,1,0,Chelsea FC,CHE,https://img.uefa.com/imgml/TP/teams/logos/240x240/52914.png,250024795,https://img.uefa.com/imgml/TP/players/1/2023/324x324/250024795.jpg,2022-23
Fabinho,Brazil,MIDFIELDER,UNKNOWN,32,1993-10-23,8,632,0,0,0,0,0,Liverpool FC,LIV,https://img.uefa.com/imgml/TP/teams/logos/240x240/7889.png,250053907,https://img.uefa.com/imgml/TP/players/1/2023/324x324/250053907.jpg,2022-23
Jude Bellingham,England,MIDFIELDER,UNKNOWN,22,2003-06-29,7,630,4,1,0,2,0,Borussia Dortmund,BVB,https://img.uefa.com/imgml/TP/teams/logos/240x240/52758.png,250128377,https://img.uefa.com/imgml/TP/players/1/2023/324x324/250128377.jpg,2022-23
Mike Maignan,France,GOALKEEPER,GOALKEEPER,30,1995-07-03,7,630,0,0,0,1,0,AC Milan,MIL,https://img.uefa.com/imgml/TP/teams/logos/240x240/50058.png,250042780,https://img.uefa.com/imgml/TP/players/1/2023/324x324/250042780.jpg,2022-23
Mateo Kovačić,Croatia,MIDFIELDER,ATTACKING_MIDFIELDER,32,1994-05-06,8,626,1,0,0,2,0,Chelsea FC,CHE,https://img.uefa.com/imgml/TP/teams/logos/240x240/52914.png,250023551,https://img.uefa.com/imgml/TP/players/1/2023/324x324/250023551.jpg,2022-23
Trent Alexander-Arnold,England,DEFENDER,UNKNOWN,27,1998-10-07,7,626,1,0,0,2,0,Liverpool FC,LIV,https://img.uefa.com/imgml/TP/teams/logos/240x240/7889.png,250076357,https://img.uefa.com/imgml/TP/players/1/2023/324x324/250076357.jpg,2022-23
Pierre-Emile Højbjerg,Denmark,MIDFIELDER,CENTRAL_MIDFIELDER,30,1995-08-05,7,625,1,2,0,3,0,Tottenham Hotspur,TOT,https://img.uefa.com/imgml/TP/teams/logos/240x240/1652.png,250026986,https://img.uefa.com/imgml/TP/players/1/2023/324x324/250026986.jpg,2022-23
Marco Verratti,Italy,MIDFIELDER,CENTRAL_MIDFIELDER,33,1992-11-05,7,625,0,1,0,4,0,Paris Saint-Germain,PSG,https://img.uefa.com/imgml/TP/teams/logos/240x240/52747.png,250006200,https://img.uefa.com/imgml/TP/players/1/2023/324x324/250006200.jpg,2022-23
Piotr Zieliński,Poland,MIDFIELDER,ATTACKING_MIDFIELDER,32,1994-05-20,10,624,4,2,2,1,0,SSC Napoli,NAP,https://img.uefa.com/imgml/TP/teams/logos/240x240/50136.png,250024370,https://img.uefa.com/imgml/TP/players/1/2023/324x324/250024370.jpg,2022-23
Mohamed Salah,Egypt,FORWARD,WINGER,33,1992-06-15,8,624,8,2,1,0,0,Liverpool FC,LIV,https://img.uefa.com/imgml/TP/teams/logos/240x240/7889.png,250052469,https://img.uefa.com/imgml/TP/players/1/2023/324x324/250052469.jpg,2022-23
Heung-Min Son,Korea Republic,MIDFIELDER,WINGER,33,1992-07-08,8,622,2,0,0,1,0,Tottenham Hotspur,TOT,https://img.uefa.com/imgml/TP/teams/logos/240x240/1652.png,250043463,https://img.uefa.com/imgml/TP/players/1/2023/324x324/250043463.jpg,2022-23
Kai Havertz,Germany,MIDFIELDER,STRIKER,26,1999-06-11,10,619,2,0,1,0,0,Chelsea FC,CHE,https://img.uefa.com/imgml/TP/teams/logos/240x240/52914.png,250087938,https://img.uefa.com/imgml/TP/players/1/2023/324x324/250087938.jpg,2022-23
Kristijan Jakić,Croatia,MIDFIELDER,DEFENSIVE_MIDFIELDER,29,1997-05-14,8,619,0,0,0,2,0,Eintracht Frankfurt,FRA,https://img.uefa.com/imgml/TP/teams/logos/240x240/50072.png,250099259,https://img.uefa.com/imgml/TP/players/1/2023/324x324/250099259.jpg,2022-23
Fredrik Aursnes,Norway,MIDFIELDER,DEFENSIVE_MIDFIELDER,30,1995-12-10,10,618,1,0,0,0,0,SL Benfica,BEN,https://img.uefa.com/imgml/TP/teams/logos/240x240/50147.png,250061027,https://img.uefa.com/imgml/TP/players/1/2023/324x324/250061027.jpg,2022-23
Eric Dier,England,DEFENDER,DEFENSIVE_MIDFIELDER,32,1994-01-15,7,618,0,0,0,3,0,Tottenham Hotspur,TOT,https://img.uefa.com/imgml/TP/teams/logos/240x240/1652.png,250050416,https://img.uefa.com/imgml/TP/players/1/2023/324x324/250050416.jpg,2022-23
Lionel Messi,Argentina,FORWARD,UNKNOWN,38,1987-06-24,7,615,4,4,0,0,0,Paris Saint-Germain,PSG,https://img.uefa.com/imgml/TP/teams/logos/240x240/52747.png,95803,https://img.uefa.com/imgml/TP/players/1/2023/324x324/95803.jpg,2022-23
Matthijs de Ligt,Netherlands,DEFENDER,CENTRE_BACK,26,1999-08-12,7,615,0,0,0,1,0,FC Bayern München,BAY,https://img.uefa.com/imgml/TP/teams/logos/240x240/50037.png,50327424,https://img.uefa.com/imgml/TP/players/1/2023/324x324/50327424.jpg,2022-23
Amir Rrahmani,Kosovo,DEFENDER,CENTRE_BACK,32,1994-02-24,7,614,0,0,0,2,0,SSC Napoli,NAP,https://img.uefa.com/imgml/TP/teams/logos/240x240/50136.png,250059233,https://img.uefa.com/imgml/TP/players/1/2023/324x324/250059233.jpg,2022-23
Mehdi Taremi,Iran,FORWARD,STRIKER,33,1992-07-18,7,613,5,2,2,2,1,FC Porto,POR,https://img.uefa.com/imgml/TP/teams/logos/240x240/50064.png,250097909,https://img.uefa.com/imgml/TP/players/1/2023/324x324/250097909.jpg,2022-23
Matheus Uribe,Colombia,MIDFIELDER,CENTRAL_MIDFIELDER,35,1991-03-21,7,613,1,0,1,3,0,FC Porto,POR,https://img.uefa.com/imgml/TP/teams/logos/240x240/50064.png,250118245,https://img.uefa.com/imgml/TP/players/1/2023/324x324/250118245.jpg,2022-23
Mykhailo Mudryk,Ukraine,FORWARD,WINGER,25,2001-01-05,8,612,3,2,0,3,0,Chelsea FC,CHE,https://img.uefa.com/imgml/TP/teams/logos/240x240/52914.png,250113435,https://img.uefa.com/imgml/TP/players/1/2023/324x324/250113435.jpg,2022-23
Brahim Díaz,Morocco,FORWARD,ATTACKING_MIDFIELDER,26,1999-08-03,10,608,1,0,0,1,0,AC Milan,MIL,https://img.uefa.com/imgml/TP/teams/logos/240x240/50058.png,250088039,https://img.uefa.com/imgml/TP/players/1/2023/324x324/250088039.jpg,2022-23
Nathan Aké,Netherlands,DEFENDER,UNKNOWN,31,1995-02-18,8,608,0,0,0,1,0,Manchester City,MCI,https://img.uefa.com/imgml/TP/teams/logos/240x240/52919.png,250027008,https://img.uefa.com/imgml/TP/players/1/2023/324x324/250027008.jpg,2022-23
Leon Goretzka,Germany,MIDFIELDER,CENTRAL_MIDFIELDER,31,1995-02-06,9,607,2,4,0,1,0,FC Bayern München,BAY,https://img.uefa.com/imgml/TP/teams/logos/240x240/50037.png,250041771,https://img.uefa.com/imgml/TP/players/1/2023/324x324/250041771.jpg,2022-23
Alphonso Davies,Canada,MIDFIELDER,FULL_BACK,25,2000-11-02,9,602,0,2,0,1,0,FC Bayern München,BAY,https://img.uefa.com/imgml/TP/teams/logos/240x240/50037.png,250128120,https://img.uefa.com/imgml/TP/players/1/2023/324x324/250128120.jpg,2022-23
Cristian Romero,Argentina,DEFENDER,UNKNOWN,28,1998-04-27,7,600,0,0,0,4,1,Tottenham Hotspur,TOT,https://img.uefa.com/imgml/TP/teams/logos/240x240/1652.png,250144325,https://img.uefa.com/imgml/TP/players/1/2023/324x324/250144325.jpg,2022-23
Tuta,Brazil,DEFENDER,UNKNOWN,26,1999-07-04,7,600,0,0,0,2,1,Eintracht Frankfurt,FRA,https://img.uefa.com/imgml/TP/teams/logos/240x240/50072.png,250132314,https://img.uefa.com/imgml/TP/players/1/2023/324x324/250132314.jpg,2022-23
Stephen Eustáquio,Canada,MIDFIELDER,UNKNOWN,29,1996-12-21,7,596,2,0,0,1,0,FC Porto,POR,https://img.uefa.com/imgml/TP/teams/logos/240x240/50064.png,250116817,https://img.uefa.com/imgml/TP/players/1/2023/324x324/250116817.jpg,2022-23
Kamal Sowah,Ghana,MIDFIELDER,UNKNOWN,26,2000-01-09,7,594,2,0,0,4,1,Club Brugge KV,BRU,https://img.uefa.com/imgml/TP/teams/logos/240x240/50043.png,250163383,https://img.uefa.com/imgml/TP/players/1/2023/324x324/250163383.jpg,2022-23
Benjamin Pavard,France,DEFENDER,UNKNOWN,30,1996-03-28,9,593,2,0,0,4,1,FC Bayern München,BAY,https://img.uefa.com/imgml/TP/teams/logos/240x240/50037.png,250081921,https://img.uefa.com/imgml/TP/players/1/2023/324x324/250081921.jpg,2022-23
Ismaël Bennacer,Algeria,MIDFIELDER,DEFENSIVE_MIDFIELDER,28,1997-12-01,10,592,1,0,0,1,0,AC Milan,MIL,https://img.uefa.com/imgml/TP/teams/logos/240x240/50058.png,250087665,https://img.uefa.com/imgml/TP/players/1/2023/324x324/250087665.jpg,2022-23
Vitinha,Portugal,MIDFIELDER,UNKNOWN,26,2000-02-13,8,589,0,0,0,0,0,Paris Saint-Germain,PSG,https://img.uefa.com/imgml/TP/teams/logos/240x240/52747.png,250101444,https://img.uefa.com/imgml/TP/players/1/2023/324x324/250101444.jpg,2022-23
Zaidu Sanusi,Nigeria,DEFENDER,UNKNOWN,28,1997-06-13,8,588,1,0,0,0,0,FC Porto,POR,https://img.uefa.com/imgml/TP/teams/logos/240x240/50064.png,250144327,https://img.uefa.com/imgml/TP/players/1/2023/324x324/250144327.jpg,2022-23
Xaver Schlager,Austria,MIDFIELDER,CENTRAL_MIDFIELDER,28,1997-09-28,7,586,0,0,0,1,0,RB Leipzig,RBL,https://img.uefa.com/imgml/TP/teams/logos/240x240/2603790.png,250065408,https://img.uefa.com/imgml/TP/players/1/2023/324x324/250065408.jpg,2022-23
Achraf Hakimi,Morocco,DEFENDER,WINGER,27,1998-11-04,8,580,0,2,0,1,0,Paris Saint-Germain,PSG,https://img.uefa.com/imgml/TP/teams/logos/240x240/52747.png,250088061,https://img.uefa.com/imgml/TP/players/1/2023/324x324/250088061.jpg,2022-23
Ivan Perišić,Croatia,FORWARD,WINGER,37,1989-02-02,7,574,0,3,0,0,0,Tottenham Hotspur,TOT,https://img.uefa.com/imgml/TP/teams/logos/240x240/1652.png,103310,https://img.uefa.com/imgml/TP/players/1/2023/324x324/103310.jpg,2022-23
Bjorn  Meijer,Netherlands,DEFENDER,UNKNOWN,24,2002-03-18,8,572,1,1,0,1,0,Club Brugge KV,BRU,https://img.uefa.com/imgml/TP/teams/logos/240x240/50043.png,250169303,https://img.uefa.com/imgml/TP/players/1/2023/324x324/250169303.jpg,2022-23
Kalidou Koulibaly,Senegal,DEFENDER,CENTRE_BACK,34,1991-06-20,7,569,0,0,0,2,0,Chelsea FC,CHE,https://img.uefa.com/imgml/TP/teams/logos/240x240/52914.png,250025886,https://img.uefa.com/imgml/TP/players/1/2023/324x324/250025886.jpg,2022-23
Galeno,Brazil,FORWARD,STRIKER,28,1997-10-22,8,568,2,1,0,0,0,FC Porto,POR,https://img.uefa.com/imgml/TP/teams/logos/240x240/50064.png,250121327,https://img.uefa.com/imgml/TP/players/1/2023/324x324/250121327.jpg,2022-23
Raphael Onyedika,Nigeria,MIDFIELDER,UNKNOWN,25,2001-04-19,7,568,0,0,0,3,0,Club Brugge KV,BRU,https://img.uefa.com/imgml/TP/teams/logos/240x240/50043.png,250135101,https://img.uefa.com/imgml/TP/players/1/2023/324x324/250135101.jpg,2022-23
Emre Can,Germany,DEFENDER,DEFENSIVE_MIDFIELDER,32,1994-01-12,7,564,0,0,0,2,0,Borussia Dortmund,BVB,https://img.uefa.com/imgml/TP/teams/logos/240x240/52758.png,250017824,https://img.uefa.com/imgml/TP/players/1/2023/324x324/250017824.jpg,2022-23
Christopher Nkunku,France,MIDFIELDER,UNKNOWN,28,1997-11-14,7,562,3,1,0,1,0,RB Leipzig,RBL,https://img.uefa.com/imgml/TP/teams/logos/240x240/2603790.png,250076654,https://img.uefa.com/imgml/TP/players/1/2023/324x324/250076654.jpg,2022-23
Ben Chilwell,England,DEFENDER,UNKNOWN,29,1996-12-21,7,560,0,0,0,1,1,Chelsea FC,CHE,https://img.uefa.com/imgml/TP/teams/logos/240x240/52914.png,250078763,https://img.uefa.com/imgml/TP/players/1/2023/324x324/250078763.jpg,2022-23
Nico Schlotterbeck,Germany,DEFENDER,UNKNOWN,26,1999-12-01,8,559,0,0,0,0,0,Borussia Dortmund,BVB,https://img.uefa.com/imgml/TP/teams/logos/240x240/52758.png,250134856,https://img.uefa.com/imgml/TP/players/1/2023/324x324/250134856.jpg,2022-23
Leroy Sané,Germany,MIDFIELDER,WINGER,30,1996-01-11,8,556,4,2,0,0,0,FC Bayern München,BAY,https://img.uefa.com/imgml/TP/teams/logos/240x240/50037.png,250063984,https://img.uefa.com/imgml/TP/players/1/2023/324x324/250063984.jpg,2022-23
Sadio Mané,Senegal,FORWARD,STRIKER,34,1992-04-10,9,551,3,1,0,0,0,FC Bayern München,BAY,https://img.uefa.com/imgml/TP/teams/logos/240x240/50037.png,250061119,https://img.uefa.com/imgml/TP/players/1/2023/324x324/250061119.jpg,2022-23
Marcelo Brozović,Croatia,MIDFIELDER,DEFENSIVE_MIDFIELDER,33,1992-11-16,9,546,0,0,0,1,0,FC Internazionale Milano,INT,https://img.uefa.com/imgml/TP/teams/logos/240x240/50138.png,250040564,https://img.uefa.com/imgml/TP/players/1/2023/324x324/250040564.jpg,2022-23
Salih Özcan,Türkiye,MIDFIELDER,ATTACKING_MIDFIELDER,28,1998-01-11,7,546,0,1,0,4,0,Borussia Dortmund,BVB,https://img.uefa.com/imgml/TP/teams/logos/240x240/52758.png,250081693,https://img.uefa.com/imgml/TP/players/1/2023/324x324/250081693.jpg,2022-23
Emerson,Brazil,DEFENDER,UNKNOWN,27,1999-01-14,8,545,0,0,0,1,0,Tottenham Hotspur,TOT,https://img.uefa.com/imgml/TP/teams/logos/240x240/1652.png,250128255,https://img.uefa.com/imgml/TP/players/1/2023/324x324/250128255.jpg,2022-23
Tjaronn Chery,Surinam,FORWARD,UNKNOWN,38,1988-06-04,6,540,2,1,1,1,0,Maccabi Haifa FC,MHA,https://img.uefa.com/imgml/TP/teams/logos/240x240/59045.png,250002613,https://img.uefa.com/imgml/TP/players/1/2023/324x324/250002613.jpg,2022-23
Joško Gvardiol,Croatia,DEFENDER,CENTRE_BACK,24,2002-01-23,6,540,2,0,0,0,0,RB Leipzig,RBL,https://img.uefa.com/imgml/TP/teams/logos/240x240/2603790.png,250127284,https://img.uefa.com/imgml/TP/players/1/2023/324x324/250127284.jpg,2022-23
Robert Ljubičić,Croatia,MIDFIELDER,UNKNOWN,26,1999-07-14,6,540,1,0,0,1,0,GNK Dinamo,DIN,https://img.uefa.com/imgml/TP/teams/logos/240x240/50164.png,250143322,https://img.uefa.com/imgml/TP/players/1/2023/324x324/250143322.jpg,2022-23
Nicolas Seiwald,Austria,MIDFIELDER,UNKNOWN,25,2001-05-04,6,540,1,0,0,0,0,FC Salzburg,SAL,https://img.uefa.com/imgml/TP/teams/logos/240x240/50030.png,250114167,https://img.uefa.com/imgml/TP/players/1/2023/324x324/250114167.jpg,2022-23
Calvin Bassey,Nigeria,DEFENDER,FULL_BACK,26,1999-12-31,6,540,0,1,0,1,0,AFC Ajax,AJX,https://img.uefa.com/imgml/TP/teams/logos/240x240/50143.png,250102516,https://img.uefa.com/imgml/TP/players/1/2023/324x324/250102516.jpg,2022-23
Strahinja Pavlović,Serbia,DEFENDER,CENTRE_BACK,25,2001-05-24,6,540,0,0,0,2,0,FC Salzburg,SAL,https://img.uefa.com/imgml/TP/teams/logos/240x240/50030.png,250115948,https://img.uefa.com/imgml/TP/players/1/2023/324x324/250115948.jpg,2022-23
Valeriy Bondar,Ukraine,DEFENDER,CENTRE_BACK,27,1999-02-27,6,540,0,0,0,2,0,FC Shakhtar Donetsk,SHK,https://img.uefa.com/imgml/TP/teams/logos/240x240/52707.png,250087118,https://img.uefa.com/imgml/TP/players/1/2023/324x324/250087118.jpg,2022-23
Moritz Jenz,Germany,DEFENDER,UNKNOWN,27,1999-04-30,6,540,0,0,0,1,0,Celtic FC,CEL,https://img.uefa.com/imgml/TP/teams/logos/240x240/50050.png,250174702,https://img.uefa.com/imgml/TP/players/1/2023/324x324/250174702.jpg,2022-23
Gonçalo Inácio,Portugal,DEFENDER,CENTRE_BACK,24,2001-08-25,6,540,0,0,0,1,0,Sporting Clube de Portugal,SPO,https://img.uefa.com/imgml/TP/teams/logos/240x240/50149.png,250136464,https://img.uefa.com/imgml/TP/players/1/2023/324x324/250136464.jpg,2022-23
Anatoliy Trubin,Ukraine,GOALKEEPER,GOALKEEPER,24,2001-08-01,6,540,0,0,0,1,0,FC Shakhtar Donetsk,SHK,https://img.uefa.com/imgml/TP/teams/logos/240x240/52707.png,250113444,https://img.uefa.com/imgml/TP/players/1/2023/324x324/250113444.jpg,2022-23
Nuno Tavares,Portugal,DEFENDER,FULL_BACK,26,2000-01-26,6,540,0,0,0,1,0,Olympique de Marseille,MAR,https://img.uefa.com/imgml/TP/teams/logos/240x240/52748.png,250113188,https://img.uefa.com/imgml/TP/players/1/2023/324x324/250113188.jpg,2022-23
Josip Juranović,Croatia,DEFENDER,UNKNOWN,30,1995-08-16,6,540,0,0,0,1,0,Celtic FC,CEL,https://img.uefa.com/imgml/TP/teams/logos/240x240/50050.png,250078379,https://img.uefa.com/imgml/TP/players/1/2023/324x324/250078379.jpg,2022-23
Mykola Matviyenko,Ukraine,DEFENDER,CENTRE_BACK,30,1996-05-02,6,540,0,0,0,1,0,FC Shakhtar Donetsk,SHK,https://img.uefa.com/imgml/TP/teams/logos/240x240/52707.png,250064444,https://img.uefa.com/imgml/TP/players/1/2023/324x324/250064444.jpg,2022-23
Lukas Hrádecký,Finland,GOALKEEPER,GOALKEEPER,36,1989-11-24,6,540,0,0,0,1,0,Bayer 04 Leverkusen,LEV,https://img.uefa.com/imgml/TP/teams/logos/240x240/50109.png,1907188,https://img.uefa.com/imgml/TP/players/1/2023/324x324/1907188.jpg,2022-23
Remko Pasveer,Netherlands,GOALKEEPER,GOALKEEPER,42,1983-11-08,6,540,0,0,0,0,0,AFC Ajax,AJX,https://img.uefa.com/imgml/TP/teams/logos/240x240/50143.png,98834,https://img.uefa.com/imgml/TP/players/1/2023/324x324/98834.jpg,2022-23
Hugo Lloris,France,GOALKEEPER,GOALKEEPER,39,1986-12-26,6,540,0,0,0,0,0,Tottenham Hotspur,TOT,https://img.uefa.com/imgml/TP/teams/logos/240x240/1652.png,93846,https://img.uefa.com/imgml/TP/players/1/2023/324x324/93846.jpg,2022-23
Joshua Cohen,USA,GOALKEEPER,UNKNOWN,33,1992-08-18,6,540,0,0,0,0,0,Maccabi Haifa FC,MHA,https://img.uefa.com/imgml/TP/teams/logos/240x240/59045.png,250132486,https://img.uefa.com/imgml/TP/players/1/2023/324x324/250132486.jpg,2022-23
Amar Dedić,Bosnia and Herzegovina,DEFENDER,UNKNOWN,23,2002-08-18,6,540,0,0,0,0,0,FC Salzburg,SAL,https://img.uefa.com/imgml/TP/teams/logos/240x240/50030.png,250126449,https://img.uefa.com/imgml/TP/players/1/2023/324x324/250126449.jpg,2022-23
Greg Taylor,Scotland,DEFENDER,FULL_BACK,28,1997-11-05,6,540,0,0,0,0,0,Celtic FC,CEL,https://img.uefa.com/imgml/TP/teams/logos/240x240/50050.png,250112842,https://img.uefa.com/imgml/TP/players/1/2023/324x324/250112842.jpg,2022-23
Josip Šutalo,Croatia,DEFENDER,CENTRE_BACK,26,2000-02-28,6,540,0,0,0,0,0,GNK Dinamo,DIN,https://img.uefa.com/imgml/TP/teams/logos/240x240/50164.png,250100914,https://img.uefa.com/imgml/TP/players/1/2023/324x324/250100914.jpg,2022-23
Philipp Köhn,Switzerland,GOALKEEPER,GOALKEEPER,28,1998-04-02,6,540,0,0,0,0,0,FC Salzburg,SAL,https://img.uefa.com/imgml/TP/teams/logos/240x240/50030.png,250090955,https://img.uefa.com/imgml/TP/players/1/2023/324x324/250090955.jpg,2022-23
Pau López,Spain,GOALKEEPER,GOALKEEPER,31,1994-12-13,6,540,0,0,0,0,0,Olympique de Marseille,MAR,https://img.uefa.com/imgml/TP/teams/logos/240x240/52748.png,250086637,https://img.uefa.com/imgml/TP/players/1/2023/324x324/250086637.jpg,2022-23
Dino Perić,Croatia,DEFENDER,CENTRE_BACK,31,1994-07-12,6,540,0,0,0,0,0,GNK Dinamo,DIN,https://img.uefa.com/imgml/TP/teams/logos/240x240/50164.png,250056738,https://img.uefa.com/imgml/TP/players/1/2023/324x324/250056738.jpg,2022-23
Dominik Livaković,Croatia,GOALKEEPER,GOALKEEPER,31,1995-01-09,6,540,0,0,0,0,0,GNK Dinamo,DIN,https://img.uefa.com/imgml/TP/teams/logos/240x240/50164.png,250042625,https://img.uefa.com/imgml/TP/players/1/2023/324x324/250042625.jpg,2022-23
Sean Goldberg,Israel,DEFENDER,FULL_BACK,30,1995-06-13,6,540,0,0,0,0,0,Maccabi Haifa FC,MHA,https://img.uefa.com/imgml/TP/teams/logos/240x240/59045.png,250042078,https://img.uefa.com/imgml/TP/players/1/2023/324x324/250042078.jpg,2022-23
Joe Hart,Unknown,GOALKEEPER,GOALKEEPER,39,1987-04-19,6,540,0,0,0,0,0,Celtic FC,CEL,https://img.uefa.com/imgml/TP/teams/logos/240x240/50050.png,104231,https://img.uefa.com/imgml/TP/players/1/2023/324x324/104231.jpg,2022-23
Neymar,Brazil,FORWARD,UNKNOWN,34,1992-02-05,6,539,2,3,0,4,0,Paris Saint-Germain,PSG,https://img.uefa.com/imgml/TP/teams/logos/240x240/52747.png,250039508,https://img.uefa.com/imgml/TP/players/1/2023/324x324/250039508.jpg,2022-23
Kingsley Coman,France,FORWARD,WINGER,29,1996-06-13,7,538,1,1,0,0,0,FC Bayern München,BAY,https://img.uefa.com/imgml/TP/teams/logos/240x240/50037.png,250054949,https://img.uefa.com/imgml/TP/players/1/2023/324x324/250054949.jpg,2022-23
Milan Škriniar,Slovakia,DEFENDER,CENTRE_BACK,31,1995-02-11,8,536,0,0,0,0,0,FC Internazionale Milano,INT,https://img.uefa.com/imgml/TP/teams/logos/240x240/50138.png,250041563,https://img.uefa.com/imgml/TP/players/1/2023/324x324/250041563.jpg,2022-23
André Silva,Portugal,FORWARD,STRIKER,30,1995-11-06,8,534,3,3,0,0,0,RB Leipzig,RBL,https://img.uefa.com/imgml/TP/teams/logos/240x240/2603790.png,250042521,https://img.uefa.com/imgml/TP/players/1/2023/324x324/250042521.jpg,2022-23
Taras Stepanenko,Ukraine,MIDFIELDER,DEFENSIVE_MIDFIELDER,36,1989-08-08,6,534,0,0,0,1,0,FC Shakhtar Donetsk,SHK,https://img.uefa.com/imgml/TP/teams/logos/240x240/52707.png,1902685,https://img.uefa.com/imgml/TP/players/1/2023/324x324/1902685.jpg,2022-23
David Raum,Germany,DEFENDER,UNKNOWN,28,1998-04-22,8,533,0,0,0,0,0,RB Leipzig,RBL,https://img.uefa.com/imgml/TP/teams/logos/240x240/2603790.png,250110361,https://img.uefa.com/imgml/TP/players/1/2023/324x324/250110361.jpg,2022-23
Edson Álvarez,Mexico,MIDFIELDER,CENTRE_BACK,28,1997-10-24,6,533,1,0,0,2,0,AFC Ajax,AJX,https://img.uefa.com/imgml/TP/teams/logos/240x240/50143.png,250090656,https://img.uefa.com/imgml/TP/players/1/2023/324x324/250090656.jpg,2022-23
Jamal Musiala,Germany,MIDFIELDER,UNKNOWN,23,2003-02-26,9,532,0,2,0,0,0,FC Bayern München,BAY,https://img.uefa.com/imgml/TP/teams/logos/240x240/50037.png,250124430,https://img.uefa.com/imgml/TP/players/1/2023/324x324/250124430.jpg,2022-23
Otávio,Portugal,MIDFIELDER,CENTRAL_MIDFIELDER,31,1995-02-09,7,530,0,2,0,3,1,FC Porto,POR,https://img.uefa.com/imgml/TP/teams/logos/240x240/50064.png,250085693,https://img.uefa.com/imgml/TP/players/1/2023/324x324/250085693.jpg,2022-23
Jurriën Timber,Netherlands,DEFENDER,FULL_BACK,24,2001-06-17,6,530,0,0,0,2,0,AFC Ajax,AJX,https://img.uefa.com/imgml/TP/teams/logos/240x240/50143.png,250101728,https://img.uefa.com/imgml/TP/players/1/2023/324x324/250101728.jpg,2022-23
Janis Blaswich,Germany,GOALKEEPER,UNKNOWN,35,1991-05-02,6,527,0,0,0,0,0,RB Leipzig,RBL,https://img.uefa.com/imgml/TP/teams/logos/240x240/2603790.png,250051291,https://img.uefa.com/imgml/TP/players/1/2023/324x324/250051291.jpg,2022-23
Luka Ivanušec,Croatia,FORWARD,ATTACKING_MIDFIELDER,27,1998-11-26,6,526,0,0,0,2,0,GNK Dinamo,DIN,https://img.uefa.com/imgml/TP/teams/logos/240x240/50164.png,250098468,https://img.uefa.com/imgml/TP/players/1/2023/324x324/250098468.jpg,2022-23
Mario Götze,Germany,MIDFIELDER,STRIKER,34,1992-06-03,7,524,0,2,0,2,0,Eintracht Frankfurt,FRA,https://img.uefa.com/imgml/TP/teams/logos/240x240/50072.png,250007605,https://img.uefa.com/imgml/TP/players/1/2023/324x324/250007605.jpg,2022-23
Denis Odoi,Ghana,DEFENDER,UNKNOWN,38,1988-05-27,7,524,0,0,0,4,0,Club Brugge KV,BRU,https://img.uefa.com/imgml/TP/teams/logos/240x240/50043.png,250012039,https://img.uefa.com/imgml/TP/players/1/2023/324x324/250012039.jpg,2022-23
Steven Bergwijn,Netherlands,FORWARD,UNKNOWN,28,1997-10-08,6,522,2,0,1,1,0,AFC Ajax,AJX,https://img.uefa.com/imgml/TP/teams/logos/240x240/50143.png,250066551,https://img.uefa.com/imgml/TP/players/1/2023/324x324/250066551.jpg,2022-23
Randal Kolo Muani,France,FORWARD,UNKNOWN,27,1998-12-05,7,521,2,0,0,1,1,Eintracht Frankfurt,FRA,https://img.uefa.com/imgml/TP/teams/logos/240x240/50072.png,250146926,https://img.uefa.com/imgml/TP/players/1/2023/324x324/250146926.jpg,2022-23
Tajon Buchanan,Canada,FORWARD,WINGER,27,1999-02-08,6,521,0,2,0,2,0,Club Brugge KV,BRU,https://img.uefa.com/imgml/TP/teams/logos/240x240/50043.png,250173127,https://img.uefa.com/imgml/TP/players/1/2023/324x324/250173127.jpg,2022-23
Josip Mišić,Croatia,MIDFIELDER,CENTRAL_MIDFIELDER,31,1994-06-28,6,521,0,0,0,1,0,GNK Dinamo,DIN,https://img.uefa.com/imgml/TP/teams/logos/240x240/50164.png,250052554,https://img.uefa.com/imgml/TP/players/1/2023/324x324/250052554.jpg,2022-23
Evanilson,Brazil,FORWARD,UNKNOWN,26,1999-10-06,8,516,1,1,0,0,0,FC Porto,POR,https://img.uefa.com/imgml/TP/teams/logos/240x240/50064.png,250145251,https://img.uefa.com/imgml/TP/players/1/2023/324x324/250145251.jpg,2022-23
Mohamed Simakan,France,DEFENDER,UNKNOWN,26,2000-05-03,7,515,1,3,0,1,0,RB Leipzig,RBL,https://img.uefa.com/imgml/TP/teams/logos/240x240/2603790.png,250132434,https://img.uefa.com/imgml/TP/players/1/2023/324x324/250132434.jpg,2022-23
Ferran Jutglà,Spain,FORWARD,STRIKER,27,1999-02-01,8,514,2,2,1,0,0,Club Brugge KV,BRU,https://img.uefa.com/imgml/TP/teams/logos/240x240/50043.png,250173126,https://img.uefa.com/imgml/TP/players/1/2023/324x324/250173126.jpg,2022-23
Jesper Lindstrøm,Denmark,MIDFIELDER,UNKNOWN,26,2000-02-29,7,513,1,0,0,0,0,Eintracht Frankfurt,FRA,https://img.uefa.com/imgml/TP/teams/logos/240x240/50072.png,250110724,https://img.uefa.com/imgml/TP/players/1/2023/324x324/250110724.jpg,2022-23
Lukáš Hejda,Czechia,DEFENDER,CENTRE_BACK,36,1990-03-09,6,513,0,0,0,0,0,FC Viktoria Plzeň,PLZ,https://img.uefa.com/imgml/TP/teams/logos/240x240/64388.png,107306,https://img.uefa.com/imgml/TP/players/1/2023/324x324/107306.jpg,2022-23
Mathías Olivera,Uruguay,DEFENDER,FULL_BACK,28,1997-10-31,8,512,0,2,0,1,0,SSC Napoli,NAP,https://img.uefa.com/imgml/TP/teams/logos/240x240/50136.png,250134196,https://img.uefa.com/imgml/TP/players/1/2023/324x324/250134196.jpg,2022-23
Clément Lenglet,France,DEFENDER,UNKNOWN,30,1995-06-17,7,512,1,0,0,3,0,Tottenham Hotspur,TOT,https://img.uefa.com/imgml/TP/teams/logos/240x240/1652.png,250042779,https://img.uefa.com/imgml/TP/players/1/2023/324x324/250042779.jpg,2022-23
Reinildo,Mozambique,DEFENDER,FULL_BACK,32,1994-01-21,6,512,0,0,0,2,0,Atlético de Madrid,ATM,https://img.uefa.com/imgml/TP/teams/logos/240x240/50124.png,250132831,https://img.uefa.com/imgml/TP/players/1/2023/324x324/250132831.jpg,2022-23
Ryan Kent,England,MIDFIELDER,WINGER,29,1996-11-11,6,510,0,0,0,0,0,Rangers FC,RAN,https://img.uefa.com/imgml/TP/teams/logos/240x240/50121.png,250076367,https://img.uefa.com/imgml/TP/players/1/2023/324x324/250076367.jpg,2022-23
Moussa Diaby,France,FORWARD,STRIKER,26,1999-07-07,6,509,2,0,0,0,0,Bayer 04 Leverkusen,LEV,https://img.uefa.com/imgml/TP/teams/logos/240x240/50109.png,250087432,https://img.uefa.com/imgml/TP/players/1/2023/324x324/250087432.jpg,2022-23
Simon Kjær,Denmark,DEFENDER,CENTRE_BACK,37,1989-03-26,6,509,0,0,0,0,0,AC Milan,MIL,https://img.uefa.com/imgml/TP/teams/logos/240x240/50058.png,108509,https://img.uefa.com/imgml/TP/players/1/2023/324x324/108509.jpg,2022-23
Matheus Reis,Brazil,DEFENDER,UNKNOWN,31,1995-02-18,6,508,0,0,0,2,0,Sporting Clube de Portugal,SPO,https://img.uefa.com/imgml/TP/teams/logos/240x240/50149.png,250121330,https://img.uefa.com/imgml/TP/players/1/2023/324x324/250121330.jpg,2022-23
Riyad Mahrez,Algeria,MIDFIELDER,WINGER,35,1991-02-21,9,506,3,2,1,0,0,Manchester City,MCI,https://img.uefa.com/imgml/TP/teams/logos/240x240/52919.png,250070687,https://img.uefa.com/imgml/TP/players/1/2023/324x324/250070687.jpg,2022-23
Rodrigo Bentancur,Uruguay,MIDFIELDER,UNKNOWN,28,1997-06-25,6,506,1,0,0,2,0,Tottenham Hotspur,TOT,https://img.uefa.com/imgml/TP/teams/logos/240x240/1652.png,250112826,https://img.uefa.com/imgml/TP/players/1/2023/324x324/250112826.jpg,2022-23
Timo Werner,Germany,FORWARD,STRIKER,30,1996-03-06,8,505,2,2,0,1,0,RB Leipzig,RBL,https://img.uefa.com/imgml/TP/teams/logos/240x240/2603790.png,250049183,https://img.uefa.com/imgml/TP/players/1/2023/324x324/250049183.jpg,2022-23
João Cancelo,Portugal,DEFENDER,FULL_BACK,32,1994-05-27,10,499,0,5,0,2,0,FC Bayern München,BAY,https://img.uefa.com/imgml/TP/teams/logos/240x240/50037.png,250024746,https://img.uefa.com/imgml/TP/players/1/2023/324x324/250024746.jpg,2022-23
Davide Calabria,Italy,DEFENDER,FULL_BACK,29,1996-12-06,6,499,0,0,0,2,0,AC Milan,MIL,https://img.uefa.com/imgml/TP/teams/logos/240x240/50058.png,250058044,https://img.uefa.com/imgml/TP/players/1/2023/324x324/250058044.jpg,2022-23
Nemanja Gudelj,Serbia,MIDFIELDER,CENTRAL_MIDFIELDER,34,1991-11-16,6,496,0,0,0,2,0,Sevilla FC,SEV,https://img.uefa.com/imgml/TP/teams/logos/240x240/52714.png,1909874,https://img.uefa.com/imgml/TP/players/1/2023/324x324/1909874.jpg,2022-23
Abakar Sylla,Ivory Coast,DEFENDER,UNKNOWN,23,2002-12-25,6,495,1,0,0,4,0,Club Brugge KV,BRU,https://img.uefa.com/imgml/TP/teams/logos/240x240/50043.png,250174945,https://img.uefa.com/imgml/TP/players/1/2023/324x324/250174945.jpg,2022-23
Luděk Pernica,Czechia,DEFENDER,CENTRE_BACK,35,1990-06-16,6,495,0,0,0,2,0,FC Viktoria Plzeň,PLZ,https://img.uefa.com/imgml/TP/teams/logos/240x240/64388.png,250026228,https://img.uefa.com/imgml/TP/players/1/2023/324x324/250026228.jpg,2022-23
Lukáš Kalvach,Czechia,MIDFIELDER,UNKNOWN,30,1995-07-19,6,495,0,0,0,1,0,FC Viktoria Plzeň,PLZ,https://img.uefa.com/imgml/TP/teams/logos/240x240/64388.png,250066619,https://img.uefa.com/imgml/TP/players/1/2023/324x324/250066619.jpg,2022-23
Maurits Kjærgaard,Denmark,MIDFIELDER,UNKNOWN,22,2003-06-26,6,495,0,0,0,0,0,FC Salzburg,SAL,https://img.uefa.com/imgml/TP/teams/logos/240x240/50030.png,250129343,https://img.uefa.com/imgml/TP/players/1/2023/324x324/250129343.jpg,2022-23
Mislav Oršić,Croatia,FORWARD,WINGER,33,1992-12-29,6,494,2,0,0,1,0,GNK Dinamo,DIN,https://img.uefa.com/imgml/TP/teams/logos/240x240/50164.png,250024176,https://img.uefa.com/imgml/TP/players/1/2023/324x324/250024176.jpg,2022-23
Bruno Petković,Croatia,FORWARD,STRIKER,31,1994-09-16,6,493,1,2,0,1,0,GNK Dinamo,DIN,https://img.uefa.com/imgml/TP/teams/logos/240x240/50164.png,250063394,https://img.uefa.com/imgml/TP/players/1/2023/324x324/250063394.jpg,2022-23
Leonardo Balerdi,Argentina,DEFENDER,UNKNOWN,27,1999-01-26,6,490,1,0,0,1,0,Olympique de Marseille,MAR,https://img.uefa.com/imgml/TP/teams/logos/240x240/52748.png,250128118,https://img.uefa.com/imgml/TP/players/1/2023/324x324/250128118.jpg,2022-23
Jordan Veretout,France,MIDFIELDER,CENTRAL_MIDFIELDER,33,1993-03-01,6,489,0,1,0,2,0,Olympique de Marseille,MAR,https://img.uefa.com/imgml/TP/teams/logos/240x240/52748.png,250017724,https://img.uefa.com/imgml/TP/players/1/2023/324x324/250017724.jpg,2022-23
James Tavernier,England,DEFENDER,FULL_BACK,34,1991-10-31,6,487,1,0,1,1,0,Rangers FC,RAN,https://img.uefa.com/imgml/TP/teams/logos/240x240/50121.png,250025426,https://img.uefa.com/imgml/TP/players/1/2023/324x324/250025426.jpg,2022-23
Artem Bondarenko,Ukraine,MIDFIELDER,CENTRAL_MIDFIELDER,25,2000-08-21,6,487,0,0,0,1,0,FC Shakhtar Donetsk,SHK,https://img.uefa.com/imgml/TP/teams/logos/240x240/52707.png,250112969,https://img.uefa.com/imgml/TP/players/1/2023/324x324/250112969.jpg,2022-23
Frantzdy Pierrot,Haiti,FORWARD,UNKNOWN,31,1995-03-29,6,486,0,2,0,1,0,Maccabi Haifa FC,MHA,https://img.uefa.com/imgml/TP/teams/logos/240x240/59045.png,250174266,https://img.uefa.com/imgml/TP/players/1/2023/324x324/250174266.jpg,2022-23
Viktor Claesson,Sweden,MIDFIELDER,ATTACKING_MIDFIELDER,34,1992-01-02,6,485,0,1,0,2,0,F.C. Copenhagen,CPH,https://img.uefa.com/imgml/TP/teams/logos/240x240/52709.png,250024171,https://img.uefa.com/imgml/TP/players/1/2023/324x324/250024171.jpg,2022-23
Georgiy Sudakov,Ukraine,MIDFIELDER,ATTACKING_MIDFIELDER,23,2002-09-01,6,484,0,2,0,0,0,FC Shakhtar Donetsk,SHK,https://img.uefa.com/imgml/TP/teams/logos/240x240/52707.png,250119181,https://img.uefa.com/imgml/TP/players/1/2023/324x324/250119181.jpg,2022-23
Matt O'Riley,Denmark,MIDFIELDER,UNKNOWN,25,2000-11-21,6,484,0,0,0,2,0,Celtic FC,CEL,https://img.uefa.com/imgml/TP/teams/logos/240x240/50050.png,250169725,https://img.uefa.com/imgml/TP/players/1/2023/324x324/250169725.jpg,2022-23
Victor Kristiansen,Denmark,DEFENDER,UNKNOWN,23,2002-12-16,6,482,0,0,0,0,0,F.C. Copenhagen,CPH,https://img.uefa.com/imgml/TP/teams/logos/240x240/52709.png,250129344,https://img.uefa.com/imgml/TP/players/1/2023/324x324/250129344.jpg,2022-23
Raphaël Guerreiro,Portugal,DEFENDER,FULL_BACK,32,1993-12-22,6,481,2,0,0,0,0,Borussia Dortmund,BVB,https://img.uefa.com/imgml/TP/teams/logos/240x240/52758.png,250066156,https://img.uefa.com/imgml/TP/players/1/2023/324x324/250066156.jpg,2022-23
Jonathan Tah,Germany,DEFENDER,CENTRE_BACK,30,1996-02-11,6,480,0,0,0,1,0,Bayer 04 Leverkusen,LEV,https://img.uefa.com/imgml/TP/teams/logos/240x240/50109.png,250055660,https://img.uefa.com/imgml/TP/players/1/2023/324x324/250055660.jpg,2022-23
Julian Brandt,Germany,MIDFIELDER,WINGER,30,1996-05-02,7,477,1,1,0,0,0,Borussia Dortmund,BVB,https://img.uefa.com/imgml/TP/teams/logos/240x240/52758.png,250046522,https://img.uefa.com/imgml/TP/players/1/2023/324x324/250046522.jpg,2022-23
Arijan Ademi,North Macedonia,MIDFIELDER,DEFENSIVE_MIDFIELDER,35,1991-05-29,6,475,0,0,0,2,0,GNK Dinamo,DIN,https://img.uefa.com/imgml/TP/teams/logos/240x240/50164.png,250005231,https://img.uefa.com/imgml/TP/players/1/2023/324x324/250005231.jpg,2022-23
Valentin Rongier,France,MIDFIELDER,UNKNOWN,31,1994-12-07,6,471,0,0,0,0,0,Olympique de Marseille,MAR,https://img.uefa.com/imgml/TP/teams/logos/240x240/52748.png,250144222,https://img.uefa.com/imgml/TP/players/1/2023/324x324/250144222.jpg,2022-23
Noah Okafor,Switzerland,FORWARD,WINGER,26,2000-05-24,6,470,3,0,1,1,0,FC Salzburg,SAL,https://img.uefa.com/imgml/TP/teams/logos/240x240/50030.png,250101696,https://img.uefa.com/imgml/TP/players/1/2023/324x324/250101696.jpg,2022-23
Julián Alvarez,Argentina,FORWARD,UNKNOWN,26,2000-01-31,10,468,3,2,0,1,0,Manchester City,MCI,https://img.uefa.com/imgml/TP/teams/logos/240x240/52919.png,250172668,https://img.uefa.com/imgml/TP/players/1/2023/324x324/250172668.jpg,2022-23
Manuel Ugarte,Uruguay,MIDFIELDER,UNKNOWN,25,2001-04-11,6,468,0,0,0,2,0,Sporting Clube de Portugal,SPO,https://img.uefa.com/imgml/TP/teams/logos/240x240/50149.png,250161762,https://img.uefa.com/imgml/TP/players/1/2023/324x324/250161762.jpg,2022-23
Neta Lavi,Israel,MIDFIELDER,UNKNOWN,29,1996-08-25,6,468,0,0,0,2,0,Maccabi Haifa FC,MHA,https://img.uefa.com/imgml/TP/teams/logos/240x240/59045.png,250058053,https://img.uefa.com/imgml/TP/players/1/2023/324x324/250058053.jpg,2022-23
Steven Berghuis,Netherlands,FORWARD,WINGER,34,1991-12-19,6,467,2,2,0,1,0,AFC Ajax,AJX,https://img.uefa.com/imgml/TP/teams/logos/240x240/50143.png,250014668,https://img.uefa.com/imgml/TP/players/1/2023/324x324/250014668.jpg,2022-23
Nahuel Molina,Argentina,DEFENDER,UNKNOWN,28,1998-04-06,6,467,0,0,0,0,0,Atlético de Madrid,ATM,https://img.uefa.com/imgml/TP/teams/logos/240x240/50124.png,250172673,https://img.uefa.com/imgml/TP/players/1/2023/324x324/250172673.jpg,2022-23
Hirving Lozano,Mexico,FORWARD,WINGER,30,1995-07-30,9,466,1,1,0,0,0,SSC Napoli,NAP,https://img.uefa.com/imgml/TP/teams/logos/240x240/50136.png,250106789,https://img.uefa.com/imgml/TP/players/1/2023/324x324/250106789.jpg,2022-23
Callum Hudson-Odoi,England,FORWARD,UNKNOWN,25,2000-11-07,6,466,1,0,0,0,0,Bayer 04 Leverkusen,LEV,https://img.uefa.com/imgml/TP/teams/logos/240x240/50109.png,250104090,https://img.uefa.com/imgml/TP/players/1/2023/324x324/250104090.jpg,2022-23
Borna Barišić,Croatia,DEFENDER,FULL_BACK,33,1992-11-10,6,464,0,0,0,1,0,Rangers FC,RAN,https://img.uefa.com/imgml/TP/teams/logos/240x240/50121.png,250084988,https://img.uefa.com/imgml/TP/players/1/2023/324x324/250084988.jpg,2022-23
Adam Vlkanova,Czechia,MIDFIELDER,UNKNOWN,31,1994-09-04,6,463,1,1,0,0,0,FC Viktoria Plzeň,PLZ,https://img.uefa.com/imgml/TP/teams/logos/240x240/64388.png,250172634,https://img.uefa.com/imgml/TP/players/1/2023/324x324/250172634.jpg,2022-23
João Félix,Portugal,FORWARD,STRIKER,26,1999-11-10,9,462,0,0,0,0,0,Chelsea FC,CHE,https://img.uefa.com/imgml/TP/teams/logos/240x240/52914.png,250101463,https://img.uefa.com/imgml/TP/players/1/2023/324x324/250101463.jpg,2022-23
Axel Witsel,Belgium,MIDFIELDER,DEFENSIVE_MIDFIELDER,37,1989-01-12,6,461,0,1,0,0,0,Atlético de Madrid,ATM,https://img.uefa.com/imgml/TP/teams/logos/240x240/50124.png,103335,https://img.uefa.com/imgml/TP/players/1/2023/324x324/103335.jpg,2022-23
Reo Hatate,Japan,DEFENDER,UNKNOWN,28,1997-11-21,6,454,0,1,0,1,0,Celtic FC,CEL,https://img.uefa.com/imgml/TP/teams/logos/240x240/50050.png,250169705,https://img.uefa.com/imgml/TP/players/1/2023/324x324/250169705.jpg,2022-23
Mohammed Kudus,Ghana,MIDFIELDER,ATTACKING_MIDFIELDER,25,2000-08-02,6,451,4,2,0,1,0,AFC Ajax,AJX,https://img.uefa.com/imgml/TP/teams/logos/240x240/50143.png,250121904,https://img.uefa.com/imgml/TP/players/1/2023/324x324/250121904.jpg,2022-23
Lukas Lerager,Denmark,MIDFIELDER,CENTRAL_MIDFIELDER,32,1993-07-12,6,450,0,0,0,2,0,F.C. Copenhagen,CPH,https://img.uefa.com/imgml/TP/teams/logos/240x240/52709.png,250059199,https://img.uefa.com/imgml/TP/players/1/2023/324x324/250059199.jpg,2022-23
Piero Hincapié,Ecuador,DEFENDER,UNKNOWN,24,2002-01-09,5,450,0,0,0,3,0,Bayer 04 Leverkusen,LEV,https://img.uefa.com/imgml/TP/teams/logos/240x240/50109.png,250163454,https://img.uefa.com/imgml/TP/players/1/2023/324x324/250163454.jpg,2022-23
David Carmo,Angola,DEFENDER,CENTRE_BACK,26,1999-07-19,5,450,0,0,0,3,0,FC Porto,POR,https://img.uefa.com/imgml/TP/teams/logos/240x240/50064.png,250117455,https://img.uefa.com/imgml/TP/players/1/2023/324x324/250117455.jpg,2022-23
John Lundstram,England,MIDFIELDER,UNKNOWN,32,1994-02-18,5,450,0,0,0,3,0,Rangers FC,RAN,https://img.uefa.com/imgml/TP/teams/logos/240x240/50121.png,250024786,https://img.uefa.com/imgml/TP/players/1/2023/324x324/250024786.jpg,2022-23
José Ángel Carmona,Spain,DEFENDER,UNKNOWN,24,2002-01-29,5,450,0,0,0,2,0,Sevilla FC,SEV,https://img.uefa.com/imgml/TP/teams/logos/240x240/52714.png,250153659,https://img.uefa.com/imgml/TP/players/1/2023/324x324/250153659.jpg,2022-23
Allan McGregor,Scotland,GOALKEEPER,GOALKEEPER,44,1982-01-31,5,450,0,0,0,0,0,Rangers FC,RAN,https://img.uefa.com/imgml/TP/teams/logos/240x240/50121.png,48714,https://img.uefa.com/imgml/TP/players/1/2023/324x324/48714.jpg,2022-23
Dylan Batubinsika,DR Congo,DEFENDER,CENTRE_BACK,30,1996-02-15,5,450,0,0,0,0,0,Maccabi Haifa FC,MHA,https://img.uefa.com/imgml/TP/teams/logos/240x240/59045.png,250064588,https://img.uefa.com/imgml/TP/players/1/2023/324x324/250064588.jpg,2022-23
Jindřich Staněk,Czechia,GOALKEEPER,UNKNOWN,30,1996-04-27,5,450,0,0,0,0,0,FC Viktoria Plzeň,PLZ,https://img.uefa.com/imgml/TP/teams/logos/240x240/64388.png,250055112,https://img.uefa.com/imgml/TP/players/1/2023/324x324/250055112.jpg,2022-23
Jan Oblak,Slovenia,GOALKEEPER,GOALKEEPER,33,1993-01-07,5,450,0,0,0,0,0,Atlético de Madrid,ATM,https://img.uefa.com/imgml/TP/teams/logos/240x240/50124.png,250012069,https://img.uefa.com/imgml/TP/players/1/2023/324x324/250012069.jpg,2022-23
Marc-André ter Stegen,Germany,GOALKEEPER,GOALKEEPER,34,1992-04-30,5,450,0,0,0,0,0,FC Barcelona,BAR,https://img.uefa.com/imgml/TP/teams/logos/240x240/50080.png,250007631,https://img.uefa.com/imgml/TP/players/1/2023/324x324/250007631.jpg,2022-23
Ciprian Tătăruşanu,Romania,GOALKEEPER,GOALKEEPER,40,1986-02-09,5,450,0,0,0,0,0,AC Milan,MIL,https://img.uefa.com/imgml/TP/teams/logos/240x240/50058.png,1902645,https://img.uefa.com/imgml/TP/players/1/2023/324x324/1902645.jpg,2022-23
Danilo,Portugal,MIDFIELDER,DEFENSIVE_MIDFIELDER,34,1991-09-09,7,449,0,0,0,0,0,Paris Saint-Germain,PSG,https://img.uefa.com/imgml/TP/teams/logos/240x240/52747.png,250014528,https://img.uefa.com/imgml/TP/players/1/2023/324x324/250014528.jpg,2022-23
Patrik Schick,Czechia,FORWARD,STRIKER,30,1996-01-24,5,448,0,0,0,0,0,Bayer 04 Leverkusen,LEV,https://img.uefa.com/imgml/TP/teams/logos/240x240/50109.png,250055110,https://img.uefa.com/imgml/TP/players/1/2023/324x324/250055110.jpg,2022-23
Mohamed Daramy,Denmark,MIDFIELDER,STRIKER,24,2002-01-07,6,447,0,0,0,1,0,F.C. Copenhagen,CPH,https://img.uefa.com/imgml/TP/teams/logos/240x240/52709.png,250120799,https://img.uefa.com/imgml/TP/players/1/2023/324x324/250120799.jpg,2022-23
Adrien Rabiot,France,MIDFIELDER,CENTRAL_MIDFIELDER,31,1995-04-03,5,447,2,0,0,0,0,Juventus,JUV,https://img.uefa.com/imgml/TP/teams/logos/240x240/50139.png,250053905,https://img.uefa.com/imgml/TP/players/1/2023/324x324/250053905.jpg,2022-23
Leonardo Bonucci,Italy,DEFENDER,CENTRE_BACK,39,1987-05-01,6,444,1,0,0,0,0,Juventus,JUV,https://img.uefa.com/imgml/TP/teams/logos/240x240/50139.png,250017925,https://img.uefa.com/imgml/TP/players/1/2023/324x324/250017925.jpg,2022-23
David Neres,Brazil,FORWARD,STRIKER,29,1997-03-03,9,443,3,1,0,2,0,SL Benfica,BEN,https://img.uefa.com/imgml/TP/teams/logos/240x240/50147.png,250106648,https://img.uefa.com/imgml/TP/players/1/2023/324x324/250106648.jpg,2022-23
Robert Lewandowski,Poland,FORWARD,STRIKER,37,1988-08-21,5,442,5,0,0,0,0,FC Barcelona,BAR,https://img.uefa.com/imgml/TP/teams/logos/240x240/50080.png,250002096,https://img.uefa.com/imgml/TP/players/1/2023/324x324/250002096.jpg,2022-23
Eric Maxim Choupo-Moting,Cameroon,MIDFIELDER,UNKNOWN,37,1989-03-23,7,441,4,0,0,0,0,FC Bayern München,BAY,https://img.uefa.com/imgml/TP/teams/logos/240x240/50037.png,1904338,https://img.uefa.com/imgml/TP/players/1/2023/324x324/1904338.jpg,2022-23
Nacho,Spain,DEFENDER,CENTRE_BACK,36,1990-01-18,8,439,0,0,0,0,0,Real Madrid C.F.,RMA,https://img.uefa.com/imgml/TP/teams/logos/240x240/50051.png,1900122,https://img.uefa.com/imgml/TP/players/1/2023/324x324/1900122.jpg,2022-23
Nuno Mendes,Portugal,DEFENDER,FULL_BACK,23,2002-06-19,6,439,1,0,0,0,0,Paris Saint-Germain,PSG,https://img.uefa.com/imgml/TP/teams/logos/240x240/52747.png,250136465,https://img.uefa.com/imgml/TP/players/1/2023/324x324/250136465.jpg,2022-23
Mason Mount,England,MIDFIELDER,ATTACKING_MIDFIELDER,27,1999-01-10,9,438,0,2,0,3,0,Chelsea FC,CHE,https://img.uefa.com/imgml/TP/teams/logos/240x240/52914.png,250076240,https://img.uefa.com/imgml/TP/players/1/2023/324x324/250076240.jpg,2022-23
Trevoh Chalobah,England,DEFENDER,UNKNOWN,26,1999-07-05,6,437,0,0,0,0,0,Chelsea FC,CHE,https://img.uefa.com/imgml/TP/teams/logos/240x240/52914.png,250076233,https://img.uefa.com/imgml/TP/players/1/2023/324x324/250076233.jpg,2022-23
Juan Cuadrado,Colombia,MIDFIELDER,UNKNOWN,38,1988-05-26,6,436,0,1,0,0,0,Juventus,JUV,https://img.uefa.com/imgml/TP/teams/logos/240x240/50139.png,250015966,https://img.uefa.com/imgml/TP/players/1/2023/324x324/250015966.jpg,2022-23
Jhon Mosquera,Colombia,MIDFIELDER,WINGER,36,1990-05-08,5,434,0,1,0,3,0,FC Viktoria Plzeň,PLZ,https://img.uefa.com/imgml/TP/teams/logos/240x240/64388.png,250144286,https://img.uefa.com/imgml/TP/players/1/2023/324x324/250144286.jpg,2022-23
Dušan Tadić,Serbia,FORWARD,STRIKER,37,1988-11-20,5,433,0,1,0,2,1,AFC Ajax,AJX,https://img.uefa.com/imgml/TP/teams/logos/240x240/50143.png,1902464,https://img.uefa.com/imgml/TP/players/1/2023/324x324/1902464.jpg,2022-23
Aurélien Tchouaméni,France,MIDFIELDER,CENTRAL_MIDFIELDER,26,2000-01-27,10,431,0,0,0,0,0,Real Madrid C.F.,RMA,https://img.uefa.com/imgml/TP/teams/logos/240x240/50051.png,250105244,https://img.uefa.com/imgml/TP/players/1/2023/324x324/250105244.jpg,2022-23
Filip Kostić,Serbia,FORWARD,WINGER,33,1992-11-01,6,431,0,1,0,0,0,Juventus,JUV,https://img.uefa.com/imgml/TP/teams/logos/240x240/50139.png,250024301,https://img.uefa.com/imgml/TP/players/1/2023/324x324/250024301.jpg,2022-23
David Khocholava,Georgia,DEFENDER,CENTRE_BACK,33,1993-02-08,5,431,0,0,0,1,1,F.C. Copenhagen,CPH,https://img.uefa.com/imgml/TP/teams/logos/240x240/52709.png,250004261,https://img.uefa.com/imgml/TP/players/1/2023/324x324/250004261.jpg,2022-23
Odilon Kossounou,Ivory Coast,DEFENDER,CENTRE_BACK,25,2001-01-04,5,429,0,0,0,1,0,Bayer 04 Leverkusen,LEV,https://img.uefa.com/imgml/TP/teams/logos/240x240/50109.png,250132810,https://img.uefa.com/imgml/TP/players/1/2023/324x324/250132810.jpg,2022-23
Pedro Porro,Spain,DEFENDER,FULL_BACK,26,1999-09-13,6,428,0,1,0,1,0,Tottenham Hotspur,TOT,https://img.uefa.com/imgml/TP/teams/logos/240x240/1652.png,150562676,https://img.uefa.com/imgml/TP/players/1/2023/324x324/150562676.jpg,2022-23
Danilo,Brazil,DEFENDER,UNKNOWN,34,1991-07-15,5,428,0,0,0,3,0,Juventus,JUV,https://img.uefa.com/imgml/TP/teams/logos/240x240/50139.png,250039931,https://img.uefa.com/imgml/TP/players/1/2023/324x324/250039931.jpg,2022-23
Victor Osimhen,Nigeria,FORWARD,STRIKER,27,1998-12-29,6,424,5,0,0,1,0,SSC Napoli,NAP,https://img.uefa.com/imgml/TP/teams/logos/240x240/50136.png,250132987,https://img.uefa.com/imgml/TP/players/1/2023/324x324/250132987.jpg,2022-23
Milan Havel,Czechia,DEFENDER,FULL_BACK,31,1994-08-07,6,424,0,0,0,0,0,FC Viktoria Plzeň,PLZ,https://img.uefa.com/imgml/TP/teams/logos/240x240/64388.png,250087973,https://img.uefa.com/imgml/TP/players/1/2023/324x324/250087973.jpg,2022-23
Ivan Rakitić,Croatia,MIDFIELDER,CENTRAL_MIDFIELDER,38,1988-03-10,6,421,0,1,0,0,0,Sevilla FC,SEV,https://img.uefa.com/imgml/TP/teams/logos/240x240/52714.png,97744,https://img.uefa.com/imgml/TP/players/1/2023/324x324/97744.jpg,2022-23
Kenneth Taylor,Netherlands,MIDFIELDER,CENTRAL_MIDFIELDER,24,2002-05-16,6,420,0,1,0,2,0,AFC Ajax,AJX,https://img.uefa.com/imgml/TP/teams/logos/240x240/50143.png,250113011,https://img.uefa.com/imgml/TP/players/1/2023/324x324/250113011.jpg,2022-23
Matteo Guendouzi,France,MIDFIELDER,CENTRAL_MIDFIELDER,27,1999-04-14,6,419,2,0,1,1,0,Olympique de Marseille,MAR,https://img.uefa.com/imgml/TP/teams/logos/240x240/52748.png,250122927,https://img.uefa.com/imgml/TP/players/1/2023/324x324/250122927.jpg,2022-23
Alexis Sánchez,Chile,FORWARD,STRIKER,37,1988-12-19,5,419,2,1,0,0,0,Olympique de Marseille,MAR,https://img.uefa.com/imgml/TP/teams/logos/240x240/52748.png,250003528,https://img.uefa.com/imgml/TP/players/1/2023/324x324/250003528.jpg,2022-23
Yukhym Konoplia,Ukraine,DEFENDER,UNKNOWN,26,1999-08-26,5,419,0,0,0,2,0,FC Shakhtar Donetsk,SHK,https://img.uefa.com/imgml/TP/teams/logos/240x240/52707.png,250112974,https://img.uefa.com/imgml/TP/players/1/2023/324x324/250112974.jpg,2022-23
Robin Gosens,Germany,DEFENDER,FULL_BACK,31,1994-07-05,11,418,1,0,0,1,0,FC Internazionale Milano,INT,https://img.uefa.com/imgml/TP/teams/logos/240x240/50138.png,250062606,https://img.uefa.com/imgml/TP/players/1/2023/324x324/250062606.jpg,2022-23
Roberto Firmino,Brazil,FORWARD,STRIKER,34,1991-10-02,8,417,2,1,0,0,0,Liverpool FC,LIV,https://img.uefa.com/imgml/TP/teams/logos/240x240/7889.png,250080619,https://img.uefa.com/imgml/TP/players/1/2023/324x324/250080619.jpg,2022-23
Jorginho,Italy,MIDFIELDER,CENTRAL_MIDFIELDER,34,1991-12-20,6,416,1,0,1,0,0,Chelsea FC,CHE,https://img.uefa.com/imgml/TP/teams/logos/240x240/52914.png,250067749,https://img.uefa.com/imgml/TP/players/1/2023/324x324/250067749.jpg,2022-23
Ousmane Dembélé,France,FORWARD,UNKNOWN,29,1997-05-15,6,415,1,2,0,1,0,FC Barcelona,BAR,https://img.uefa.com/imgml/TP/teams/logos/240x240/50080.png,250066886,https://img.uefa.com/imgml/TP/players/1/2023/324x324/250066886.jpg,2022-23
Jonathan Clauss,France,DEFENDER,UNKNOWN,33,1992-09-25,6,415,0,1,0,1,0,Olympique de Marseille,MAR,https://img.uefa.com/imgml/TP/teams/logos/240x240/52748.png,250171228,https://img.uefa.com/imgml/TP/players/1/2023/324x324/250171228.jpg,2022-23
Dušan Vlahović,Serbia,FORWARD,STRIKER,26,2000-01-28,5,413,1,1,0,0,0,Juventus,JUV,https://img.uefa.com/imgml/TP/teams/logos/240x240/50139.png,250099180,https://img.uefa.com/imgml/TP/players/1/2023/324x324/250099180.jpg,2022-23
Marc Cucurella,Spain,DEFENDER,FULL_BACK,27,1998-07-22,8,411,0,0,0,2,0,Chelsea FC,CHE,https://img.uefa.com/imgml/TP/teams/logos/240x240/52914.png,250076168,https://img.uefa.com/imgml/TP/players/1/2023/324x324/250076168.jpg,2022-23
Sadegh Moharrami,Iran,DEFENDER,FULL_BACK,30,1996-03-01,6,410,0,0,0,2,0,GNK Dinamo,DIN,https://img.uefa.com/imgml/TP/teams/logos/240x240/50164.png,250121162,https://img.uefa.com/imgml/TP/players/1/2023/324x324/250121162.jpg,2022-23
Robert Andrich,Germany,MIDFIELDER,UNKNOWN,31,1994-09-22,5,409,1,0,0,4,0,Bayer 04 Leverkusen,LEV,https://img.uefa.com/imgml/TP/teams/logos/240x240/50109.png,250055957,https://img.uefa.com/imgml/TP/players/1/2023/324x324/250055957.jpg,2022-23
Daley Blind,Netherlands,DEFENDER,CENTRE_BACK,36,1990-03-09,5,409,0,0,0,0,0,FC Bayern München,BAY,https://img.uefa.com/imgml/TP/teams/logos/240x240/50037.png,108908,https://img.uefa.com/imgml/TP/players/1/2023/324x324/108908.jpg,2022-23
Pierre-Emerick Aubameyang,Gabon,FORWARD,STRIKER,36,1989-06-18,6,408,2,1,0,0,0,Chelsea FC,CHE,https://img.uefa.com/imgml/TP/teams/logos/240x240/52914.png,250011037,https://img.uefa.com/imgml/TP/players/1/2023/324x324/250011037.jpg,2022-23
Chancel Mbemba,DR Congo,DEFENDER,CENTRE_BACK,31,1994-08-08,5,408,2,1,0,0,1,Olympique de Marseille,MAR,https://img.uefa.com/imgml/TP/teams/logos/240x240/52748.png,250063997,https://img.uefa.com/imgml/TP/players/1/2023/324x324/250063997.jpg,2022-23
Matteo Politano,Italy,FORWARD,WINGER,32,1993-08-03,9,406,1,1,1,2,0,SSC Napoli,NAP,https://img.uefa.com/imgml/TP/teams/logos/240x240/50136.png,250050381,https://img.uefa.com/imgml/TP/players/1/2023/324x324/250050381.jpg,2022-23
Antoine Griezmann,France,FORWARD,STRIKER,35,1991-03-21,6,406,1,1,0,0,0,Atlético de Madrid,ATM,https://img.uefa.com/imgml/TP/teams/logos/240x240/50124.png,250019498,https://img.uefa.com/imgml/TP/players/1/2023/324x324/250019498.jpg,2022-23
Marcos Alonso,Spain,DEFENDER,FULL_BACK,35,1990-12-28,5,405,1,0,0,0,0,FC Barcelona,BAR,https://img.uefa.com/imgml/TP/teams/logos/240x240/50080.png,250008348,https://img.uefa.com/imgml/TP/players/1/2023/324x324/250008348.jpg,2022-23
Alexander Meyer,Germany,GOALKEEPER,UNKNOWN,35,1991-04-13,5,405,0,0,0,0,0,Borussia Dortmund,BVB,https://img.uefa.com/imgml/TP/teams/logos/240x240/52758.png,250174737,https://img.uefa.com/imgml/TP/players/1/2023/324x324/250174737.jpg,2022-23
Chiquinho,Portugal,FORWARD,ATTACKING_MIDFIELDER,30,1995-07-19,9,404,0,1,0,0,0,SL Benfica,BEN,https://img.uefa.com/imgml/TP/teams/logos/240x240/50147.png,250131924,https://img.uefa.com/imgml/TP/players/1/2023/324x324/250131924.jpg,2022-23
Emil Forsberg,Sweden,FORWARD,WINGER,34,1991-10-23,8,403,1,0,0,0,0,RB Leipzig,RBL,https://img.uefa.com/imgml/TP/teams/logos/240x240/2603790.png,250013469,https://img.uefa.com/imgml/TP/players/1/2023/324x324/250013469.jpg,2022-23
Pedri,Spain,MIDFIELDER,UNKNOWN,23,2002-11-25,5,403,0,0,0,0,0,FC Barcelona,BAR,https://img.uefa.com/imgml/TP/teams/logos/240x240/50080.png,250143693,https://img.uefa.com/imgml/TP/players/1/2023/324x324/250143693.jpg,2022-23
Isco,Spain,MIDFIELDER,ATTACKING_MIDFIELDER,34,1992-04-21,6,402,1,1,0,0,0,Sevilla FC,SEV,https://img.uefa.com/imgml/TP/teams/logos/240x240/52714.png,250024454,https://img.uefa.com/imgml/TP/players/1/2023/324x324/250024454.jpg,2022-23
José María Giménez,Uruguay,DEFENDER,CENTRE_BACK,31,1995-01-20,5,402,0,0,0,1,0,Atlético de Madrid,ATM,https://img.uefa.com/imgml/TP/teams/logos/240x240/50124.png,250063505,https://img.uefa.com/imgml/TP/players/1/2023/324x324/250063505.jpg,2022-23
Darwin Núñez,Uruguay,FORWARD,STRIKER,26,1999-06-24,8,401,4,1,0,1,0,Liverpool FC,LIV,https://img.uefa.com/imgml/TP/teams/logos/240x240/7889.png,250144965,https://img.uefa.com/imgml/TP/players/1/2023/324x324/250144965.jpg,2022-23
Mohammad Abu Fani,Israel,MIDFIELDER,UNKNOWN,28,1998-04-27,6,400,0,0,0,1,0,Maccabi Haifa FC,MHA,https://img.uefa.com/imgml/TP/teams/logos/240x240/59045.png,250097330,https://img.uefa.com/imgml/TP/players/1/2023/324x324/250097330.jpg,2022-23
Luka Sučić,Croatia,MIDFIELDER,CENTRAL_MIDFIELDER,23,2002-09-08,5,400,0,0,0,2,0,FC Salzburg,SAL,https://img.uefa.com/imgml/TP/teams/logos/240x240/50030.png,250127293,https://img.uefa.com/imgml/TP/players/1/2023/324x324/250127293.jpg,2022-23
Wesley Fofana,France,DEFENDER,CENTRE_BACK,25,2000-12-17,5,398,1,0,0,1,0,Chelsea FC,CHE,https://img.uefa.com/imgml/TP/teams/logos/240x240/52914.png,250136472,https://img.uefa.com/imgml/TP/players/1/2023/324x324/250136472.jpg,2022-23
Abdoulaye Seck,Senegal,DEFENDER,CENTRE_BACK,34,1992-06-04,6,396,2,0,0,2,0,Maccabi Haifa FC,MHA,https://img.uefa.com/imgml/TP/teams/logos/240x240/59045.png,250132946,https://img.uefa.com/imgml/TP/players/1/2023/324x324/250132946.jpg,2022-23
Sebastián Coates,Uruguay,DEFENDER,CENTRE_BACK,35,1990-10-07,5,395,0,0,0,1,0,Sporting Clube de Portugal,SPO,https://img.uefa.com/imgml/TP/teams/logos/240x240/50149.png,250016979,https://img.uefa.com/imgml/TP/players/1/2023/324x324/250016979.jpg,2022-23
Harvey Elliott,England,MIDFIELDER,UNKNOWN,23,2003-04-04,8,394,2,0,0,1,0,Liverpool FC,LIV,https://img.uefa.com/imgml/TP/teams/logos/240x240/7889.png,250127426,https://img.uefa.com/imgml/TP/players/1/2023/324x324/250127426.jpg,2022-23
Noussair Mazraoui,Morocco,DEFENDER,FULL_BACK,28,1997-11-14,5,393,0,0,0,2,0,FC Bayern München,BAY,https://img.uefa.com/imgml/TP/teams/logos/240x240/50037.png,250075995,https://img.uefa.com/imgml/TP/players/1/2023/324x324/250075995.jpg,2022-23
Alex Telles,Brazil,DEFENDER,FULL_BACK,33,1992-12-15,6,391,0,1,0,0,0,Sevilla FC,SEV,https://img.uefa.com/imgml/TP/teams/logos/240x240/52714.png,250067802,https://img.uefa.com/imgml/TP/players/1/2023/324x324/250067802.jpg,2022-23
Ben Davies,Wales,DEFENDER,FULL_BACK,33,1993-04-24,7,389,0,0,0,0,0,Tottenham Hotspur,TOT,https://img.uefa.com/imgml/TP/teams/logos/240x240/1652.png,250012942,https://img.uefa.com/imgml/TP/players/1/2023/324x324/250012942.jpg,2022-23
Francisco Trincão,Portugal,FORWARD,STRIKER,26,1999-12-29,6,388,2,0,0,0,0,Sporting Clube de Portugal,SPO,https://img.uefa.com/imgml/TP/teams/logos/240x240/50149.png,250112122,https://img.uefa.com/imgml/TP/players/1/2023/324x324/250112122.jpg,2022-23
Mário Rui,Portugal,DEFENDER,FULL_BACK,35,1991-05-27,6,388,0,1,0,1,0,SSC Napoli,NAP,https://img.uefa.com/imgml/TP/teams/logos/240x240/50136.png,1907928,https://img.uefa.com/imgml/TP/players/1/2023/324x324/1907928.jpg,2022-23
Giovanni Reyna,USA,MIDFIELDER,UNKNOWN,23,2002-11-13,6,383,0,2,0,0,0,Borussia Dortmund,BVB,https://img.uefa.com/imgml/TP/teams/logos/240x240/52758.png,250134661,https://img.uefa.com/imgml/TP/players/1/2023/324x324/250134661.jpg,2022-23
Antonio Adán,Spain,GOALKEEPER,UNKNOWN,39,1987-05-13,5,383,0,0,0,0,1,Sporting Clube de Portugal,SPO,https://img.uefa.com/imgml/TP/teams/logos/240x240/50149.png,69543,https://img.uefa.com/imgml/TP/players/1/2023/324x324/69543.jpg,2022-23
Phil Foden,England,MIDFIELDER,UNKNOWN,26,2000-05-28,8,381,1,2,0,1,0,Manchester City,MCI,https://img.uefa.com/imgml/TP/teams/logos/240x240/52919.png,250101534,https://img.uefa.com/imgml/TP/players/1/2023/324x324/250101534.jpg,2022-23
Amine Harit,Morocco,MIDFIELDER,UNKNOWN,28,1997-06-18,6,380,1,2,0,0,0,Olympique de Marseille,MAR,https://img.uefa.com/imgml/TP/teams/logos/240x240/52748.png,250090713,https://img.uefa.com/imgml/TP/players/1/2023/324x324/250090713.jpg,2022-23
Karim Adeyemi,Germany,FORWARD,STRIKER,24,2002-01-18,6,379,2,0,0,1,0,Borussia Dortmund,BVB,https://img.uefa.com/imgml/TP/teams/logos/240x240/52758.png,250127347,https://img.uefa.com/imgml/TP/players/1/2023/324x324/250127347.jpg,2022-23
Andy Robertson,Scotland,DEFENDER,UNKNOWN,32,1994-03-11,5,378,0,2,0,0,0,Liverpool FC,LIV,https://img.uefa.com/imgml/TP/teams/logos/240x240/7889.png,250066157,https://img.uefa.com/imgml/TP/players/1/2023/324x324/250066157.jpg,2022-23
Jeremie Frimpong,Netherlands,DEFENDER,FULL_BACK,25,2000-12-10,5,375,0,2,0,2,1,Bayer 04 Leverkusen,LEV,https://img.uefa.com/imgml/TP/teams/logos/240x240/50109.png,250113276,https://img.uefa.com/imgml/TP/players/1/2023/324x324/250113276.jpg,2022-23
Pierre Cornud,France,DEFENDER,UNKNOWN,29,1996-12-12,5,375,0,1,0,1,0,Maccabi Haifa FC,MHA,https://img.uefa.com/imgml/TP/teams/logos/240x240/59045.png,250174267,https://img.uefa.com/imgml/TP/players/1/2023/324x324/250174267.jpg,2022-23
Andreas Ulmer,Austria,DEFENDER,FULL_BACK,40,1985-10-30,6,374,0,0,0,1,0,FC Salzburg,SAL,https://img.uefa.com/imgml/TP/teams/logos/240x240/50030.png,101177,https://img.uefa.com/imgml/TP/players/1/2023/324x324/101177.jpg,2022-23
Leon King,Scotland,DEFENDER,CENTRE_BACK,22,2004-01-14,6,374,0,0,0,0,0,Rangers FC,RAN,https://img.uefa.com/imgml/TP/teams/logos/240x240/50121.png,250136375,https://img.uefa.com/imgml/TP/players/1/2023/324x324/250136375.jpg,2022-23
Stefan Ristovski,North Macedonia,DEFENDER,FULL_BACK,34,1992-02-12,5,374,0,0,0,0,0,GNK Dinamo,DIN,https://img.uefa.com/imgml/TP/teams/logos/240x240/50164.png,250004363,https://img.uefa.com/imgml/TP/players/1/2023/324x324/250004363.jpg,2022-23
Alexis Saelemaekers,Belgium,MIDFIELDER,WINGER,26,1999-06-27,8,371,2,0,0,1,0,AC Milan,MIL,https://img.uefa.com/imgml/TP/teams/logos/240x240/50058.png,250101735,https://img.uefa.com/imgml/TP/players/1/2023/324x324/250101735.jpg,2022-23
Tanguy Ndombélé,France,MIDFIELDER,CENTRAL_MIDFIELDER,29,1996-12-28,9,369,1,1,0,0,0,SSC Napoli,NAP,https://img.uefa.com/imgml/TP/teams/logos/240x240/50136.png,250112778,https://img.uefa.com/imgml/TP/players/1/2023/324x324/250112778.jpg,2022-23
Oleksandr Zubkov,Ukraine,MIDFIELDER,CENTRAL_MIDFIELDER,29,1996-08-03,5,369,2,0,0,1,0,FC Shakhtar Donetsk,SHK,https://img.uefa.com/imgml/TP/teams/logos/240x240/52707.png,250064446,https://img.uefa.com/imgml/TP/players/1/2023/324x324/250064446.jpg,2022-23
Thomas Müller,Germany,FORWARD,WINGER,36,1989-09-13,8,365,1,1,0,0,0,FC Bayern München,BAY,https://img.uefa.com/imgml/TP/teams/logos/240x240/50037.png,250003318,https://img.uefa.com/imgml/TP/players/1/2023/324x324/250003318.jpg,2022-23
Tomáš Chorý,Czechia,FORWARD,STRIKER,31,1995-01-26,6,365,2,0,1,2,0,FC Viktoria Plzeň,PLZ,https://img.uefa.com/imgml/TP/teams/logos/240x240/64388.png,250042406,https://img.uefa.com/imgml/TP/players/1/2023/324x324/250042406.jpg,2022-23
Richarlison,Brazil,FORWARD,UNKNOWN,29,1997-05-10,6,365,2,0,0,0,0,Tottenham Hotspur,TOT,https://img.uefa.com/imgml/TP/teams/logos/240x240/1652.png,250129539,https://img.uefa.com/imgml/TP/players/1/2023/324x324/250129539.jpg,2022-23
Pedro Gonçalves,Portugal,MIDFIELDER,UNKNOWN,27,1998-06-28,5,364,0,1,0,2,1,Sporting Clube de Portugal,SPO,https://img.uefa.com/imgml/TP/teams/logos/240x240/50149.png,250143328,https://img.uefa.com/imgml/TP/players/1/2023/324x324/250143328.jpg,2022-23
Pavel Bucha,Czechia,MIDFIELDER,UNKNOWN,28,1998-03-11,5,364,0,0,0,0,1,FC Viktoria Plzeň,PLZ,https://img.uefa.com/imgml/TP/teams/logos/240x240/64388.png,250121135,https://img.uefa.com/imgml/TP/players/1/2023/324x324/250121135.jpg,2022-23
Václav Jemelka,Czechia,DEFENDER,UNKNOWN,30,1995-06-23,6,362,0,1,0,2,0,FC Viktoria Plzeň,PLZ,https://img.uefa.com/imgml/TP/teams/logos/240x240/64388.png,250121922,https://img.uefa.com/imgml/TP/players/1/2023/324x324/250121922.jpg,2022-23
Kyogo Furuhashi,Japan,MIDFIELDER,UNKNOWN,31,1995-01-20,6,361,0,1,0,1,0,Celtic FC,CEL,https://img.uefa.com/imgml/TP/teams/logos/240x240/50050.png,250156459,https://img.uefa.com/imgml/TP/players/1/2023/324x324/250156459.jpg,2022-23
Ali Mohamed,Niger,MIDFIELDER,UNKNOWN,30,1995-10-07,5,361,0,0,0,0,0,Maccabi Haifa FC,MHA,https://img.uefa.com/imgml/TP/teams/logos/240x240/59045.png,250141685,https://img.uefa.com/imgml/TP/players/1/2023/324x324/250141685.jpg,2022-23
Weston McKennie,USA,MIDFIELDER,UNKNOWN,27,1998-08-28,5,360,2,0,0,1,0,Juventus,JUV,https://img.uefa.com/imgml/TP/teams/logos/240x240/50139.png,250116904,https://img.uefa.com/imgml/TP/players/1/2023/324x324/250116904.jpg,2022-23
Bogdan Mykhailichenko,Ukraine,DEFENDER,UNKNOWN,29,1997-03-21,4,360,0,2,0,1,0,FC Shakhtar Donetsk,SHK,https://img.uefa.com/imgml/TP/teams/logos/240x240/52707.png,250066779,https://img.uefa.com/imgml/TP/players/1/2023/324x324/250066779.jpg,2022-23
Yassine Bounou,Morocco,GOALKEEPER,GOALKEEPER,35,1991-04-05,4,360,0,0,0,1,0,Sevilla FC,SEV,https://img.uefa.com/imgml/TP/teams/logos/240x240/52714.png,250118302,https://img.uefa.com/imgml/TP/players/1/2023/324x324/250118302.jpg,2022-23
Denis Vavro,Slovakia,DEFENDER,CENTRE_BACK,30,1996-04-10,4,360,0,0,0,1,0,F.C. Copenhagen,CPH,https://img.uefa.com/imgml/TP/teams/logos/240x240/52709.png,250058731,https://img.uefa.com/imgml/TP/players/1/2023/324x324/250058731.jpg,2022-23
Fábio Cardoso,Portugal,DEFENDER,UNKNOWN,32,1994-04-19,4,360,0,0,0,1,0,FC Porto,POR,https://img.uefa.com/imgml/TP/teams/logos/240x240/50064.png,250054426,https://img.uefa.com/imgml/TP/players/1/2023/324x324/250054426.jpg,2022-23
Yann Sommer,Switzerland,GOALKEEPER,GOALKEEPER,37,1988-12-17,4,360,0,0,0,0,0,FC Bayern München,BAY,https://img.uefa.com/imgml/TP/teams/logos/240x240/50037.png,97746,https://img.uefa.com/imgml/TP/players/1/2023/324x324/97746.jpg,2022-23
Pepe,Portugal,DEFENDER,CENTRE_BACK,43,1983-02-26,4,360,0,0,0,0,0,FC Porto,POR,https://img.uefa.com/imgml/TP/teams/logos/240x240/50064.png,95417,https://img.uefa.com/imgml/TP/players/1/2023/324x324/95417.jpg,2022-23
Cameron Carter-Vickers,USA,DEFENDER,CENTRE_BACK,28,1997-12-31,4,360,0,0,0,0,0,Celtic FC,CEL,https://img.uefa.com/imgml/TP/teams/logos/240x240/50050.png,250094540,https://img.uefa.com/imgml/TP/players/1/2023/324x324/250094540.jpg,2022-23
Kamil Grabara,Poland,GOALKEEPER,UNKNOWN,27,1999-01-08,4,360,0,0,0,0,0,F.C. Copenhagen,CPH,https://img.uefa.com/imgml/TP/teams/logos/240x240/52709.png,250090273,https://img.uefa.com/imgml/TP/players/1/2023/324x324/250090273.jpg,2022-23
Wojciech Szczęsny,Poland,GOALKEEPER,GOALKEEPER,36,1990-04-18,4,360,0,0,0,0,0,Juventus,JUV,https://img.uefa.com/imgml/TP/teams/logos/240x240/50139.png,108501,https://img.uefa.com/imgml/TP/players/1/2023/324x324/108501.jpg,2022-23
Marcus Edwards,England,FORWARD,WINGER,27,1998-12-03,6,357,2,1,0,0,0,Sporting Clube de Portugal,SPO,https://img.uefa.com/imgml/TP/teams/logos/240x240/50149.png,250079522,https://img.uefa.com/imgml/TP/players/1/2023/324x324/250079522.jpg,2022-23
Thomas Meunier,Belgium,DEFENDER,FULL_BACK,34,1991-09-12,4,353,0,1,0,1,0,Borussia Dortmund,BVB,https://img.uefa.com/imgml/TP/teams/logos/240x240/52758.png,250029318,https://img.uefa.com/imgml/TP/players/1/2023/324x324/250029318.jpg,2022-23
Edmond Tapsoba,Burkina Faso,DEFENDER,CENTRE_BACK,27,1999-02-02,5,351,0,0,0,0,0,Bayer 04 Leverkusen,LEV,https://img.uefa.com/imgml/TP/teams/logos/240x240/50109.png,250118391,https://img.uefa.com/imgml/TP/players/1/2023/324x324/250118391.jpg,2022-23
Ferland Mendy,France,DEFENDER,FULL_BACK,30,1995-06-08,5,347,0,0,0,1,0,Real Madrid C.F.,RMA,https://img.uefa.com/imgml/TP/teams/logos/240x240/50051.png,250112803,https://img.uefa.com/imgml/TP/players/1/2023/324x324/250112803.jpg,2022-23
Josip Stanišić,Croatia,DEFENDER,UNKNOWN,26,2000-04-02,8,346,0,0,0,2,0,FC Bayern München,BAY,https://img.uefa.com/imgml/TP/teams/logos/240x240/50037.png,250112220,https://img.uefa.com/imgml/TP/players/1/2023/324x324/250112220.jpg,2022-23
Kostas Tsimikas,Greece,DEFENDER,FULL_BACK,30,1996-05-12,6,342,0,2,0,1,0,Liverpool FC,LIV,https://img.uefa.com/imgml/TP/teams/logos/240x240/7889.png,250076631,https://img.uefa.com/imgml/TP/players/1/2023/324x324/250076631.jpg,2022-23
Amadou Haidara,Mali,MIDFIELDER,CENTRAL_MIDFIELDER,28,1998-01-31,7,340,0,0,0,1,0,RB Leipzig,RBL,https://img.uefa.com/imgml/TP/teams/logos/240x240/2603790.png,250102866,https://img.uefa.com/imgml/TP/players/1/2023/324x324/250102866.jpg,2022-23
Serge Gnabry,Germany,FORWARD,WINGER,30,1995-07-14,8,339,2,3,0,0,0,FC Bayern München,BAY,https://img.uefa.com/imgml/TP/teams/logos/240x240/50037.png,250041770,https://img.uefa.com/imgml/TP/players/1/2023/324x324/250041770.jpg,2022-23
Arkadiusz Milik,Poland,FORWARD,STRIKER,32,1994-02-28,5,339,2,0,0,1,0,Juventus,JUV,https://img.uefa.com/imgml/TP/teams/logos/240x240/50139.png,250043124,https://img.uefa.com/imgml/TP/players/1/2023/324x324/250043124.jpg,2022-23
Anthony Modeste,France,FORWARD,UNKNOWN,38,1988-04-14,7,338,0,0,0,1,0,Borussia Dortmund,BVB,https://img.uefa.com/imgml/TP/teams/logos/240x240/52758.png,108398,https://img.uefa.com/imgml/TP/players/1/2023/324x324/108398.jpg,2022-23
Mitchel Bakker,Netherlands,MIDFIELDER,UNKNOWN,25,2000-06-20,5,338,0,0,0,2,0,Bayer 04 Leverkusen,LEV,https://img.uefa.com/imgml/TP/teams/logos/240x240/50109.png,250101723,https://img.uefa.com/imgml/TP/players/1/2023/324x324/250101723.jpg,2022-23
Kevin Diks,Indonesia,DEFENDER,FULL_BACK,29,1996-10-06,6,336,0,0,0,0,0,F.C. Copenhagen,CPH,https://img.uefa.com/imgml/TP/teams/logos/240x240/52709.png,250078678,https://img.uefa.com/imgml/TP/players/1/2023/324x324/250078678.jpg,2022-23
Hidemasa Morita,Japan,MIDFIELDER,UNKNOWN,31,1995-05-10,5,334,0,1,0,2,0,Sporting Clube de Portugal,SPO,https://img.uefa.com/imgml/TP/teams/logos/240x240/50149.png,250156457,https://img.uefa.com/imgml/TP/players/1/2023/324x324/250156457.jpg,2022-23
Daizen Maeda,Japan,FORWARD,UNKNOWN,28,1997-10-20,6,332,0,0,0,1,0,Celtic FC,CEL,https://img.uefa.com/imgml/TP/teams/logos/240x240/50050.png,250169706,https://img.uefa.com/imgml/TP/players/1/2023/324x324/250169706.jpg,2022-23
Gavi,Spain,MIDFIELDER,UNKNOWN,21,2004-08-05,5,331,0,0,0,2,0,FC Barcelona,BAR,https://img.uefa.com/imgml/TP/teams/logos/240x240/50080.png,250139255,https://img.uefa.com/imgml/TP/players/1/2023/324x324/250139255.jpg,2022-23
Koke,Spain,MIDFIELDER,CENTRAL_MIDFIELDER,34,1992-01-08,4,330,0,0,0,1,0,Atlético de Madrid,ATM,https://img.uefa.com/imgml/TP/teams/logos/240x240/50124.png,1909917,https://img.uefa.com/imgml/TP/players/1/2023/324x324/1909917.jpg,2022-23
Benjamin Šeško,Slovenia,FORWARD,UNKNOWN,23,2003-05-31,6,329,0,0,0,0,0,FC Salzburg,SAL,https://img.uefa.com/imgml/TP/teams/logos/240x240/50030.png,250127111,https://img.uefa.com/imgml/TP/players/1/2023/324x324/250127111.jpg,2022-23
James Sands,USA,MIDFIELDER,UNKNOWN,25,2000-07-06,4,325,0,0,0,2,1,Rangers FC,RAN,https://img.uefa.com/imgml/TP/teams/logos/240x240/50121.png,250169707,https://img.uefa.com/imgml/TP/players/1/2023/324x324/250169707.jpg,2022-23
Daniel Sundgren,Sweden,DEFENDER,UNKNOWN,35,1990-11-22,4,325,0,0,0,0,0,Maccabi Haifa FC,MHA,https://img.uefa.com/imgml/TP/teams/logos/240x240/59045.png,250098283,https://img.uefa.com/imgml/TP/players/1/2023/324x324/250098283.jpg,2022-23
Lucas Gourna-Douath,France,MIDFIELDER,UNKNOWN,22,2003-08-05,6,315,0,0,0,2,0,FC Salzburg,SAL,https://img.uefa.com/imgml/TP/teams/logos/240x240/50030.png,250128398,https://img.uefa.com/imgml/TP/players/1/2023/324x324/250128398.jpg,2022-23
Mats Hummels,Germany,DEFENDER,CENTRE_BACK,37,1988-12-16,4,315,0,0,0,1,0,Borussia Dortmund,BVB,https://img.uefa.com/imgml/TP/teams/logos/240x240/52758.png,106587,https://img.uefa.com/imgml/TP/players/1/2023/324x324/106587.jpg,2022-23
Gregor Kobel,Switzerland,GOALKEEPER,GOALKEEPER,28,1997-12-06,4,315,0,0,0,0,0,Borussia Dortmund,BVB,https://img.uefa.com/imgml/TP/teams/logos/240x240/52758.png,250069832,https://img.uefa.com/imgml/TP/players/1/2023/324x324/250069832.jpg,2022-23
Marco Asensio,Spain,FORWARD,ATTACKING_MIDFIELDER,30,1996-01-21,12,314,3,1,0,0,0,Real Madrid C.F.,RMA,https://img.uefa.com/imgml/TP/teams/logos/240x240/50051.png,250080570,https://img.uefa.com/imgml/TP/players/1/2023/324x324/250080570.jpg,2022-23
Connor Goldson,England,DEFENDER,CENTRE_BACK,33,1992-12-18,4,314,0,0,0,0,0,Rangers FC,RAN,https://img.uefa.com/imgml/TP/teams/logos/240x240/50121.png,250120875,https://img.uefa.com/imgml/TP/players/1/2023/324x324/250120875.jpg,2022-23
Junior Messias,Brazil,FORWARD,STRIKER,35,1991-05-13,9,311,1,0,0,0,0,AC Milan,MIL,https://img.uefa.com/imgml/TP/teams/logos/240x240/50058.png,250163867,https://img.uefa.com/imgml/TP/players/1/2023/324x324/250163867.jpg,2022-23
Lucas Taylor,Brazil,DEFENDER,UNKNOWN,31,1995-04-10,5,310,0,0,0,1,0,FC Shakhtar Donetsk,SHK,https://img.uefa.com/imgml/TP/teams/logos/240x240/52707.png,250160612,https://img.uefa.com/imgml/TP/players/1/2023/324x324/250160612.jpg,2022-23
Leandro Paredes,Argentina,MIDFIELDER,DEFENSIVE_MIDFIELDER,31,1994-06-29,4,310,0,1,0,1,0,Juventus,JUV,https://img.uefa.com/imgml/TP/teams/logos/240x240/50139.png,250075844,https://img.uefa.com/imgml/TP/players/1/2023/324x324/250075844.jpg,2022-23
Omer Atzili,Israel,FORWARD,WINGER,32,1993-07-27,6,309,2,1,0,3,0,Maccabi Haifa FC,MHA,https://img.uefa.com/imgml/TP/teams/logos/240x240/59045.png,250064648,https://img.uefa.com/imgml/TP/players/1/2023/324x324/250064648.jpg,2022-23
Sergio Gómez,Spain,DEFENDER,UNKNOWN,25,2000-09-04,5,307,0,1,0,0,1,Manchester City,MCI,https://img.uefa.com/imgml/TP/teams/logos/240x240/52919.png,250101274,https://img.uefa.com/imgml/TP/players/1/2023/324x324/250101274.jpg,2022-23
Thiago Alcántara,Spain,MIDFIELDER,CENTRAL_MIDFIELDER,35,1991-04-11,5,306,0,0,0,0,0,Liverpool FC,LIV,https://img.uefa.com/imgml/TP/teams/logos/240x240/7889.png,1906776,https://img.uefa.com/imgml/TP/players/1/2023/324x324/1906776.jpg,2022-23
Eric Bailly,Ivory Coast,DEFENDER,CENTRE_BACK,32,1994-04-12,5,305,0,0,0,2,0,Olympique de Marseille,MAR,https://img.uefa.com/imgml/TP/teams/logos/240x240/52748.png,250081215,https://img.uefa.com/imgml/TP/players/1/2023/324x324/250081215.jpg,2022-23
Valdemar Lund,Denmark,DEFENDER,UNKNOWN,23,2003-05-28,4,305,0,0,0,1,0,F.C. Copenhagen,CPH,https://img.uefa.com/imgml/TP/teams/logos/240x240/52709.png,250130224,https://img.uefa.com/imgml/TP/players/1/2023/324x324/250130224.jpg,2022-23
Yannick Carrasco,Belgium,FORWARD,WINGER,32,1993-09-04,6,303,1,2,0,0,0,Atlético de Madrid,ATM,https://img.uefa.com/imgml/TP/teams/logos/240x240/50124.png,250040959,https://img.uefa.com/imgml/TP/players/1/2023/324x324/250040959.jpg,2022-23
Joaquín Correa,Argentina,FORWARD,WINGER,31,1994-08-13,9,301,1,2,0,0,0,FC Internazionale Milano,INT,https://img.uefa.com/imgml/TP/teams/logos/240x240/50138.png,250085466,https://img.uefa.com/imgml/TP/players/1/2023/324x324/250085466.jpg,2022-23
Sebastian Rode,Germany,MIDFIELDER,DEFENSIVE_MIDFIELDER,35,1990-10-11,6,299,0,1,0,0,0,Eintracht Frankfurt,FRA,https://img.uefa.com/imgml/TP/teams/logos/240x240/50072.png,250008351,https://img.uefa.com/imgml/TP/players/1/2023/324x324/250008351.jpg,2022-23
Joe Gomez,England,DEFENDER,UNKNOWN,29,1997-05-23,5,299,0,1,0,1,0,Liverpool FC,LIV,https://img.uefa.com/imgml/TP/teams/logos/240x240/7889.png,250058215,https://img.uefa.com/imgml/TP/players/1/2023/324x324/250058215.jpg,2022-23
Conor Gallagher,England,MIDFIELDER,UNKNOWN,26,2000-02-06,8,298,0,0,0,2,0,Chelsea FC,CHE,https://img.uefa.com/imgml/TP/teams/logos/240x240/52914.png,250113103,https://img.uefa.com/imgml/TP/players/1/2023/324x324/250113103.jpg,2022-23
Stefan de Vrij,Netherlands,DEFENDER,CENTRE_BACK,34,1992-02-05,7,298,0,0,0,1,0,FC Internazionale Milano,INT,https://img.uefa.com/imgml/TP/teams/logos/240x240/50138.png,50327428,https://img.uefa.com/imgml/TP/players/1/2023/324x324/50327428.jpg,2022-23
Andreas Skov Olsen,Denmark,FORWARD,UNKNOWN,26,1999-12-29,5,298,1,1,0,0,0,Club Brugge KV,BRU,https://img.uefa.com/imgml/TP/teams/logos/240x240/50043.png,250097638,https://img.uefa.com/imgml/TP/players/1/2023/324x324/250097638.jpg,2022-23
Nuno Santos,Portugal,FORWARD,UNKNOWN,31,1995-02-13,6,297,1,0,0,1,0,Sporting Clube de Portugal,SPO,https://img.uefa.com/imgml/TP/teams/logos/240x240/50149.png,250064482,https://img.uefa.com/imgml/TP/players/1/2023/324x324/250064482.jpg,2022-23
Hákon Arnar Haraldsson,Iceland,MIDFIELDER,UNKNOWN,23,2003-04-10,6,297,1,0,0,0,0,F.C. Copenhagen,CPH,https://img.uefa.com/imgml/TP/teams/logos/240x240/52709.png,250128943,https://img.uefa.com/imgml/TP/players/1/2023/324x324/250128943.jpg,2022-23
Raphinha,Brazil,FORWARD,WINGER,29,1996-12-14,5,297,0,2,0,0,0,FC Barcelona,BAR,https://img.uefa.com/imgml/TP/teams/logos/240x240/50080.png,250112880,https://img.uefa.com/imgml/TP/players/1/2023/324x324/250112880.jpg,2022-23
Álvaro Morata,Spain,FORWARD,STRIKER,33,1992-10-23,5,297,0,0,0,0,0,Atlético de Madrid,ATM,https://img.uefa.com/imgml/TP/teams/logos/240x240/50124.png,250024456,https://img.uefa.com/imgml/TP/players/1/2023/324x324/250024456.jpg,2022-23
Sergio Busquets,Spain,MIDFIELDER,DEFENSIVE_MIDFIELDER,37,1988-07-16,4,292,0,0,0,3,0,FC Barcelona,BAR,https://img.uefa.com/imgml/TP/teams/logos/240x240/50080.png,250002704,https://img.uefa.com/imgml/TP/players/1/2023/324x324/250002704.jpg,2022-23
Noa Lang,Netherlands,FORWARD,WINGER,26,1999-06-17,4,292,0,0,0,1,0,Club Brugge KV,BRU,https://img.uefa.com/imgml/TP/teams/logos/240x240/50043.png,250091165,https://img.uefa.com/imgml/TP/players/1/2023/324x324/250091165.jpg,2022-23
Aymeric Laporte,Spain,DEFENDER,CENTRE_BACK,32,1994-05-27,4,292,0,0,0,1,0,Manchester City,MCI,https://img.uefa.com/imgml/TP/teams/logos/240x240/52919.png,250027046,https://img.uefa.com/imgml/TP/players/1/2023/324x324/250027046.jpg,2022-23
Ansgar Knauff,Germany,MIDFIELDER,UNKNOWN,24,2002-01-10,6,291,0,1,0,0,0,Eintracht Frankfurt,FRA,https://img.uefa.com/imgml/TP/teams/logos/240x240/50072.png,250134656,https://img.uefa.com/imgml/TP/players/1/2023/324x324/250134656.jpg,2022-23
Ísak Bergmann Johannesson,Iceland,MIDFIELDER,UNKNOWN,23,2003-03-23,5,290,0,0,0,0,0,F.C. Copenhagen,CPH,https://img.uefa.com/imgml/TP/teams/logos/240x240/52709.png,250126512,https://img.uefa.com/imgml/TP/players/1/2023/324x324/250126512.jpg,2022-23
Libor Holík,Czechia,DEFENDER,FULL_BACK,28,1998-05-12,6,288,0,1,0,0,0,FC Viktoria Plzeň,PLZ,https://img.uefa.com/imgml/TP/teams/logos/240x240/64388.png,250081727,https://img.uefa.com/imgml/TP/players/1/2023/324x324/250081727.jpg,2022-23
Devyne Rensch,Netherlands,DEFENDER,CENTRE_BACK,23,2003-01-18,4,288,0,0,0,1,0,AFC Ajax,AJX,https://img.uefa.com/imgml/TP/teams/logos/240x240/50143.png,250123555,https://img.uefa.com/imgml/TP/players/1/2023/324x324/250123555.jpg,2022-23
Jota,Portugal,FORWARD,STRIKER,27,1999-03-30,4,286,2,0,0,0,0,Celtic FC,CEL,https://img.uefa.com/imgml/TP/teams/logos/240x240/50050.png,250087566,https://img.uefa.com/imgml/TP/players/1/2023/324x324/250087566.jpg,2022-23
Antonio Čolak,Croatia,FORWARD,STRIKER,32,1993-09-17,6,284,0,0,0,0,0,Rangers FC,RAN,https://img.uefa.com/imgml/TP/teams/logos/240x240/50121.png,250043080,https://img.uefa.com/imgml/TP/players/1/2023/324x324/250043080.jpg,2022-23
Saúl Ñíguez,Spain,MIDFIELDER,CENTRAL_MIDFIELDER,31,1994-11-21,5,284,0,0,0,0,0,Atlético de Madrid,ATM,https://img.uefa.com/imgml/TP/teams/logos/240x240/50124.png,250017725,https://img.uefa.com/imgml/TP/players/1/2023/324x324/250017725.jpg,2022-23
Ángel Correa,Argentina,FORWARD,WINGER,31,1995-03-09,6,283,0,1,0,0,0,Atlético de Madrid,ATM,https://img.uefa.com/imgml/TP/teams/logos/240x240/50124.png,250086315,https://img.uefa.com/imgml/TP/players/1/2023/324x324/250086315.jpg,2022-23
Jordan Henderson,England,MIDFIELDER,CENTRAL_MIDFIELDER,35,1990-06-17,4,281,0,1,0,0,0,Liverpool FC,LIV,https://img.uefa.com/imgml/TP/teams/logos/240x240/7889.png,250010260,https://img.uefa.com/imgml/TP/players/1/2023/324x324/250010260.jpg,2022-23
Ruben Loftus-Cheek,England,MIDFIELDER,CENTRAL_MIDFIELDER,30,1996-01-23,7,280,0,1,0,0,0,Chelsea FC,CHE,https://img.uefa.com/imgml/TP/teams/logos/240x240/52914.png,250056566,https://img.uefa.com/imgml/TP/players/1/2023/324x324/250056566.jpg,2022-23
Kyle Walker,England,DEFENDER,FULL_BACK,36,1990-05-28,5,280,0,0,0,0,0,Manchester City,MCI,https://img.uefa.com/imgml/TP/teams/logos/240x240/52919.png,250010259,https://img.uefa.com/imgml/TP/players/1/2023/324x324/250010259.jpg,2022-23
Eljif Elmas,North Macedonia,MIDFIELDER,CENTRAL_MIDFIELDER,26,1999-09-24,10,279,0,0,0,1,0,SSC Napoli,NAP,https://img.uefa.com/imgml/TP/teams/logos/240x240/50136.png,250091841,https://img.uefa.com/imgml/TP/players/1/2023/324x324/250091841.jpg,2022-23
Marcel Sabitzer,Austria,MIDFIELDER,ATTACKING_MIDFIELDER,32,1994-03-17,6,279,0,0,0,3,0,FC Bayern München,BAY,https://img.uefa.com/imgml/TP/teams/logos/240x240/50037.png,250024349,https://img.uefa.com/imgml/TP/players/1/2023/324x324/250024349.jpg,2022-23
Erik Lamela,Argentina,FORWARD,STRIKER,34,1992-03-04,5,277,0,1,0,2,0,Sevilla FC,SEV,https://img.uefa.com/imgml/TP/teams/logos/240x240/52714.png,250038224,https://img.uefa.com/imgml/TP/players/1/2023/324x324/250038224.jpg,2022-23
Marko Grujić,Serbia,MIDFIELDER,UNKNOWN,30,1996-04-13,4,277,0,0,0,1,0,FC Porto,POR,https://img.uefa.com/imgml/TP/teams/logos/240x240/50064.png,250055207,https://img.uefa.com/imgml/TP/players/1/2023/324x324/250055207.jpg,2022-23
Adam Hložek,Czechia,FORWARD,STRIKER,23,2002-07-25,6,276,0,1,0,0,0,Bayer 04 Leverkusen,LEV,https://img.uefa.com/imgml/TP/teams/logos/240x240/50109.png,250114001,https://img.uefa.com/imgml/TP/players/1/2023/324x324/250114001.jpg,2022-23
Juan Bernat,Spain,DEFENDER,FULL_BACK,33,1993-03-01,5,276,0,0,0,0,0,Paris Saint-Germain,PSG,https://img.uefa.com/imgml/TP/teams/logos/240x240/52747.png,250013892,https://img.uefa.com/imgml/TP/players/1/2023/324x324/250013892.jpg,2022-23
Malick Thiaw,Germany,DEFENDER,UNKNOWN,24,2001-08-08,4,275,0,0,0,2,0,AC Milan,MIL,https://img.uefa.com/imgml/TP/teams/logos/240x240/50058.png,250123978,https://img.uefa.com/imgml/TP/players/1/2023/324x324/250123978.jpg,2022-23
Franck Kessie,Ivory Coast,MIDFIELDER,CENTRAL_MIDFIELDER,29,1996-12-19,6,273,1,0,0,0,0,FC Barcelona,BAR,https://img.uefa.com/imgml/TP/teams/logos/240x240/50080.png,250097791,https://img.uefa.com/imgml/TP/players/1/2023/324x324/250097791.jpg,2022-23
Bernardo,Brazil,DEFENDER,FULL_BACK,31,1995-05-14,4,273,0,0,0,0,0,FC Salzburg,SAL,https://img.uefa.com/imgml/TP/teams/logos/240x240/50030.png,250098953,https://img.uefa.com/imgml/TP/players/1/2023/324x324/250098953.jpg,2022-23
Kevin Kampl,Slovenia,MIDFIELDER,CENTRAL_MIDFIELDER,35,1990-10-09,5,272,0,0,0,1,0,RB Leipzig,RBL,https://img.uefa.com/imgml/TP/teams/logos/240x240/2603790.png,250014636,https://img.uefa.com/imgml/TP/players/1/2023/324x324/250014636.jpg,2022-23
João Mário,Portugal,DEFENDER,UNKNOWN,26,2000-01-03,5,270,0,0,0,3,0,FC Porto,POR,https://img.uefa.com/imgml/TP/teams/logos/240x240/50064.png,250113343,https://img.uefa.com/imgml/TP/players/1/2023/324x324/250113343.jpg,2022-23
Stefan Savić,Montenegro,DEFENDER,CENTRE_BACK,35,1991-01-08,3,270,0,0,0,3,0,Atlético de Madrid,ATM,https://img.uefa.com/imgml/TP/teams/logos/240x240/50124.png,1907998,https://img.uefa.com/imgml/TP/players/1/2023/324x324/1907998.jpg,2022-23
Nicolás Capaldo,Argentina,MIDFIELDER,UNKNOWN,27,1998-09-14,3,270,0,0,0,2,0,FC Salzburg,SAL,https://img.uefa.com/imgml/TP/teams/logos/240x240/50030.png,250161140,https://img.uefa.com/imgml/TP/players/1/2023/324x324/250161140.jpg,2022-23
Bremer,Brazil,DEFENDER,UNKNOWN,29,1997-03-18,3,270,0,0,0,1,0,Juventus,JUV,https://img.uefa.com/imgml/TP/teams/logos/240x240/50139.png,250132322,https://img.uefa.com/imgml/TP/players/1/2023/324x324/250132322.jpg,2022-23
Manuel Neuer,Germany,GOALKEEPER,GOALKEEPER,40,1986-03-27,3,270,0,0,0,0,0,FC Bayern München,BAY,https://img.uefa.com/imgml/TP/teams/logos/240x240/50037.png,97923,https://img.uefa.com/imgml/TP/players/1/2023/324x324/97923.jpg,2022-23
Iván Marcano,Spain,DEFENDER,CENTRE_BACK,38,1987-06-23,3,270,0,0,0,0,0,FC Porto,POR,https://img.uefa.com/imgml/TP/teams/logos/240x240/50064.png,250003525,https://img.uefa.com/imgml/TP/players/1/2023/324x324/250003525.jpg,2022-23
Sven Ulreich,Germany,GOALKEEPER,UNKNOWN,37,1988-08-03,3,270,0,0,0,0,0,FC Bayern München,BAY,https://img.uefa.com/imgml/TP/teams/logos/240x240/50037.png,1902445,https://img.uefa.com/imgml/TP/players/1/2023/324x324/1902445.jpg,2022-23
Luis Díaz,Colombia,FORWARD,CENTRAL_MIDFIELDER,29,1997-01-13,3,269,1,0,0,0,0,Liverpool FC,LIV,https://img.uefa.com/imgml/TP/teams/logos/240x240/7889.png,250132811,https://img.uefa.com/imgml/TP/players/1/2023/324x324/250132811.jpg,2022-23
Marko Stamenic,New Zealand,MIDFIELDER,UNKNOWN,24,2002-02-19,3,269,0,0,0,3,0,F.C. Copenhagen,CPH,https://img.uefa.com/imgml/TP/teams/logos/240x240/52709.png,250162129,https://img.uefa.com/imgml/TP/players/1/2023/324x324/250162129.jpg,2022-23
Jorge Sánchez,Mexico,DEFENDER,UNKNOWN,28,1997-12-10,5,268,0,0,0,1,0,AFC Ajax,AJX,https://img.uefa.com/imgml/TP/teams/logos/240x240/50143.png,250090668,https://img.uefa.com/imgml/TP/players/1/2023/324x324/250090668.jpg,2022-23
Scott Arfield,Canada,MIDFIELDER,CENTRAL_MIDFIELDER,37,1988-11-01,4,268,1,0,0,0,0,Rangers FC,RAN,https://img.uefa.com/imgml/TP/teams/logos/240x240/50121.png,107996,https://img.uefa.com/imgml/TP/players/1/2023/324x324/107996.jpg,2022-23
Oumar Solet,France,DEFENDER,CENTRE_BACK,26,2000-02-07,4,267,0,0,0,0,0,FC Salzburg,SAL,https://img.uefa.com/imgml/TP/teams/logos/240x240/50030.png,250117377,https://img.uefa.com/imgml/TP/players/1/2023/324x324/250117377.jpg,2022-23
Kerem Demirbay,Germany,MIDFIELDER,ATTACKING_MIDFIELDER,32,1993-07-03,5,266,0,0,0,1,0,Bayer 04 Leverkusen,LEV,https://img.uefa.com/imgml/TP/teams/logos/240x240/50109.png,250082943,https://img.uefa.com/imgml/TP/players/1/2023/324x324/250082943.jpg,2022-23
Manuel Locatelli,Italy,MIDFIELDER,DEFENSIVE_MIDFIELDER,28,1998-01-08,5,266,0,0,0,1,0,Juventus,JUV,https://img.uefa.com/imgml/TP/teams/logos/240x240/50139.png,250066747,https://img.uefa.com/imgml/TP/players/1/2023/324x324/250066747.jpg,2022-23
Marco Reus,Germany,MIDFIELDER,ATTACKING_MIDFIELDER,37,1989-05-31,3,264,1,1,0,0,0,Borussia Dortmund,BVB,https://img.uefa.com/imgml/TP/teams/logos/240x240/52758.png,250011791,https://img.uefa.com/imgml/TP/players/1/2023/324x324/250011791.jpg,2022-23
Diogo Jota,Portugal,FORWARD,STRIKER,29,1996-12-04,6,263,0,4,0,0,0,Liverpool FC,LIV,https://img.uefa.com/imgml/TP/teams/logos/240x240/7889.png,250080471,https://img.uefa.com/imgml/TP/players/1/2023/324x324/250080471.jpg,2022-23
Erik Jirka,Slovakia,MIDFIELDER,CENTRAL_MIDFIELDER,28,1997-09-19,6,262,0,0,0,0,0,FC Viktoria Plzeň,PLZ,https://img.uefa.com/imgml/TP/teams/logos/240x240/64388.png,250083363,https://img.uefa.com/imgml/TP/players/1/2023/324x324/250083363.jpg,2022-23
Konrad Laimer,Austria,MIDFIELDER,CENTRAL_MIDFIELDER,29,1997-05-27,3,262,0,0,0,0,0,RB Leipzig,RBL,https://img.uefa.com/imgml/TP/teams/logos/240x240/2603790.png,250065413,https://img.uefa.com/imgml/TP/players/1/2023/324x324/250065413.jpg,2022-23
Ben Davies,England,DEFENDER,UNKNOWN,30,1995-08-11,3,261,0,0,0,1,0,Rangers FC,RAN,https://img.uefa.com/imgml/TP/teams/logos/240x240/50121.png,250153359,https://img.uefa.com/imgml/TP/players/1/2023/324x324/250153359.jpg,2022-23
Giovanni Simeone,Argentina,FORWARD,UNKNOWN,30,1995-07-05,7,260,4,0,0,0,0,SSC Napoli,NAP,https://img.uefa.com/imgml/TP/teams/logos/240x240/50136.png,250176138,https://img.uefa.com/imgml/TP/players/1/2023/324x324/250176138.jpg,2022-23
Joan Jordán,Spain,MIDFIELDER,CENTRAL_MIDFIELDER,31,1994-07-06,6,259,0,0,0,1,0,Sevilla FC,SEV,https://img.uefa.com/imgml/TP/teams/logos/240x240/52714.png,250086646,https://img.uefa.com/imgml/TP/players/1/2023/324x324/250086646.jpg,2022-23
César Azpilicueta,Spain,DEFENDER,FULL_BACK,36,1989-08-28,5,259,0,0,0,0,0,Chelsea FC,CHE,https://img.uefa.com/imgml/TP/teams/logos/240x240/52914.png,103827,https://img.uefa.com/imgml/TP/players/1/2023/324x324/103827.jpg,2022-23
Ibrahima Konaté,France,DEFENDER,CENTRE_BACK,27,1999-05-25,3,259,0,0,0,1,0,Liverpool FC,LIV,https://img.uefa.com/imgml/TP/teams/logos/240x240/7889.png,250091013,https://img.uefa.com/imgml/TP/players/1/2023/324x324/250091013.jpg,2022-23
Gerard Piqué,Spain,DEFENDER,CENTRE_BACK,39,1987-02-02,4,257,0,0,0,0,0,FC Barcelona,BAR,https://img.uefa.com/imgml/TP/teams/logos/240x240/50080.png,93148,https://img.uefa.com/imgml/TP/players/1/2023/324x324/93148.jpg,2022-23
Alfredo Morelos,Colombia,FORWARD,STRIKER,29,1996-06-21,5,256,0,0,0,1,0,Rangers FC,RAN,https://img.uefa.com/imgml/TP/teams/logos/240x240/50121.png,250098451,https://img.uefa.com/imgml/TP/players/1/2023/324x324/250098451.jpg,2022-23
Makoto Hasebe,Japan,MIDFIELDER,DEFENSIVE_MIDFIELDER,42,1984-01-18,4,256,0,0,0,2,0,Eintracht Frankfurt,FRA,https://img.uefa.com/imgml/TP/teams/logos/240x240/50072.png,250003469,https://img.uefa.com/imgml/TP/players/1/2023/324x324/250003469.jpg,2022-23
Rodrigo De Paul,Argentina,MIDFIELDER,UNKNOWN,32,1994-05-24,5,255,1,0,0,1,0,Atlético de Madrid,ATM,https://img.uefa.com/imgml/TP/teams/logos/240x240/50124.png,250086037,https://img.uefa.com/imgml/TP/players/1/2023/324x324/250086037.jpg,2022-23
Giacomo Raspadori,Italy,FORWARD,UNKNOWN,26,2000-02-18,7,250,4,3,0,1,0,SSC Napoli,NAP,https://img.uefa.com/imgml/TP/teams/logos/240x240/50136.png,250105617,https://img.uefa.com/imgml/TP/players/1/2023/324x324/250105617.jpg,2022-23
Ryan Gravenberch,Netherlands,MIDFIELDER,CENTRAL_MIDFIELDER,24,2002-05-16,6,250,0,0,0,0,0,FC Bayern München,BAY,https://img.uefa.com/imgml/TP/teams/logos/240x240/50037.png,250113001,https://img.uefa.com/imgml/TP/players/1/2023/324x324/250113001.jpg,2022-23
Steven Davis,Northern Ireland,MIDFIELDER,CENTRAL_MIDFIELDER,41,1985-01-01,5,250,0,0,0,0,0,Rangers FC,RAN,https://img.uefa.com/imgml/TP/teams/logos/240x240/50121.png,62176,https://img.uefa.com/imgml/TP/players/1/2023/324x324/62176.jpg,2022-23
Samuel Gigot,France,DEFENDER,DEFENSIVE_MIDFIELDER,32,1993-10-12,5,249,0,0,0,0,0,Olympique de Marseille,MAR,https://img.uefa.com/imgml/TP/teams/logos/240x240/52748.png,250106636,https://img.uefa.com/imgml/TP/players/1/2023/324x324/250106636.jpg,2022-23
Youssef En-Nesyri,Morocco,FORWARD,STRIKER,29,1997-06-01,4,248,2,0,0,0,0,Sevilla FC,SEV,https://img.uefa.com/imgml/TP/teams/logos/240x240/52714.png,250109210,https://img.uefa.com/imgml/TP/players/1/2023/324x324/250109210.jpg,2022-23
Jules Koundé,France,DEFENDER,CENTRE_BACK,27,1998-11-12,3,247,0,1,0,0,0,FC Barcelona,BAR,https://img.uefa.com/imgml/TP/teams/logos/240x240/50080.png,250096309,https://img.uefa.com/imgml/TP/players/1/2023/324x324/250096309.jpg,2022-23
Alejandro Gómez,Argentina,FORWARD,ATTACKING_MIDFIELDER,38,1988-02-15,5,246,0,1,0,0,0,Sevilla FC,SEV,https://img.uefa.com/imgml/TP/teams/logos/240x240/52714.png,250036022,https://img.uefa.com/imgml/TP/players/1/2023/324x324/250036022.jpg,2022-23
Malik Tillman,USA,MIDFIELDER,UNKNOWN,24,2002-05-28,5,246,0,0,0,0,0,Rangers FC,RAN,https://img.uefa.com/imgml/TP/teams/logos/240x240/50121.png,250123677,https://img.uefa.com/imgml/TP/players/1/2023/324x324/250123677.jpg,2022-23
Ante Rebić,Croatia,FORWARD,STRIKER,32,1993-09-21,7,245,0,0,0,0,0,AC Milan,MIL,https://img.uefa.com/imgml/TP/teams/logos/240x240/50058.png,250033878,https://img.uefa.com/imgml/TP/players/1/2023/324x324/250033878.jpg,2022-23
Giorgos Giakoumakis,Greece,FORWARD,STRIKER,31,1994-12-09,6,245,1,0,0,0,0,Celtic FC,CEL,https://img.uefa.com/imgml/TP/teams/logos/240x240/50050.png,250092695,https://img.uefa.com/imgml/TP/players/1/2023/324x324/250092695.jpg,2022-23
Donyell Malen,Netherlands,FORWARD,STRIKER,27,1999-01-19,6,245,0,0,0,1,0,Borussia Dortmund,BVB,https://img.uefa.com/imgml/TP/teams/logos/240x240/52758.png,250081555,https://img.uefa.com/imgml/TP/players/1/2023/324x324/250081555.jpg,2022-23
Lassina Traoré,Burkina Faso,FORWARD,STRIKER,25,2001-01-12,6,244,1,0,0,0,0,FC Shakhtar Donetsk,SHK,https://img.uefa.com/imgml/TP/teams/logos/240x240/52707.png,250128222,https://img.uefa.com/imgml/TP/players/1/2023/324x324/250128222.jpg,2022-23
James Milner,England,MIDFIELDER,CENTRAL_MIDFIELDER,40,1986-01-04,8,242,0,0,0,1,0,Liverpool FC,LIV,https://img.uefa.com/imgml/TP/teams/logos/240x240/7889.png,70120,https://img.uefa.com/imgml/TP/players/1/2023/324x324/70120.jpg,2022-23
Joël Matip,Cameroon,DEFENDER,UNKNOWN,34,1991-08-08,4,242,1,0,0,1,0,Liverpool FC,LIV,https://img.uefa.com/imgml/TP/teams/logos/240x240/7889.png,250018116,https://img.uefa.com/imgml/TP/players/1/2023/324x324/250018116.jpg,2022-23
Youssoufa Moukoko,Germany,FORWARD,UNKNOWN,21,2004-11-20,6,241,0,2,0,0,0,Borussia Dortmund,BVB,https://img.uefa.com/imgml/TP/teams/logos/240x240/52758.png,250134659,https://img.uefa.com/imgml/TP/players/1/2023/324x324/250134659.jpg,2022-23
Ansu Fati,Spain,FORWARD,UNKNOWN,23,2002-10-31,6,241,0,1,0,0,0,FC Barcelona,BAR,https://img.uefa.com/imgml/TP/teams/logos/240x240/50080.png,250117471,https://img.uefa.com/imgml/TP/players/1/2023/324x324/250117471.jpg,2022-23
Junior Dina Ebimbe,France,MIDFIELDER,UNKNOWN,25,2000-11-21,6,240,0,0,0,1,0,Eintracht Frankfurt,FRA,https://img.uefa.com/imgml/TP/teams/logos/240x240/50072.png,250113328,https://img.uefa.com/imgml/TP/players/1/2023/324x324/250113328.jpg,2022-23
Alex Sandro,Brazil,DEFENDER,UNKNOWN,35,1991-01-26,4,239,0,0,0,1,0,Juventus,JUV,https://img.uefa.com/imgml/TP/teams/logos/240x240/50139.png,250039930,https://img.uefa.com/imgml/TP/players/1/2023/324x324/250039930.jpg,2022-23
Fabián Ruiz,Spain,MIDFIELDER,CENTRAL_MIDFIELDER,30,1996-04-03,7,237,0,0,0,1,0,Paris Saint-Germain,PSG,https://img.uefa.com/imgml/TP/teams/logos/240x240/52747.png,250115436,https://img.uefa.com/imgml/TP/players/1/2023/324x324/250115436.jpg,2022-23
Suso,Spain,FORWARD,WINGER,32,1993-11-19,6,237,0,0,0,0,0,Sevilla FC,SEV,https://img.uefa.com/imgml/TP/teams/logos/240x240/52714.png,250013897,https://img.uefa.com/imgml/TP/players/1/2023/324x324/250013897.jpg,2022-23
Din David,Israel,FORWARD,UNKNOWN,30,1996-03-14,6,236,1,0,0,0,0,Maccabi Haifa FC,MHA,https://img.uefa.com/imgml/TP/teams/logos/240x240/59045.png,250080455,https://img.uefa.com/imgml/TP/players/1/2023/324x324/250080455.jpg,2022-23
Charles De Ketelaere,Belgium,FORWARD,CENTRAL_MIDFIELDER,25,2001-03-10,6,235,0,0,0,1,0,AC Milan,MIL,https://img.uefa.com/imgml/TP/teams/logos/240x240/50058.png,250117705,https://img.uefa.com/imgml/TP/players/1/2023/324x324/250117705.jpg,2022-23
Paulinho,Portugal,FORWARD,STRIKER,33,1992-11-09,5,235,1,0,0,1,0,Sporting Clube de Portugal,SPO,https://img.uefa.com/imgml/TP/teams/logos/240x240/50149.png,250111288,https://img.uefa.com/imgml/TP/players/1/2023/324x324/250111288.jpg,2022-23
Frenkie de Jong,Netherlands,MIDFIELDER,CENTRAL_MIDFIELDER,29,1997-05-12,4,235,0,0,0,0,0,FC Barcelona,BAR,https://img.uefa.com/imgml/TP/teams/logos/240x240/50080.png,50327423,https://img.uefa.com/imgml/TP/players/1/2023/324x324/50327423.jpg,2022-23
Fashion Sakala,Zambia,MIDFIELDER,UNKNOWN,29,1997-03-14,4,235,0,0,0,0,0,Rangers FC,RAN,https://img.uefa.com/imgml/TP/teams/logos/240x240/50121.png,250112800,https://img.uefa.com/imgml/TP/players/1/2023/324x324/250112800.jpg,2022-23
Thomas Delaney,Denmark,MIDFIELDER,CENTRAL_MIDFIELDER,34,1991-09-03,4,230,0,0,0,0,0,Sevilla FC,SEV,https://img.uefa.com/imgml/TP/teams/logos/240x240/52714.png,250010472,https://img.uefa.com/imgml/TP/players/1/2023/324x324/250010472.jpg,2022-23
Sead Hakšabanović,Montenegro,MIDFIELDER,UNKNOWN,27,1999-05-04,6,228,0,0,0,0,0,Celtic FC,CEL,https://img.uefa.com/imgml/TP/teams/logos/240x240/50050.png,250089866,https://img.uefa.com/imgml/TP/players/1/2023/324x324/250089866.jpg,2022-23
Christopher Lenz,Germany,DEFENDER,UNKNOWN,31,1994-09-22,5,226,0,0,0,1,0,Eintracht Frankfurt,FRA,https://img.uefa.com/imgml/TP/teams/logos/240x240/50072.png,250055958,https://img.uefa.com/imgml/TP/players/1/2023/324x324/250055958.jpg,2022-23
Gonzalo Montiel,Argentina,DEFENDER,UNKNOWN,29,1997-01-01,4,226,1,0,0,2,0,Sevilla FC,SEV,https://img.uefa.com/imgml/TP/teams/logos/240x240/52714.png,250162767,https://img.uefa.com/imgml/TP/players/1/2023/324x324/250162767.jpg,2022-23
Geoffrey Kondogbia,Central African Republic,MIDFIELDER,DEFENSIVE_MIDFIELDER,33,1993-02-15,3,225,0,0,0,2,0,Atlético de Madrid,ATM,https://img.uefa.com/imgml/TP/teams/logos/240x240/50124.png,250014009,https://img.uefa.com/imgml/TP/players/1/2023/324x324/250014009.jpg,2022-23
Abdou Diallo,Senegal,DEFENDER,UNKNOWN,30,1996-05-04,5,224,0,0,0,0,0,RB Leipzig,RBL,https://img.uefa.com/imgml/TP/teams/logos/240x240/2603790.png,250054952,https://img.uefa.com/imgml/TP/players/1/2023/324x324/250054952.jpg,2022-23
Jesús Navas,Spain,FORWARD,FULL_BACK,40,1985-11-21,3,224,0,0,0,0,0,Sevilla FC,SEV,https://img.uefa.com/imgml/TP/teams/logos/240x240/52714.png,69173,https://img.uefa.com/imgml/TP/players/1/2023/324x324/69173.jpg,2022-23
Eric García,Spain,DEFENDER,CENTRE_BACK,25,2001-01-09,4,223,0,1,0,0,0,FC Barcelona,BAR,https://img.uefa.com/imgml/TP/teams/logos/240x240/50080.png,250103561,https://img.uefa.com/imgml/TP/players/1/2023/324x324/250103561.jpg,2022-23
Marcão,Brazil,DEFENDER,CENTRE_BACK,29,1996-06-05,3,223,0,0,0,0,0,Sevilla FC,SEV,https://img.uefa.com/imgml/TP/teams/logos/240x240/52714.png,250128191,https://img.uefa.com/imgml/TP/players/1/2023/324x324/250128191.jpg,2022-23
Rafael Borré,Colombia,FORWARD,STRIKER,30,1995-09-15,8,221,0,0,0,0,0,Eintracht Frankfurt,FRA,https://img.uefa.com/imgml/TP/teams/logos/240x240/50072.png,250100512,https://img.uefa.com/imgml/TP/players/1/2023/324x324/250100512.jpg,2022-23
Marcos Acuña,Argentina,DEFENDER,ATTACKING_MIDFIELDER,34,1991-10-28,4,219,0,1,0,0,0,Sevilla FC,SEV,https://img.uefa.com/imgml/TP/teams/logos/240x240/52714.png,250111308,https://img.uefa.com/imgml/TP/players/1/2023/324x324/250111308.jpg,2022-23
Liel Abada,Israel,MIDFIELDER,UNKNOWN,24,2001-10-03,5,218,0,0,0,0,0,Celtic FC,CEL,https://img.uefa.com/imgml/TP/teams/logos/240x240/50050.png,250108044,https://img.uefa.com/imgml/TP/players/1/2023/324x324/250108044.jpg,2022-23
Andreas  Christensen,Denmark,DEFENDER,CENTRE_BACK,30,1996-04-10,3,218,0,0,0,0,0,FC Barcelona,BAR,https://img.uefa.com/imgml/TP/teams/logos/240x240/50080.png,250041718,https://img.uefa.com/imgml/TP/players/1/2023/324x324/250041718.jpg,2022-23
Callum McGregor,Scotland,MIDFIELDER,WINGER,32,1993-06-14,3,217,0,0,0,0,0,Celtic FC,CEL,https://img.uefa.com/imgml/TP/teams/logos/240x240/50050.png,250014042,https://img.uefa.com/imgml/TP/players/1/2023/324x324/250014042.jpg,2022-23
Charles Aránguiz,Chile,MIDFIELDER,CENTRAL_MIDFIELDER,37,1989-04-17,4,215,0,0,0,0,0,Bayer 04 Leverkusen,LEV,https://img.uefa.com/imgml/TP/teams/logos/240x240/50109.png,250017121,https://img.uefa.com/imgml/TP/players/1/2023/324x324/250017121.jpg,2022-23
Marcos Llorente,Spain,MIDFIELDER,UNKNOWN,31,1995-01-30,3,213,0,0,0,0,0,Atlético de Madrid,ATM,https://img.uefa.com/imgml/TP/teams/logos/240x240/50124.png,250079670,https://img.uefa.com/imgml/TP/players/1/2023/324x324/250079670.jpg,2022-23
Fabio Miretti,Italy,MIDFIELDER,UNKNOWN,22,2003-08-03,5,212,0,0,0,2,0,Juventus,JUV,https://img.uefa.com/imgml/TP/teams/logos/240x240/50139.png,250135575,https://img.uefa.com/imgml/TP/players/1/2023/324x324/250135575.jpg,2022-23
Davy Klaassen,Netherlands,MIDFIELDER,ATTACKING_MIDFIELDER,33,1993-02-21,5,210,1,0,0,0,0,AFC Ajax,AJX,https://img.uefa.com/imgml/TP/teams/logos/240x240/50143.png,250013855,https://img.uefa.com/imgml/TP/players/1/2023/324x324/250013855.jpg,2022-23
Dolev Haziza,Israel,MIDFIELDER,UNKNOWN,30,1995-07-05,3,210,0,1,0,1,0,Maccabi Haifa FC,MHA,https://img.uefa.com/imgml/TP/teams/logos/240x240/59045.png,250092697,https://img.uefa.com/imgml/TP/players/1/2023/324x324/250092697.jpg,2022-23
Matteo Gabbia,Italy,DEFENDER,CENTRE_BACK,26,1999-10-21,4,209,1,0,0,1,0,AC Milan,MIL,https://img.uefa.com/imgml/TP/teams/logos/240x240/50058.png,250091198,https://img.uefa.com/imgml/TP/players/1/2023/324x324/250091198.jpg,2022-23
Oliver Skipp,England,MIDFIELDER,UNKNOWN,25,2000-09-16,4,209,0,0,0,1,0,Tottenham Hotspur,TOT,https://img.uefa.com/imgml/TP/teams/logos/240x240/1652.png,250102485,https://img.uefa.com/imgml/TP/players/1/2023/324x324/250102485.jpg,2022-23
Sergi Roberto,Spain,MIDFIELDER,FULL_BACK,34,1992-02-07,3,207,0,2,0,1,0,FC Barcelona,BAR,https://img.uefa.com/imgml/TP/teams/logos/240x240/50080.png,250006092,https://img.uefa.com/imgml/TP/players/1/2023/324x324/250006092.jpg,2022-23
Juan Jesus,Brazil,DEFENDER,CENTRE_BACK,34,1991-06-10,3,204,0,0,0,2,0,SSC Napoli,NAP,https://img.uefa.com/imgml/TP/teams/logos/240x240/50136.png,250045594,https://img.uefa.com/imgml/TP/players/1/2023/324x324/250045594.jpg,2022-23
Junior Adamu,Austria,FORWARD,UNKNOWN,24,2001-06-06,6,203,1,1,0,1,0,FC Salzburg,SAL,https://img.uefa.com/imgml/TP/teams/logos/240x240/50030.png,250112790,https://img.uefa.com/imgml/TP/players/1/2023/324x324/250112790.jpg,2022-23
Thorgan Hazard,Belgium,MIDFIELDER,ATTACKING_MIDFIELDER,33,1993-03-29,5,201,1,0,0,0,0,Borussia Dortmund,BVB,https://img.uefa.com/imgml/TP/teams/logos/240x240/52758.png,250012551,https://img.uefa.com/imgml/TP/players/1/2023/324x324/250012551.jpg,2022-23
Lucas Vázquez,Spain,DEFENDER,STRIKER,34,1991-07-01,5,201,0,1,0,1,0,Real Madrid C.F.,RMA,https://img.uefa.com/imgml/TP/teams/logos/240x240/50051.png,250040521,https://img.uefa.com/imgml/TP/players/1/2023/324x324/250040521.jpg,2022-23
Luca Pellegrini,Italy,DEFENDER,UNKNOWN,27,1999-03-07,4,200,0,0,0,1,0,Eintracht Frankfurt,FRA,https://img.uefa.com/imgml/TP/teams/logos/240x240/50072.png,250088146,https://img.uefa.com/imgml/TP/players/1/2023/324x324/250088146.jpg,2022-23
Dejan Kulusevski,Sweden,MIDFIELDER,WINGER,26,2000-04-25,4,200,0,0,0,0,0,Tottenham Hotspur,TOT,https://img.uefa.com/imgml/TP/teams/logos/240x240/1652.png,250103985,https://img.uefa.com/imgml/TP/players/1/2023/324x324/250103985.jpg,2022-23
Gilberto,Brazil,DEFENDER,FULL_BACK,33,1993-03-07,5,198,0,0,0,1,0,SL Benfica,BEN,https://img.uefa.com/imgml/TP/teams/logos/240x240/50147.png,250086713,https://img.uefa.com/imgml/TP/players/1/2023/324x324/250086713.jpg,2022-23
Benjamin Henrichs,Germany,DEFENDER,UNKNOWN,29,1997-02-23,7,197,0,0,0,2,0,RB Leipzig,RBL,https://img.uefa.com/imgml/TP/teams/logos/240x240/2603790.png,250058258,https://img.uefa.com/imgml/TP/players/1/2023/324x324/250058258.jpg,2022-23
Leo Østigård,Norway,DEFENDER,UNKNOWN,26,1999-11-28,3,197,1,0,0,0,0,SSC Napoli,NAP,https://img.uefa.com/imgml/TP/teams/logos/240x240/50136.png,250091222,https://img.uefa.com/imgml/TP/players/1/2023/324x324/250091222.jpg,2022-23
Péter Gulácsi,Hungary,GOALKEEPER,GOALKEEPER,36,1990-05-06,3,193,0,0,0,0,0,RB Leipzig,RBL,https://img.uefa.com/imgml/TP/teams/logos/240x240/2603790.png,102420,https://img.uefa.com/imgml/TP/players/1/2023/324x324/102420.jpg,2022-23
Ryan Jack,Scotland,MIDFIELDER,CENTRAL_MIDFIELDER,34,1992-02-27,4,192,0,1,0,1,0,Rangers FC,RAN,https://img.uefa.com/imgml/TP/teams/logos/240x240/50121.png,250005085,https://img.uefa.com/imgml/TP/players/1/2023/324x324/250005085.jpg,2022-23
Jerry St. Juste,Netherlands,DEFENDER,UNKNOWN,29,1996-10-19,4,190,0,0,0,1,0,Sporting Clube de Portugal,SPO,https://img.uefa.com/imgml/TP/teams/logos/240x240/50149.png,250087967,https://img.uefa.com/imgml/TP/players/1/2023/324x324/250087967.jpg,2022-23
Elias Jelert,Denmark,DEFENDER,UNKNOWN,22,2003-06-12,4,190,0,0,0,0,0,F.C. Copenhagen,CPH,https://img.uefa.com/imgml/TP/teams/logos/240x240/52709.png,250159445,https://img.uefa.com/imgml/TP/players/1/2023/324x324/250159445.jpg,2022-23
Marian Shved,Ukraine,MIDFIELDER,WINGER,28,1997-07-16,3,190,2,0,0,0,0,FC Shakhtar Donetsk,SHK,https://img.uefa.com/imgml/TP/teams/logos/240x240/52707.png,250082625,https://img.uefa.com/imgml/TP/players/1/2023/324x324/250082625.jpg,2022-23
Rasmus Falk,Denmark,FORWARD,WINGER,34,1992-01-15,3,189,0,0,0,0,0,F.C. Copenhagen,CPH,https://img.uefa.com/imgml/TP/teams/logos/240x240/52709.png,250004106,https://img.uefa.com/imgml/TP/players/1/2023/324x324/250004106.jpg,2022-23
Sergiño Dest,USA,DEFENDER,FULL_BACK,25,2000-11-03,4,188,0,0,0,0,0,AC Milan,MIL,https://img.uefa.com/imgml/TP/teams/logos/240x240/50058.png,250112998,https://img.uefa.com/imgml/TP/players/1/2023/324x324/250112998.jpg,2022-23
Ferran Torres,Spain,FORWARD,WINGER,26,2000-02-29,5,184,3,1,0,1,0,FC Barcelona,BAR,https://img.uefa.com/imgml/TP/teams/logos/240x240/50080.png,250088320,https://img.uefa.com/imgml/TP/players/1/2023/324x324/250088320.jpg,2022-23
Modou Ndiaye,Senegal,MIDFIELDER,UNKNOWN,29,1996-10-29,4,181,0,0,0,1,0,FC Viktoria Plzeň,PLZ,https://img.uefa.com/imgml/TP/teams/logos/240x240/64388.png,250159100,https://img.uefa.com/imgml/TP/players/1/2023/324x324/250159100.jpg,2022-23
Tanguy Nianzou,France,DEFENDER,UNKNOWN,23,2002-06-07,2,180,1,0,0,0,0,Sevilla FC,SEV,https://img.uefa.com/imgml/TP/teams/logos/240x240/52714.png,250118959,https://img.uefa.com/imgml/TP/players/1/2023/324x324/250118959.jpg,2022-23
Federico Gatti,Italy,DEFENDER,UNKNOWN,27,1998-06-24,2,180,0,0,0,1,0,Juventus,JUV,https://img.uefa.com/imgml/TP/teams/logos/240x240/50139.png,250172907,https://img.uefa.com/imgml/TP/players/1/2023/324x324/250172907.jpg,2022-23
Kike Salas,Spain,DEFENDER,UNKNOWN,24,2002-04-23,2,180,0,0,0,1,0,Sevilla FC,SEV,https://img.uefa.com/imgml/TP/teams/logos/240x240/52714.png,250153668,https://img.uefa.com/imgml/TP/players/1/2023/324x324/250153668.jpg,2022-23
Mattia Perin,Italy,GOALKEEPER,GOALKEEPER,33,1992-11-10,2,180,0,0,0,1,0,Juventus,JUV,https://img.uefa.com/imgml/TP/teams/logos/240x240/50139.png,250007075,https://img.uefa.com/imgml/TP/players/1/2023/324x324/250007075.jpg,2022-23
Andriy Lunin,Ukraine,GOALKEEPER,GOALKEEPER,27,1999-02-11,2,180,0,0,0,0,0,Real Madrid C.F.,RMA,https://img.uefa.com/imgml/TP/teams/logos/240x240/50051.png,250089824,https://img.uefa.com/imgml/TP/players/1/2023/324x324/250089824.jpg,2022-23
Mathew Ryan,Australia,GOALKEEPER,GOALKEEPER,34,1992-04-08,2,180,0,0,0,0,0,F.C. Copenhagen,CPH,https://img.uefa.com/imgml/TP/teams/logos/240x240/52709.png,250062159,https://img.uefa.com/imgml/TP/players/1/2023/324x324/250062159.jpg,2022-23
Héctor Bellerín,Spain,DEFENDER,FULL_BACK,31,1995-03-19,2,180,0,0,0,0,0,FC Barcelona,BAR,https://img.uefa.com/imgml/TP/teams/logos/240x240/50080.png,250047082,https://img.uefa.com/imgml/TP/players/1/2023/324x324/250047082.jpg,2022-23
Stefan Ortega,Germany,GOALKEEPER,UNKNOWN,33,1992-11-06,2,180,0,0,0,0,0,Manchester City,MCI,https://img.uefa.com/imgml/TP/teams/logos/240x240/52919.png,250028705,https://img.uefa.com/imgml/TP/players/1/2023/324x324/250028705.jpg,2022-23
Marko Dmitrović,Serbia,GOALKEEPER,UNKNOWN,34,1992-01-24,2,180,0,0,0,0,0,Sevilla FC,SEV,https://img.uefa.com/imgml/TP/teams/logos/240x240/52714.png,250005610,https://img.uefa.com/imgml/TP/players/1/2023/324x324/250005610.jpg,2022-23
Fraser Forster,Unknown,GOALKEEPER,GOALKEEPER,38,1988-03-17,2,180,0,0,0,0,0,Tottenham Hotspur,TOT,https://img.uefa.com/imgml/TP/teams/logos/240x240/1652.png,100870,https://img.uefa.com/imgml/TP/players/1/2023/324x324/100870.jpg,2022-23
Romelu Lukaku,Belgium,FORWARD,STRIKER,33,1993-05-13,8,177,3,1,1,1,0,FC Internazionale Milano,INT,https://img.uefa.com/imgml/TP/teams/logos/240x240/50138.png,250010802,https://img.uefa.com/imgml/TP/players/1/2023/324x324/250010802.jpg,2022-23
Ivan Petriak,Ukraine,MIDFIELDER,CENTRAL_MIDFIELDER,32,1994-03-13,6,176,0,0,0,0,0,FC Shakhtar Donetsk,SHK,https://img.uefa.com/imgml/TP/teams/logos/240x240/52707.png,250073009,https://img.uefa.com/imgml/TP/players/1/2023/324x324/250073009.jpg,2022-23
Marius Wolf,Germany,MIDFIELDER,WINGER,31,1995-05-27,4,175,0,0,0,1,0,Borussia Dortmund,BVB,https://img.uefa.com/imgml/TP/teams/logos/240x240/52758.png,250088942,https://img.uefa.com/imgml/TP/players/1/2023/324x324/250088942.jpg,2022-23
Lucas Moura,Brazil,FORWARD,WINGER,33,1992-08-13,3,175,0,0,0,0,0,Tottenham Hotspur,TOT,https://img.uefa.com/imgml/TP/teams/logos/240x240/1652.png,250039525,https://img.uefa.com/imgml/TP/players/1/2023/324x324/250039525.jpg,2022-23
Lucas Hernández,France,DEFENDER,CENTRE_BACK,30,1996-02-14,2,174,1,0,0,0,0,FC Bayern München,BAY,https://img.uefa.com/imgml/TP/teams/logos/240x240/50037.png,250063803,https://img.uefa.com/imgml/TP/players/1/2023/324x324/250063803.jpg,2022-23
William Clem,Denmark,MIDFIELDER,UNKNOWN,21,2004-06-20,2,170,0,0,0,0,0,F.C. Copenhagen,CPH,https://img.uefa.com/imgml/TP/teams/logos/240x240/52709.png,250169615,https://img.uefa.com/imgml/TP/players/1/2023/324x324/250169615.jpg,2022-23
Cengiz Ünder,Türkiye,FORWARD,WINGER,28,1997-07-14,6,169,0,0,0,1,0,Olympique de Marseille,MAR,https://img.uefa.com/imgml/TP/teams/logos/240x240/52748.png,250082680,https://img.uefa.com/imgml/TP/players/1/2023/324x324/250082680.jpg,2022-23
Alejandro Balde,Spain,DEFENDER,UNKNOWN,22,2003-10-18,4,168,0,0,0,0,0,FC Barcelona,BAR,https://img.uefa.com/imgml/TP/teams/logos/240x240/50080.png,250135416,https://img.uefa.com/imgml/TP/players/1/2023/324x324/250135416.jpg,2022-23
Mohamed Tijani,Benin,DEFENDER,CENTRE_BACK,28,1997-07-10,3,168,0,0,0,0,0,FC Viktoria Plzeň,PLZ,https://img.uefa.com/imgml/TP/teams/logos/240x240/64388.png,250144289,https://img.uefa.com/imgml/TP/players/1/2023/324x324/250144289.jpg,2022-23
Marcel Halstenberg,Germany,DEFENDER,FULL_BACK,34,1991-09-27,4,166,0,1,0,0,0,RB Leipzig,RBL,https://img.uefa.com/imgml/TP/teams/logos/240x240/2603790.png,250057119,https://img.uefa.com/imgml/TP/players/1/2023/324x324/250057119.jpg,2022-23
Maximilian Wöber,Austria,DEFENDER,CENTRE_BACK,28,1998-02-04,3,166,0,1,0,0,0,FC Salzburg,SAL,https://img.uefa.com/imgml/TP/teams/logos/240x240/50030.png,250081701,https://img.uefa.com/imgml/TP/players/1/2023/324x324/250081701.jpg,2022-23
N'Golo Kanté,France,MIDFIELDER,DEFENSIVE_MIDFIELDER,35,1991-03-29,2,165,0,0,0,0,0,Chelsea FC,CHE,https://img.uefa.com/imgml/TP/teams/logos/240x240/52914.png,250097248,https://img.uefa.com/imgml/TP/players/1/2023/324x324/250097248.jpg,2022-23
Dario Špikić,Croatia,FORWARD,UNKNOWN,27,1999-03-22,6,164,0,0,0,0,0,GNK Dinamo,DIN,https://img.uefa.com/imgml/TP/teams/logos/240x240/50164.png,250092194,https://img.uefa.com/imgml/TP/players/1/2023/324x324/250092194.jpg,2022-23
Carlos Zeca,Greece,MIDFIELDER,CENTRAL_MIDFIELDER,37,1988-08-31,2,162,0,0,0,0,0,F.C. Copenhagen,CPH,https://img.uefa.com/imgml/TP/teams/logos/240x240/52709.png,250039911,https://img.uefa.com/imgml/TP/players/1/2023/324x324/250039911.jpg,2022-23
Clinton Mata,Angola,DEFENDER,FULL_BACK,33,1992-11-07,3,159,0,0,0,0,0,Club Brugge KV,BRU,https://img.uefa.com/imgml/TP/teams/logos/240x240/50043.png,250084887,https://img.uefa.com/imgml/TP/players/1/2023/324x324/250084887.jpg,2022-23
Aurélio Buta,Portugal,DEFENDER,FULL_BACK,29,1997-02-10,2,159,0,0,0,0,0,Eintracht Frankfurt,FRA,https://img.uefa.com/imgml/TP/teams/logos/240x240/50072.png,250066107,https://img.uefa.com/imgml/TP/players/1/2023/324x324/250066107.jpg,2022-23
Tommaso Pobega,Italy,MIDFIELDER,CENTRAL_MIDFIELDER,26,1999-07-15,8,157,1,0,0,1,0,AC Milan,MIL,https://img.uefa.com/imgml/TP/teams/logos/240x240/50058.png,250112117,https://img.uefa.com/imgml/TP/players/1/2023/324x324/250112117.jpg,2022-23
Mario Hermoso,Spain,DEFENDER,UNKNOWN,30,1995-06-18,3,157,1,0,0,1,0,Atlético de Madrid,ATM,https://img.uefa.com/imgml/TP/teams/logos/240x240/50124.png,250063940,https://img.uefa.com/imgml/TP/players/1/2023/324x324/250063940.jpg,2022-23
Danilo D'Ambrosio,Italy,DEFENDER,FULL_BACK,37,1988-09-09,6,156,0,0,0,0,0,FC Internazionale Milano,INT,https://img.uefa.com/imgml/TP/teams/logos/240x240/50138.png,1905811,https://img.uefa.com/imgml/TP/players/1/2023/324x324/1905811.jpg,2022-23
Carlos Soler,Spain,MIDFIELDER,CENTRAL_MIDFIELDER,29,1997-01-02,6,155,1,0,0,0,0,Paris Saint-Germain,PSG,https://img.uefa.com/imgml/TP/teams/logos/240x240/52747.png,250088328,https://img.uefa.com/imgml/TP/players/1/2023/324x324/250088328.jpg,2022-23
Rafa Mir,Spain,FORWARD,UNKNOWN,28,1997-06-18,3,155,1,0,0,1,0,Sevilla FC,SEV,https://img.uefa.com/imgml/TP/teams/logos/240x240/52714.png,250088335,https://img.uefa.com/imgml/TP/players/1/2023/324x324/250088335.jpg,2022-23
Ryan Sessegnon,England,DEFENDER,FULL_BACK,26,2000-05-18,3,154,0,0,0,1,0,Tottenham Hotspur,TOT,https://img.uefa.com/imgml/TP/teams/logos/240x240/1652.png,250097165,https://img.uefa.com/imgml/TP/players/1/2023/324x324/250097165.jpg,2022-23
Franco Israel,Uruguay,GOALKEEPER,UNKNOWN,26,2000-04-22,2,154,0,0,0,0,0,Sporting Clube de Portugal,SPO,https://img.uefa.com/imgml/TP/teams/logos/240x240/50149.png,250124006,https://img.uefa.com/imgml/TP/players/1/2023/324x324/250124006.jpg,2022-23
Cody Gakpo,Netherlands,FORWARD,WINGER,27,1999-05-07,2,153,0,0,0,0,0,Liverpool FC,LIV,https://img.uefa.com/imgml/TP/teams/logos/240x240/7889.png,250096849,https://img.uefa.com/imgml/TP/players/1/2023/324x324/250096849.jpg,2022-23
Aaron Mooy,Australia,MIDFIELDER,UNKNOWN,35,1990-09-15,5,152,0,0,0,0,0,Celtic FC,CEL,https://img.uefa.com/imgml/TP/teams/logos/240x240/50050.png,250040278,https://img.uefa.com/imgml/TP/players/1/2023/324x324/250040278.jpg,2022-23
Jan Sýkora,Czechia,MIDFIELDER,WINGER,32,1993-12-29,2,151,1,0,0,1,0,FC Viktoria Plzeň,PLZ,https://img.uefa.com/imgml/TP/teams/logos/240x240/64388.png,250016829,https://img.uefa.com/imgml/TP/players/1/2023/324x324/250016829.jpg,2022-23
Sead Kolašinac,Bosnia and Herzegovina,DEFENDER,FULL_BACK,32,1993-06-20,4,149,0,0,0,0,0,Olympique de Marseille,MAR,https://img.uefa.com/imgml/TP/teams/logos/240x240/52748.png,250041626,https://img.uefa.com/imgml/TP/players/1/2023/324x324/250041626.jpg,2022-23
Divock Origi,Belgium,FORWARD,STRIKER,31,1995-04-18,8,147,0,0,0,1,0,AC Milan,MIL,https://img.uefa.com/imgml/TP/teams/logos/240x240/50058.png,250042610,https://img.uefa.com/imgml/TP/players/1/2023/324x324/250042610.jpg,2022-23
Jordi Alba,Spain,DEFENDER,FULL_BACK,37,1989-03-21,2,147,0,1,0,0,0,FC Barcelona,BAR,https://img.uefa.com/imgml/TP/teams/logos/240x240/50080.png,250000036,https://img.uefa.com/imgml/TP/players/1/2023/324x324/250000036.jpg,2022-23
Hakim Ziyech,Morocco,MIDFIELDER,CENTRAL_MIDFIELDER,33,1993-03-19,4,146,0,0,0,1,0,Chelsea FC,CHE,https://img.uefa.com/imgml/TP/teams/logos/240x240/52914.png,250053191,https://img.uefa.com/imgml/TP/players/1/2023/324x324/250053191.jpg,2022-23
Ángel Di María,Argentina,FORWARD,UNKNOWN,38,1988-02-14,3,146,0,3,0,0,0,Juventus,JUV,https://img.uefa.com/imgml/TP/teams/logos/240x240/50139.png,1905153,https://img.uefa.com/imgml/TP/players/1/2023/324x324/1905153.jpg,2022-23
Presnel Kimpembe,France,DEFENDER,UNKNOWN,30,1995-08-13,3,146,0,0,0,1,0,Paris Saint-Germain,PSG,https://img.uefa.com/imgml/TP/teams/logos/240x240/52747.png,250064583,https://img.uefa.com/imgml/TP/players/1/2023/324x324/250064583.jpg,2022-23
Sébastien Haller,Ivory Coast,FORWARD,STRIKER,31,1994-06-22,2,145,0,0,0,0,0,Borussia Dortmund,BVB,https://img.uefa.com/imgml/TP/teams/logos/240x240/52758.png,250027043,https://img.uefa.com/imgml/TP/players/1/2023/324x324/250027043.jpg,2022-23
Mathys Tel,France,FORWARD,UNKNOWN,21,2005-04-27,5,140,0,0,0,0,0,FC Bayern München,BAY,https://img.uefa.com/imgml/TP/teams/logos/240x240/50037.png,250140936,https://img.uefa.com/imgml/TP/players/1/2023/324x324/250140936.jpg,2022-23
Renato Sanches,Portugal,MIDFIELDER,CENTRAL_MIDFIELDER,28,1997-08-18,3,140,0,0,0,0,0,Paris Saint-Germain,PSG,https://img.uefa.com/imgml/TP/teams/logos/240x240/52747.png,250058218,https://img.uefa.com/imgml/TP/players/1/2023/324x324/250058218.jpg,2022-23
Wendell,Brazil,DEFENDER,FULL_BACK,32,1993-07-20,6,139,0,0,0,0,0,FC Porto,POR,https://img.uefa.com/imgml/TP/teams/logos/240x240/50064.png,250074376,https://img.uefa.com/imgml/TP/players/1/2023/324x324/250074376.jpg,2022-23
Cole Palmer,England,MIDFIELDER,UNKNOWN,24,2002-05-06,4,137,0,0,0,0,0,Manchester City,MCI,https://img.uefa.com/imgml/TP/teams/logos/240x240/52919.png,250124282,https://img.uefa.com/imgml/TP/players/1/2023/324x324/250124282.jpg,2022-23
Scott Wright,Scotland,FORWARD,WINGER,28,1997-08-08,4,134,0,0,0,0,0,Rangers FC,RAN,https://img.uefa.com/imgml/TP/teams/logos/240x240/50121.png,250068878,https://img.uefa.com/imgml/TP/players/1/2023/324x324/250068878.jpg,2022-23
Dedryck Boyata,Belgium,DEFENDER,CENTRE_BACK,35,1990-11-28,3,134,0,0,0,1,0,Club Brugge KV,BRU,https://img.uefa.com/imgml/TP/teams/logos/240x240/50043.png,250005255,https://img.uefa.com/imgml/TP/players/1/2023/324x324/250005255.jpg,2022-23
Fodé Ballo,Senegal,DEFENDER,UNKNOWN,29,1997-01-03,4,132,0,0,0,2,0,AC Milan,MIL,https://img.uefa.com/imgml/TP/teams/logos/240x240/50058.png,250067064,https://img.uefa.com/imgml/TP/players/1/2023/324x324/250067064.jpg,2022-23
Eden Hazard,Belgium,FORWARD,WINGER,35,1991-01-07,3,131,1,1,0,0,0,Real Madrid C.F.,RMA,https://img.uefa.com/imgml/TP/teams/logos/240x240/50051.png,1902160,https://img.uefa.com/imgml/TP/players/1/2023/324x324/1902160.jpg,2022-23
Fortune Bassey,Nigeria,FORWARD,UNKNOWN,27,1998-10-06,5,130,0,0,0,0,0,FC Viktoria Plzeň,PLZ,https://img.uefa.com/imgml/TP/teams/logos/240x240/64388.png,250173571,https://img.uefa.com/imgml/TP/players/1/2023/324x324/250173571.jpg,2022-23
Petar Musa,Croatia,FORWARD,STRIKER,28,1998-03-04,5,125,2,0,0,1,0,SL Benfica,BEN,https://img.uefa.com/imgml/TP/teams/logos/240x240/50147.png,250138608,https://img.uefa.com/imgml/TP/players/1/2023/324x324/250138608.jpg,2022-23
Kristjan Asllani,Albania,MIDFIELDER,UNKNOWN,24,2002-03-09,5,125,0,0,0,0,0,FC Internazionale Milano,INT,https://img.uefa.com/imgml/TP/teams/logos/240x240/50138.png,250143669,https://img.uefa.com/imgml/TP/players/1/2023/324x324/250143669.jpg,2022-23
Glen Kamara,Finland,MIDFIELDER,DEFENSIVE_MIDFIELDER,30,1995-10-28,4,125,0,0,0,0,0,Rangers FC,RAN,https://img.uefa.com/imgml/TP/teams/logos/240x240/50121.png,250056954,https://img.uefa.com/imgml/TP/players/1/2023/324x324/250056954.jpg,2022-23
Gerson,Brazil,MIDFIELDER,ATTACKING_MIDFIELDER,29,1997-05-20,3,122,0,0,0,0,0,Olympique de Marseille,MAR,https://img.uefa.com/imgml/TP/teams/logos/240x240/52748.png,250100184,https://img.uefa.com/imgml/TP/players/1/2023/324x324/250100184.jpg,2022-23
Hrvoje Smolčić,Croatia,DEFENDER,CENTRE_BACK,25,2000-08-17,3,121,0,0,0,2,0,Eintracht Frankfurt,FRA,https://img.uefa.com/imgml/TP/teams/logos/240x240/50072.png,250129075,https://img.uefa.com/imgml/TP/players/1/2023/324x324/250129075.jpg,2022-23
Nadiem Amiri,Germany,MIDFIELDER,ATTACKING_MIDFIELDER,29,1996-10-27,5,120,0,1,0,0,0,Bayer 04 Leverkusen,LEV,https://img.uefa.com/imgml/TP/teams/logos/240x240/50109.png,250078643,https://img.uefa.com/imgml/TP/players/1/2023/324x324/250078643.jpg,2022-23
Václav Pilař,Czechia,MIDFIELDER,WINGER,37,1988-10-13,5,120,0,0,0,0,0,FC Viktoria Plzeň,PLZ,https://img.uefa.com/imgml/TP/teams/logos/240x240/64388.png,250021555,https://img.uefa.com/imgml/TP/players/1/2023/324x324/250021555.jpg,2022-23
Matheus Cunha,Brazil,FORWARD,STRIKER,27,1999-05-27,5,119,0,0,0,0,0,Atlético de Madrid,ATM,https://img.uefa.com/imgml/TP/teams/logos/240x240/50124.png,250110943,https://img.uefa.com/imgml/TP/players/1/2023/324x324/250110943.jpg,2022-23
Amine Adli,Morocco,FORWARD,UNKNOWN,26,2000-05-10,4,119,0,0,0,0,0,Bayer 04 Leverkusen,LEV,https://img.uefa.com/imgml/TP/teams/logos/240x240/50109.png,250163447,https://img.uefa.com/imgml/TP/players/1/2023/324x324/250163447.jpg,2022-23
Dijon Kameri,Austria,MIDFIELDER,UNKNOWN,22,2004-04-20,4,119,0,0,0,0,0,FC Salzburg,SAL,https://img.uefa.com/imgml/TP/teams/logos/240x240/50030.png,250141023,https://img.uefa.com/imgml/TP/players/1/2023/324x324/250141023.jpg,2022-23
Flávio Nazinho,Portugal,DEFENDER,UNKNOWN,22,2003-07-20,3,119,0,0,0,0,0,Sporting Clube de Portugal,SPO,https://img.uefa.com/imgml/TP/teams/logos/240x240/50149.png,250138395,https://img.uefa.com/imgml/TP/players/1/2023/324x324/250138395.jpg,2022-23
Sotiris Alexandropoulos,Greece,MIDFIELDER,UNKNOWN,24,2001-11-26,3,119,0,0,0,0,0,Sporting Clube de Portugal,SPO,https://img.uefa.com/imgml/TP/teams/logos/240x240/50149.png,250107142,https://img.uefa.com/imgml/TP/players/1/2023/324x324/250107142.jpg,2022-23
Raoul Bellanova,Italy,DEFENDER,FULL_BACK,26,2000-05-17,3,118,0,0,0,0,0,FC Internazionale Milano,INT,https://img.uefa.com/imgml/TP/teams/logos/240x240/50138.png,250091828,https://img.uefa.com/imgml/TP/players/1/2023/324x324/250091828.jpg,2022-23
Rico Lewis,England,DEFENDER,UNKNOWN,21,2004-11-21,2,118,1,0,0,0,0,Manchester City,MCI,https://img.uefa.com/imgml/TP/teams/logos/240x240/52919.png,250139207,https://img.uefa.com/imgml/TP/players/1/2023/324x324/250139207.jpg,2022-23
Brian Brobbey,Netherlands,FORWARD,UNKNOWN,24,2002-02-01,5,114,0,0,0,0,0,AFC Ajax,AJX,https://img.uefa.com/imgml/TP/teams/logos/240x240/50143.png,250112997,https://img.uefa.com/imgml/TP/players/1/2023/324x324/250112997.jpg,2022-23
Fabio Carvalho,Portugal,MIDFIELDER,UNKNOWN,23,2002-08-30,4,113,0,0,0,0,0,Liverpool FC,LIV,https://img.uefa.com/imgml/TP/teams/logos/240x240/7889.png,250117502,https://img.uefa.com/imgml/TP/players/1/2023/324x324/250117502.jpg,2022-23
Roberto Gagliardini,Italy,MIDFIELDER,CENTRAL_MIDFIELDER,32,1994-04-07,6,112,0,0,0,1,0,FC Internazionale Milano,INT,https://img.uefa.com/imgml/TP/teams/logos/240x240/50138.png,250105920,https://img.uefa.com/imgml/TP/players/1/2023/324x324/250105920.jpg,2022-23
Armando Broja,Albania,FORWARD,UNKNOWN,24,2001-09-10,5,112,0,0,0,0,0,Chelsea FC,CHE,https://img.uefa.com/imgml/TP/teams/logos/240x240/52914.png,250113109,https://img.uefa.com/imgml/TP/players/1/2023/324x324/250113109.jpg,2022-23
Luis Suárez,Colombia,FORWARD,STRIKER,28,1997-12-02,4,112,0,0,0,1,0,Olympique de Marseille,MAR,https://img.uefa.com/imgml/TP/teams/logos/240x240/52748.png,250147458,https://img.uefa.com/imgml/TP/players/1/2023/324x324/250147458.jpg,2022-23
Philipp Max,Germany,DEFENDER,FULL_BACK,32,1993-09-30,2,112,0,0,0,0,0,Eintracht Frankfurt,FRA,https://img.uefa.com/imgml/TP/teams/logos/240x240/50072.png,250063666,https://img.uefa.com/imgml/TP/players/1/2023/324x324/250063666.jpg,2022-23
Christian Pulišić,USA,FORWARD,UNKNOWN,27,1998-09-18,5,110,0,1,0,0,0,Chelsea FC,CHE,https://img.uefa.com/imgml/TP/teams/logos/240x240/52914.png,250096698,https://img.uefa.com/imgml/TP/players/1/2023/324x324/250096698.jpg,2022-23
Roman Yaremchuk,Ukraine,FORWARD,STRIKER,30,1995-11-27,4,110,0,0,0,1,0,Club Brugge KV,BRU,https://img.uefa.com/imgml/TP/teams/logos/240x240/50043.png,250047100,https://img.uefa.com/imgml/TP/players/1/2023/324x324/250047100.jpg,2022-23
Arthur Gomes,Brazil,FORWARD,UNKNOWN,27,1998-07-03,3,110,2,0,0,0,0,Sporting Clube de Portugal,SPO,https://img.uefa.com/imgml/TP/teams/logos/240x240/50149.png,250177994,https://img.uefa.com/imgml/TP/players/1/2023/324x324/250177994.jpg,2022-23
Ricardo Esgaio,Portugal,DEFENDER,FULL_BACK,33,1993-05-16,3,110,0,0,0,3,1,Sporting Clube de Portugal,SPO,https://img.uefa.com/imgml/TP/teams/logos/240x240/50149.png,250014114,https://img.uefa.com/imgml/TP/players/1/2023/324x324/250014114.jpg,2022-23
Toni Martínez,Spain,FORWARD,UNKNOWN,28,1997-06-30,7,109,0,0,0,0,0,FC Porto,POR,https://img.uefa.com/imgml/TP/teams/logos/240x240/50064.png,250068973,https://img.uefa.com/imgml/TP/players/1/2023/324x324/250068973.jpg,2022-23
Issa Kaboré,Burkina Faso,DEFENDER,UNKNOWN,25,2001-05-12,4,109,0,0,0,0,0,Olympique de Marseille,MAR,https://img.uefa.com/imgml/TP/teams/logos/240x240/52748.png,250171045,https://img.uefa.com/imgml/TP/players/1/2023/324x324/250171045.jpg,2022-23
Nordi Mukiele,France,DEFENDER,FULL_BACK,28,1997-11-01,4,109,0,0,0,0,0,Paris Saint-Germain,PSG,https://img.uefa.com/imgml/TP/teams/logos/240x240/52747.png,250121329,https://img.uefa.com/imgml/TP/players/1/2023/324x324/250121329.jpg,2022-23
Stefan Bajcetic,Spain,MIDFIELDER,UNKNOWN,21,2004-10-22,4,108,0,0,0,0,0,Liverpool FC,LIV,https://img.uefa.com/imgml/TP/teams/logos/240x240/7889.png,250154416,https://img.uefa.com/imgml/TP/players/1/2023/324x324/250154416.jpg,2022-23
Nicolò Fagioli,Italy,MIDFIELDER,UNKNOWN,25,2001-02-12,2,108,0,0,0,1,0,Juventus,JUV,https://img.uefa.com/imgml/TP/teams/logos/240x240/50139.png,250113237,https://img.uefa.com/imgml/TP/players/1/2023/324x324/250113237.jpg,2022-23
Andreas Cornelius,Denmark,FORWARD,STRIKER,33,1993-03-16,2,108,0,0,0,0,0,F.C. Copenhagen,CPH,https://img.uefa.com/imgml/TP/teams/logos/240x240/52709.png,250041664,https://img.uefa.com/imgml/TP/players/1/2023/324x324/250041664.jpg,2022-23
Moise Kean,Italy,FORWARD,UNKNOWN,26,2000-02-28,5,107,1,0,0,0,0,Juventus,JUV,https://img.uefa.com/imgml/TP/teams/logos/240x240/50139.png,250087919,https://img.uefa.com/imgml/TP/players/1/2023/324x324/250087919.jpg,2022-23
Eduard Sobol,Ukraine,DEFENDER,FULL_BACK,31,1995-04-20,4,107,0,0,0,1,0,Club Brugge KV,BRU,https://img.uefa.com/imgml/TP/teams/logos/240x240/50043.png,250042644,https://img.uefa.com/imgml/TP/players/1/2023/324x324/250042644.jpg,2022-23
Kasper Dolberg,Denmark,FORWARD,UNKNOWN,28,1997-10-06,4,107,0,0,0,0,0,Sevilla FC,SEV,https://img.uefa.com/imgml/TP/teams/logos/240x240/52714.png,250177904,https://img.uefa.com/imgml/TP/players/1/2023/324x324/250177904.jpg,2022-23
Morato,Brazil,DEFENDER,CENTRE_BACK,24,2001-06-30,2,106,0,0,0,0,0,SL Benfica,BEN,https://img.uefa.com/imgml/TP/teams/logos/240x240/50147.png,250135392,https://img.uefa.com/imgml/TP/players/1/2023/324x324/250135392.jpg,2022-23
Thomas Lemar,France,MIDFIELDER,UNKNOWN,30,1995-11-12,2,105,0,0,0,0,0,Atlético de Madrid,ATM,https://img.uefa.com/imgml/TP/teams/logos/240x240/50124.png,250042778,https://img.uefa.com/imgml/TP/players/1/2023/324x324/250042778.jpg,2022-23
Danylo Sikan,Ukraine,FORWARD,STRIKER,25,2001-04-16,4,101,0,1,0,1,0,FC Shakhtar Donetsk,SHK,https://img.uefa.com/imgml/TP/teams/logos/240x240/52707.png,250115487,https://img.uefa.com/imgml/TP/players/1/2023/324x324/250115487.jpg,2022-23
Christian Sørensen,Denmark,DEFENDER,UNKNOWN,33,1992-08-06,5,100,0,0,0,1,0,F.C. Copenhagen,CPH,https://img.uefa.com/imgml/TP/teams/logos/240x240/52709.png,250007241,https://img.uefa.com/imgml/TP/players/1/2023/324x324/250007241.jpg,2022-23
José Marsà,Spain,DEFENDER,UNKNOWN,24,2002-03-04,2,100,0,0,0,0,0,Sporting Clube de Portugal,SPO,https://img.uefa.com/imgml/TP/teams/logos/240x240/50149.png,250123957,https://img.uefa.com/imgml/TP/players/1/2023/324x324/250123957.jpg,2022-23
Curtis Jones,England,MIDFIELDER,UNKNOWN,25,2001-01-30,2,100,0,0,0,0,0,Liverpool FC,LIV,https://img.uefa.com/imgml/TP/teams/logos/240x240/7889.png,250106935,https://img.uefa.com/imgml/TP/players/1/2023/324x324/250106935.jpg,2022-23
David Turnbull,Scotland,FORWARD,CENTRAL_MIDFIELDER,26,1999-07-10,5,99,0,0,0,0,0,Celtic FC,CEL,https://img.uefa.com/imgml/TP/teams/logos/240x240/50050.png,250141857,https://img.uefa.com/imgml/TP/players/1/2023/324x324/250141857.jpg,2022-23
Nicolai Boilesen,Denmark,DEFENDER,FULL_BACK,34,1992-02-16,2,99,0,0,0,0,0,F.C. Copenhagen,CPH,https://img.uefa.com/imgml/TP/teams/logos/240x240/52709.png,1905874,https://img.uefa.com/imgml/TP/players/1/2023/324x324/1905874.jpg,2022-23
Roony Bardghji,Sweden,FORWARD,UNKNOWN,20,2005-11-15,2,98,0,0,0,0,0,F.C. Copenhagen,CPH,https://img.uefa.com/imgml/TP/teams/logos/240x240/52709.png,250165617,https://img.uefa.com/imgml/TP/players/1/2023/324x324/250165617.jpg,2022-23
Pablo Torre,Spain,MIDFIELDER,UNKNOWN,23,2003-04-03,3,94,1,0,0,1,0,FC Barcelona,BAR,https://img.uefa.com/imgml/TP/teams/logos/240x240/50080.png,250168996,https://img.uefa.com/imgml/TP/players/1/2023/324x324/250168996.jpg,2022-23
Rabbi Matondo,Wales,FORWARD,ATTACKING_MIDFIELDER,25,2000-09-09,5,93,0,0,0,0,0,Rangers FC,RAN,https://img.uefa.com/imgml/TP/teams/logos/240x240/50121.png,250091952,https://img.uefa.com/imgml/TP/players/1/2023/324x324/250091952.jpg,2022-23
Mattia De Sciglio,Italy,DEFENDER,FULL_BACK,33,1992-10-20,3,93,0,0,0,0,0,Juventus,JUV,https://img.uefa.com/imgml/TP/teams/logos/240x240/50139.png,250024083,https://img.uefa.com/imgml/TP/players/1/2023/324x324/250024083.jpg,2022-23
Mavis Tchibota,Congo,FORWARD,WINGER,30,1996-05-07,4,92,0,0,0,1,0,Maccabi Haifa FC,MHA,https://img.uefa.com/imgml/TP/teams/logos/240x240/59045.png,250110513,https://img.uefa.com/imgml/TP/players/1/2023/324x324/250110513.jpg,2022-23
Pablo Sarabia,Spain,FORWARD,WINGER,34,1992-05-11,3,91,0,0,0,1,0,Paris Saint-Germain,PSG,https://img.uefa.com/imgml/TP/teams/logos/240x240/52747.png,1909920,https://img.uefa.com/imgml/TP/players/1/2023/324x324/1909920.jpg,2022-23
Josip Drmić,Switzerland,FORWARD,STRIKER,33,1992-08-08,6,90,0,0,0,0,0,GNK Dinamo,DIN,https://img.uefa.com/imgml/TP/teams/logos/240x240/50164.png,250017664,https://img.uefa.com/imgml/TP/players/1/2023/324x324/250017664.jpg,2022-23
James Forrest,Scotland,MIDFIELDER,WINGER,34,1991-07-07,3,90,0,0,0,0,0,Celtic FC,CEL,https://img.uefa.com/imgml/TP/teams/logos/240x240/50050.png,1909868,https://img.uefa.com/imgml/TP/players/1/2023/324x324/1909868.jpg,2022-23
Exequiel Palacios,Argentina,MIDFIELDER,CENTRAL_MIDFIELDER,27,1998-10-05,2,90,0,0,0,2,0,Bayer 04 Leverkusen,LEV,https://img.uefa.com/imgml/TP/teams/logos/240x240/50109.png,250138928,https://img.uefa.com/imgml/TP/players/1/2023/324x324/250138928.jpg,2022-23
Felix Passlack,Germany,MIDFIELDER,FULL_BACK,28,1998-05-29,1,90,0,1,0,0,0,Borussia Dortmund,BVB,https://img.uefa.com/imgml/TP/teams/logos/240x240/52758.png,250076274,https://img.uefa.com/imgml/TP/players/1/2023/324x324/250076274.jpg,2022-23
Pape Sarr,Senegal,MIDFIELDER,UNKNOWN,23,2002-09-14,1,90,0,0,0,0,0,Tottenham Hotspur,TOT,https://img.uefa.com/imgml/TP/teams/logos/240x240/1652.png,250174777,https://img.uefa.com/imgml/TP/players/1/2023/324x324/250174777.jpg,2022-23
Marián Tvrdoň,Slovakia,GOALKEEPER,UNKNOWN,31,1994-08-18,1,90,0,0,0,0,0,FC Viktoria Plzeň,PLZ,https://img.uefa.com/imgml/TP/teams/logos/240x240/64388.png,250159115,https://img.uefa.com/imgml/TP/players/1/2023/324x324/250159115.jpg,2022-23
Edouard Mendy,Senegal,GOALKEEPER,GOALKEEPER,34,1992-03-01,1,90,0,0,0,0,0,Chelsea FC,CHE,https://img.uefa.com/imgml/TP/teams/logos/240x240/52914.png,250134380,https://img.uefa.com/imgml/TP/players/1/2023/324x324/250134380.jpg,2022-23
Ronald Araújo,Uruguay,DEFENDER,UNKNOWN,27,1999-03-07,1,90,0,0,0,0,0,FC Barcelona,BAR,https://img.uefa.com/imgml/TP/teams/logos/240x240/50080.png,250134170,https://img.uefa.com/imgml/TP/players/1/2023/324x324/250134170.jpg,2022-23
Jon McLaughlin,Scotland,GOALKEEPER,GOALKEEPER,38,1987-09-09,1,90,0,0,0,0,0,Rangers FC,RAN,https://img.uefa.com/imgml/TP/teams/logos/240x240/50121.png,250118480,https://img.uefa.com/imgml/TP/players/1/2023/324x324/250118480.jpg,2022-23
Jack Hendry,Scotland,DEFENDER,CENTRE_BACK,31,1995-05-07,1,90,0,0,0,0,0,Club Brugge KV,BRU,https://img.uefa.com/imgml/TP/teams/logos/240x240/50043.png,250117436,https://img.uefa.com/imgml/TP/players/1/2023/324x324/250117436.jpg,2022-23
Rıdvan Yılmaz,Türkiye,DEFENDER,FULL_BACK,25,2001-05-21,1,90,0,0,0,0,0,Rangers FC,RAN,https://img.uefa.com/imgml/TP/teams/logos/240x240/50121.png,250108732,https://img.uefa.com/imgml/TP/players/1/2023/324x324/250108732.jpg,2022-23
Stephen Welsh,Scotland,DEFENDER,CENTRE_BACK,26,2000-01-19,1,90,0,0,0,0,0,Celtic FC,CEL,https://img.uefa.com/imgml/TP/teams/logos/240x240/50050.png,250101698,https://img.uefa.com/imgml/TP/players/1/2023/324x324/250101698.jpg,2022-23
Felipe,Brazil,DEFENDER,UNKNOWN,37,1989-05-16,1,90,0,0,0,0,0,Atlético de Madrid,ATM,https://img.uefa.com/imgml/TP/teams/logos/240x240/50124.png,250100014,https://img.uefa.com/imgml/TP/players/1/2023/324x324/250100014.jpg,2022-23
Iñaki Peña,Spain,GOALKEEPER,UNKNOWN,27,1999-03-02,1,90,0,0,0,0,0,FC Barcelona,BAR,https://img.uefa.com/imgml/TP/teams/logos/240x240/50080.png,250081721,https://img.uefa.com/imgml/TP/players/1/2023/324x324/250081721.jpg,2022-23
Carl Starfelt,Sweden,DEFENDER,UNKNOWN,31,1995-06-01,1,90,0,0,0,0,0,Celtic FC,CEL,https://img.uefa.com/imgml/TP/teams/logos/240x240/50050.png,250071301,https://img.uefa.com/imgml/TP/players/1/2023/324x324/250071301.jpg,2022-23
Ivo Grbić,Croatia,GOALKEEPER,UNKNOWN,30,1996-01-18,1,90,0,0,0,0,0,Atlético de Madrid,ATM,https://img.uefa.com/imgml/TP/teams/logos/240x240/50124.png,250056074,https://img.uefa.com/imgml/TP/players/1/2023/324x324/250056074.jpg,2022-23
Daniele Rugani,Italy,DEFENDER,CENTRE_BACK,31,1994-07-29,1,90,0,0,0,0,0,Juventus,JUV,https://img.uefa.com/imgml/TP/teams/logos/240x240/50139.png,250024963,https://img.uefa.com/imgml/TP/players/1/2023/324x324/250024963.jpg,2022-23
Karim Rekik,Netherlands,DEFENDER,CENTRE_BACK,31,1994-12-02,1,90,0,0,0,0,0,Sevilla FC,SEV,https://img.uefa.com/imgml/TP/teams/logos/240x240/52714.png,250024856,https://img.uefa.com/imgml/TP/players/1/2023/324x324/250024856.jpg,2022-23
Fernando,Brazil,MIDFIELDER,DEFENSIVE_MIDFIELDER,38,1987-07-25,1,90,0,0,0,0,0,Sevilla FC,SEV,https://img.uefa.com/imgml/TP/teams/logos/240x240/52714.png,250003327,https://img.uefa.com/imgml/TP/players/1/2023/324x324/250003327.jpg,2022-23
Yves Bissouma,Mali,MIDFIELDER,UNKNOWN,29,1996-08-30,3,89,0,0,0,0,0,Tottenham Hotspur,TOT,https://img.uefa.com/imgml/TP/teams/logos/240x240/1652.png,250099553,https://img.uefa.com/imgml/TP/players/1/2023/324x324/250099553.jpg,2022-23
Fatawu Issahaku,Ghana,FORWARD,UNKNOWN,22,2004-03-08,2,87,0,0,0,0,0,Sporting Clube de Portugal,SPO,https://img.uefa.com/imgml/TP/teams/logos/240x240/50149.png,250177499,https://img.uefa.com/imgml/TP/players/1/2023/324x324/250177499.jpg,2022-23
Neven Djurasek,Croatia,MIDFIELDER,UNKNOWN,27,1998-08-15,5,86,0,0,0,1,0,FC Shakhtar Donetsk,SHK,https://img.uefa.com/imgml/TP/teams/logos/240x240/52707.png,250081635,https://img.uefa.com/imgml/TP/players/1/2023/324x324/250081635.jpg,2022-23
Yosef Raz Meir,Israel,DEFENDER,UNKNOWN,29,1996-11-30,2,83,0,0,0,0,0,Maccabi Haifa FC,MHA,https://img.uefa.com/imgml/TP/teams/logos/240x240/59045.png,250056095,https://img.uefa.com/imgml/TP/players/1/2023/324x324/250056095.jpg,2022-23
Jan Kopic,Czechia,MIDFIELDER,WINGER,36,1990-06-04,2,83,0,0,0,0,0,FC Viktoria Plzeň,PLZ,https://img.uefa.com/imgml/TP/teams/logos/240x240/64388.png,250034779,https://img.uefa.com/imgml/TP/players/1/2023/324x324/250034779.jpg,2022-23
Warren Zaïre-Emery,France,MIDFIELDER,DEFENSIVE_MIDFIELDER,20,2006-03-08,3,82,0,0,0,0,0,Paris Saint-Germain,PSG,https://img.uefa.com/imgml/TP/teams/logos/240x240/52747.png,250153849,https://img.uefa.com/imgml/TP/players/1/2023/324x324/250153849.jpg,2022-23
Dani Ceballos,Spain,MIDFIELDER,CENTRAL_MIDFIELDER,29,1996-08-07,7,81,0,0,0,0,0,Real Madrid C.F.,RMA,https://img.uefa.com/imgml/TP/teams/logos/240x240/50051.png,250086709,https://img.uefa.com/imgml/TP/players/1/2023/324x324/250086709.jpg,2022-23
Dimitri Payet,France,FORWARD,WINGER,39,1987-03-29,2,77,0,0,0,0,0,Olympique de Marseille,MAR,https://img.uefa.com/imgml/TP/teams/logos/240x240/52748.png,1901409,https://img.uefa.com/imgml/TP/players/1/2023/324x324/1901409.jpg,2022-23
Owen Wijndal,Netherlands,DEFENDER,UNKNOWN,26,1999-11-28,2,76,0,1,0,0,0,AFC Ajax,AJX,https://img.uefa.com/imgml/TP/teams/logos/240x240/50143.png,250097317,https://img.uefa.com/imgml/TP/players/1/2023/324x324/250097317.jpg,2022-23
Matt Doherty,Republic of Ireland,DEFENDER,FULL_BACK,34,1992-01-16,2,76,0,0,0,0,0,Tottenham Hotspur,TOT,https://img.uefa.com/imgml/TP/teams/logos/240x240/1652.png,250027820,https://img.uefa.com/imgml/TP/players/1/2023/324x324/250027820.jpg,2022-23
Kévin Théophile-Catherine,France,DEFENDER,FULL_BACK,36,1989-10-28,1,76,0,0,0,0,0,GNK Dinamo,DIN,https://img.uefa.com/imgml/TP/teams/logos/240x240/50164.png,250000679,https://img.uefa.com/imgml/TP/players/1/2023/324x324/250000679.jpg,2022-23
Denis Zakaria,Switzerland,MIDFIELDER,CENTRAL_MIDFIELDER,29,1996-11-20,2,73,1,0,0,0,0,Chelsea FC,CHE,https://img.uefa.com/imgml/TP/teams/logos/240x240/52914.png,250079677,https://img.uefa.com/imgml/TP/players/1/2023/324x324/250079677.jpg,2022-23
Bruno Costa,Portugal,MIDFIELDER,CENTRAL_MIDFIELDER,29,1997-04-19,3,71,0,0,0,0,0,FC Porto,POR,https://img.uefa.com/imgml/TP/teams/logos/240x240/50064.png,250063924,https://img.uefa.com/imgml/TP/players/1/2023/324x324/250063924.jpg,2022-23
Faride Alidou,Germany,FORWARD,UNKNOWN,24,2001-07-18,5,70,1,0,0,0,0,Eintracht Frankfurt,FRA,https://img.uefa.com/imgml/TP/teams/logos/240x240/50072.png,250171244,https://img.uefa.com/imgml/TP/players/1/2023/324x324/250171244.jpg,2022-23
Yussuf Poulsen,Denmark,FORWARD,STRIKER,31,1994-06-15,5,68,0,0,0,0,0,RB Leipzig,RBL,https://img.uefa.com/imgml/TP/teams/logos/240x240/2603790.png,250022869,https://img.uefa.com/imgml/TP/players/1/2023/324x324/250022869.jpg,2022-23
Fernando,Brazil,FORWARD,STRIKER,27,1999-03-01,1,65,0,1,0,0,0,FC Salzburg,SAL,https://img.uefa.com/imgml/TP/teams/logos/240x240/50030.png,250121492,https://img.uefa.com/imgml/TP/players/1/2023/324x324/250121492.jpg,2022-23
Dani Olmo,Spain,FORWARD,WINGER,28,1998-05-07,3,62,0,1,0,0,0,RB Leipzig,RBL,https://img.uefa.com/imgml/TP/teams/logos/240x240/2603790.png,250081720,https://img.uefa.com/imgml/TP/players/1/2023/324x324/250081720.jpg,2022-23
Oliver Abildgaard,Denmark,MIDFIELDER,UNKNOWN,29,1996-06-10,2,61,0,0,0,0,0,Celtic FC,CEL,https://img.uefa.com/imgml/TP/teams/logos/240x240/50050.png,250081189,https://img.uefa.com/imgml/TP/players/1/2023/324x324/250081189.jpg,2022-23
Tom Rothe,Germany,DEFENDER,UNKNOWN,21,2004-10-29,3,59,0,0,0,0,0,Borussia Dortmund,BVB,https://img.uefa.com/imgml/TP/teams/logos/240x240/52758.png,250163042,https://img.uefa.com/imgml/TP/players/1/2023/324x324/250163042.jpg,2022-23
Hugo Ekitiké,France,FORWARD,UNKNOWN,23,2002-06-20,4,58,0,0,0,0,0,Paris Saint-Germain,PSG,https://img.uefa.com/imgml/TP/teams/logos/240x240/52747.png,250144643,https://img.uefa.com/imgml/TP/players/1/2023/324x324/250144643.jpg,2022-23
Martin Baturina,Croatia,MIDFIELDER,ATTACKING_MIDFIELDER,23,2003-02-16,5,56,0,0,0,1,0,GNK Dinamo,DIN,https://img.uefa.com/imgml/TP/teams/logos/240x240/50164.png,250140940,https://img.uefa.com/imgml/TP/players/1/2023/324x324/250140940.jpg,2022-23
Sun Menachem,Israel,DEFENDER,UNKNOWN,32,1993-09-07,4,56,0,0,0,1,0,Maccabi Haifa FC,MHA,https://img.uefa.com/imgml/TP/teams/logos/240x240/59045.png,250099175,https://img.uefa.com/imgml/TP/players/1/2023/324x324/250099175.jpg,2022-23
Lukas Klostermann,Germany,DEFENDER,FULL_BACK,30,1996-06-03,2,56,0,0,0,0,0,RB Leipzig,RBL,https://img.uefa.com/imgml/TP/teams/logos/240x240/2603790.png,250058260,https://img.uefa.com/imgml/TP/players/1/2023/324x324/250058260.jpg,2022-23
Florian Grillitsch,Austria,MIDFIELDER,CENTRAL_MIDFIELDER,30,1995-08-07,5,55,0,0,0,0,0,AFC Ajax,AJX,https://img.uefa.com/imgml/TP/teams/logos/240x240/50143.png,250041706,https://img.uefa.com/imgml/TP/players/1/2023/324x324/250041706.jpg,2022-23
Antonio Nusa,Norway,MIDFIELDER,UNKNOWN,21,2005-04-17,4,54,1,0,0,0,0,Club Brugge KV,BRU,https://img.uefa.com/imgml/TP/teams/logos/240x240/50043.png,250163400,https://img.uefa.com/imgml/TP/players/1/2023/324x324/250163400.jpg,2022-23
Alessio Zerbin,Italy,FORWARD,UNKNOWN,27,1999-03-03,3,54,0,0,0,0,0,SSC Napoli,NAP,https://img.uefa.com/imgml/TP/teams/logos/240x240/50136.png,250112609,https://img.uefa.com/imgml/TP/players/1/2023/324x324/250112609.jpg,2022-23
Danny Namaso,England,FORWARD,UNKNOWN,25,2000-08-28,3,51,0,0,0,0,0,FC Porto,POR,https://img.uefa.com/imgml/TP/teams/logos/240x240/50064.png,250104093,https://img.uefa.com/imgml/TP/players/1/2023/324x324/250104093.jpg,2022-23
Adnan Januzaj,Belgium,MIDFIELDER,WINGER,31,1995-02-05,3,49,0,0,0,0,0,Sevilla FC,SEV,https://img.uefa.com/imgml/TP/teams/logos/240x240/52714.png,250064531,https://img.uefa.com/imgml/TP/players/1/2023/324x324/250064531.jpg,2022-23
Paulinho,Brazil,FORWARD,WINGER,25,2000-07-15,2,48,0,0,0,1,0,Bayer 04 Leverkusen,LEV,https://img.uefa.com/imgml/TP/teams/logos/240x240/50109.png,250122712,https://img.uefa.com/imgml/TP/players/1/2023/324x324/250122712.jpg,2022-23
Éder Balanta,Colombia,DEFENDER,DEFENSIVE_MIDFIELDER,33,1993-02-28,4,46,0,0,0,0,0,Club Brugge KV,BRU,https://img.uefa.com/imgml/TP/teams/logos/240x240/50043.png,250067467,https://img.uefa.com/imgml/TP/players/1/2023/324x324/250067467.jpg,2022-23
Jan Kliment,Czechia,FORWARD,UNKNOWN,32,1993-09-01,1,45,1,0,0,0,0,FC Viktoria Plzeň,PLZ,https://img.uefa.com/imgml/TP/teams/logos/240x240/64388.png,250042994,https://img.uefa.com/imgml/TP/players/1/2023/324x324/250042994.jpg,2022-23
El Chadaille Bitshiabu,France,DEFENDER,UNKNOWN,21,2005-05-16,1,45,0,0,0,0,0,Paris Saint-Germain,PSG,https://img.uefa.com/imgml/TP/teams/logos/240x240/52747.png,250153851,https://img.uefa.com/imgml/TP/players/1/2023/324x324/250153851.jpg,2022-23
Mamoudou Karamoko,France,FORWARD,STRIKER,26,1999-06-08,1,45,0,0,0,0,0,F.C. Copenhagen,CPH,https://img.uefa.com/imgml/TP/teams/logos/240x240/52709.png,250138972,https://img.uefa.com/imgml/TP/players/1/2023/324x324/250138972.jpg,2022-23
Gabriel Veron,Brazil,FORWARD,UNKNOWN,23,2002-09-03,3,44,0,0,0,0,0,FC Porto,POR,https://img.uefa.com/imgml/TP/teams/logos/240x240/50064.png,250174943,https://img.uefa.com/imgml/TP/players/1/2023/324x324/250174943.jpg,2022-23
Joshua Wilson-Esbrand,England,DEFENDER,UNKNOWN,23,2002-12-26,2,44,0,0,0,0,0,Manchester City,MCI,https://img.uefa.com/imgml/TP/teams/logos/240x240/52919.png,250138239,https://img.uefa.com/imgml/TP/players/1/2023/324x324/250138239.jpg,2022-23
Nikita Rukavytsya,Australia,FORWARD,UNKNOWN,38,1987-06-22,6,43,0,0,0,0,0,Maccabi Haifa FC,MHA,https://img.uefa.com/imgml/TP/teams/logos/240x240/59045.png,250006718,https://img.uefa.com/imgml/TP/players/1/2023/324x324/250006718.jpg,2022-23
Paul Mukairu,Nigeria,MIDFIELDER,UNKNOWN,26,2000-01-18,3,42,0,0,0,0,0,F.C. Copenhagen,CPH,https://img.uefa.com/imgml/TP/teams/logos/240x240/52709.png,250175535,https://img.uefa.com/imgml/TP/players/1/2023/324x324/250175535.jpg,2022-23
Matias Soulé,Argentina,FORWARD,UNKNOWN,23,2003-04-15,3,41,0,0,0,0,0,Juventus,JUV,https://img.uefa.com/imgml/TP/teams/logos/240x240/50139.png,250140929,https://img.uefa.com/imgml/TP/players/1/2023/324x324/250140929.jpg,2022-23
Youri Baas,Netherlands,DEFENDER,UNKNOWN,23,2003-03-17,3,41,0,0,0,0,0,AFC Ajax,AJX,https://img.uefa.com/imgml/TP/teams/logos/240x240/50143.png,250128433,https://img.uefa.com/imgml/TP/players/1/2023/324x324/250128433.jpg,2022-23
Gonçalo Guedes,Portugal,FORWARD,WINGER,29,1996-11-29,2,41,0,0,0,0,0,SL Benfica,BEN,https://img.uefa.com/imgml/TP/teams/logos/240x240/50147.png,250054760,https://img.uefa.com/imgml/TP/players/1/2023/324x324/250054760.jpg,2022-23
Kalvin Phillips,England,MIDFIELDER,DEFENSIVE_MIDFIELDER,30,1995-12-02,3,40,0,0,0,0,0,Manchester City,MCI,https://img.uefa.com/imgml/TP/teams/logos/240x240/52919.png,250143242,https://img.uefa.com/imgml/TP/players/1/2023/324x324/250143242.jpg,2022-23
Luís Neto,Portugal,DEFENDER,CENTRE_BACK,38,1988-05-26,1,38,0,0,0,0,0,Sporting Clube de Portugal,SPO,https://img.uefa.com/imgml/TP/teams/logos/240x240/50149.png,250034990,https://img.uefa.com/imgml/TP/players/1/2023/324x324/250034990.jpg,2022-23
Bryan Gil,Spain,FORWARD,WINGER,25,2001-02-11,4,37,0,0,0,0,0,Tottenham Hotspur,TOT,https://img.uefa.com/imgml/TP/teams/logos/240x240/1652.png,250106967,https://img.uefa.com/imgml/TP/players/1/2023/324x324/250106967.jpg,2022-23
Jamie Gittens,England,MIDFIELDER,UNKNOWN,21,2004-08-08,2,37,0,0,0,0,0,Borussia Dortmund,BVB,https://img.uefa.com/imgml/TP/teams/logos/240x240/52758.png,250153402,https://img.uefa.com/imgml/TP/players/1/2023/324x324/250153402.jpg,2022-23
Gonçalo Borges,Portugal,FORWARD,UNKNOWN,25,2001-03-29,4,36,0,0,0,1,0,FC Porto,POR,https://img.uefa.com/imgml/TP/teams/logos/240x240/50064.png,250113342,https://img.uefa.com/imgml/TP/players/1/2023/324x324/250113342.jpg,2022-23
Diogo Gonçalves,Portugal,FORWARD,WINGER,29,1997-02-06,4,36,0,0,0,0,0,SL Benfica,BEN,https://img.uefa.com/imgml/TP/teams/logos/240x240/50147.png,250076224,https://img.uefa.com/imgml/TP/players/1/2023/324x324/250076224.jpg,2022-23
Petar Bočkaj,Croatia,DEFENDER,UNKNOWN,29,1996-07-23,3,36,0,0,0,0,0,GNK Dinamo,DIN,https://img.uefa.com/imgml/TP/teams/logos/240x240/50164.png,250097296,https://img.uefa.com/imgml/TP/players/1/2023/324x324/250097296.jpg,2022-23
Pape Gueye,Senegal,MIDFIELDER,UNKNOWN,27,1999-01-24,3,34,0,0,0,0,0,Olympique de Marseille,MAR,https://img.uefa.com/imgml/TP/teams/logos/240x240/52748.png,250144229,https://img.uefa.com/imgml/TP/players/1/2023/324x324/250144229.jpg,2022-23
Paul Wanner,Austria,MIDFIELDER,UNKNOWN,20,2005-12-23,2,34,0,0,0,0,0,FC Bayern München,BAY,https://img.uefa.com/imgml/TP/teams/logos/240x240/50037.png,250163784,https://img.uefa.com/imgml/TP/players/1/2023/324x324/250163784.jpg,2022-23
Julian Draxler,Germany,UNKNOWN,ATTACKING_MIDFIELDER,32,1993-09-20,3,29,0,0,0,0,0,SL Benfica,BEN,https://img.uefa.com/imgml/TP/teams/logos/240x240/50147.png,250026763,https://img.uefa.com/imgml/TP/players/1/2023/324x324/250026763.jpg,2022-23
Aleš Čermák,Czechia,MIDFIELDER,CENTRAL_MIDFIELDER,31,1994-10-01,3,29,0,0,0,0,0,FC Viktoria Plzeň,PLZ,https://img.uefa.com/imgml/TP/teams/logos/240x240/64388.png,250023076,https://img.uefa.com/imgml/TP/players/1/2023/324x324/250023076.jpg,2022-23
Mateus,Portugal,MIDFIELDER,UNKNOWN,21,2004-07-10,1,29,0,0,0,0,0,Sporting Clube de Portugal,SPO,https://img.uefa.com/imgml/TP/teams/logos/240x240/50149.png,250164933,https://img.uefa.com/imgml/TP/players/1/2023/324x324/250164933.jpg,2022-23
Gianluca Gaetano,Italy,FORWARD,UNKNOWN,26,2000-05-05,3,28,0,0,0,0,0,SSC Napoli,NAP,https://img.uefa.com/imgml/TP/teams/logos/240x240/50136.png,250101412,https://img.uefa.com/imgml/TP/players/1/2023/324x324/250101412.jpg,2022-23
João Neves,Portugal,MIDFIELDER,UNKNOWN,21,2004-09-27,3,27,0,1,0,0,0,SL Benfica,BEN,https://img.uefa.com/imgml/TP/teams/logos/240x240/50147.png,250164991,https://img.uefa.com/imgml/TP/players/1/2023/324x324/250164991.jpg,2022-23
Dário Essugo,Portugal,MIDFIELDER,UNKNOWN,21,2005-03-14,1,27,0,0,0,0,0,Sporting Clube de Portugal,SPO,https://img.uefa.com/imgml/TP/teams/logos/240x240/50149.png,250160998,https://img.uefa.com/imgml/TP/players/1/2023/324x324/250160998.jpg,2022-23
Marko Bulat,Croatia,MIDFIELDER,UNKNOWN,24,2001-09-26,3,26,0,0,0,0,0,GNK Dinamo,DIN,https://img.uefa.com/imgml/TP/teams/logos/240x240/50164.png,250107091,https://img.uefa.com/imgml/TP/players/1/2023/324x324/250107091.jpg,2022-23
Peter Ankersen,Denmark,DEFENDER,FULL_BACK,35,1990-09-22,1,24,0,0,0,0,0,F.C. Copenhagen,CPH,https://img.uefa.com/imgml/TP/teams/logos/240x240/52709.png,250020385,https://img.uefa.com/imgml/TP/players/1/2023/324x324/250020385.jpg,2022-23
Marc Casadó,Spain,DEFENDER,UNKNOWN,22,2003-09-14,1,23,0,0,0,0,0,FC Barcelona,BAR,https://img.uefa.com/imgml/TP/teams/logos/240x240/50080.png,250129965,https://img.uefa.com/imgml/TP/players/1/2023/324x324/250129965.jpg,2022-23
Orri Óskarsson,Iceland,FORWARD,UNKNOWN,21,2004-08-29,2,21,0,0,0,0,0,F.C. Copenhagen,CPH,https://img.uefa.com/imgml/TP/teams/logos/240x240/52709.png,250129690,https://img.uefa.com/imgml/TP/players/1/2023/324x324/250129690.jpg,2022-23
Ofri Arad,Israel,DEFENDER,UNKNOWN,27,1998-09-11,2,20,0,0,0,0,0,Maccabi Haifa FC,MHA,https://img.uefa.com/imgml/TP/teams/logos/240x240/59045.png,250099183,https://img.uefa.com/imgml/TP/players/1/2023/324x324/250099183.jpg,2022-23
Samuel Iling-Junior,England,MIDFIELDER,UNKNOWN,22,2003-10-04,1,20,0,1,0,0,0,Juventus,JUV,https://img.uefa.com/imgml/TP/teams/logos/240x240/50139.png,250128385,https://img.uefa.com/imgml/TP/players/1/2023/324x324/250128385.jpg,2022-23
André Franco,Portugal,MIDFIELDER,UNKNOWN,28,1998-04-12,1,20,0,0,0,0,0,FC Porto,POR,https://img.uefa.com/imgml/TP/teams/logos/240x240/50064.png,250102294,https://img.uefa.com/imgml/TP/players/1/2023/324x324/250102294.jpg,2022-23
Mahir Emreli,Azerbaijan,FORWARD,WINGER,28,1997-07-01,1,20,0,0,0,0,0,GNK Dinamo,DIN,https://img.uefa.com/imgml/TP/teams/logos/240x240/50164.png,250056341,https://img.uefa.com/imgml/TP/players/1/2023/324x324/250056341.jpg,2022-23
Davinson Sánchez,Colombia,DEFENDER,CENTRE_BACK,29,1996-06-12,2,19,0,0,0,0,0,Tottenham Hotspur,TOT,https://img.uefa.com/imgml/TP/teams/logos/240x240/1652.png,250099374,https://img.uefa.com/imgml/TP/players/1/2023/324x324/250099374.jpg,2022-23
Lucas Alario,Argentina,FORWARD,STRIKER,33,1992-10-08,2,18,0,0,0,0,0,Eintracht Frankfurt,FRA,https://img.uefa.com/imgml/TP/teams/logos/240x240/50072.png,250122711,https://img.uefa.com/imgml/TP/players/1/2023/324x324/250122711.jpg,2022-23
Sékou Koita,Mali,FORWARD,STRIKER,26,1999-11-28,2,18,0,0,0,0,0,FC Salzburg,SAL,https://img.uefa.com/imgml/TP/teams/logos/240x240/50030.png,250117359,https://img.uefa.com/imgml/TP/players/1/2023/324x324/250117359.jpg,2022-23
Soumaïla Coulibaly,France,DEFENDER,UNKNOWN,22,2003-10-14,1,18,0,0,0,0,0,Borussia Dortmund,BVB,https://img.uefa.com/imgml/TP/teams/logos/240x240/52758.png,250135672,https://img.uefa.com/imgml/TP/players/1/2023/324x324/250135672.jpg,2022-23
Julian Ryerson,Norway,DEFENDER,UNKNOWN,28,1997-11-17,1,17,0,0,0,1,0,Borussia Dortmund,BVB,https://img.uefa.com/imgml/TP/teams/logos/240x240/52758.png,250092517,https://img.uefa.com/imgml/TP/players/1/2023/324x324/250092517.jpg,2022-23
Japhet Tanganga,England,DEFENDER,CENTRE_BACK,27,1999-03-31,1,17,0,0,0,0,0,Tottenham Hotspur,TOT,https://img.uefa.com/imgml/TP/teams/logos/240x240/1652.png,250089312,https://img.uefa.com/imgml/TP/players/1/2023/324x324/250089312.jpg,2022-23
Jesús Vallejo,Spain,DEFENDER,CENTRE_BACK,29,1997-01-05,1,17,0,0,0,0,0,Real Madrid C.F.,RMA,https://img.uefa.com/imgml/TP/teams/logos/240x240/50051.png,250065307,https://img.uefa.com/imgml/TP/players/1/2023/324x324/250065307.jpg,2022-23
Rochinha,Portugal,FORWARD,WINGER,31,1995-05-03,1,17,0,0,0,0,0,Sporting Clube de Portugal,SPO,https://img.uefa.com/imgml/TP/teams/logos/240x240/50149.png,250064486,https://img.uefa.com/imgml/TP/players/1/2023/324x324/250064486.jpg,2022-23
Alex Oxlade-Chamberlain,England,MIDFIELDER,WINGER,32,1993-08-15,1,17,0,0,0,0,0,Liverpool FC,LIV,https://img.uefa.com/imgml/TP/teams/logos/240x240/7889.png,250021048,https://img.uefa.com/imgml/TP/players/1/2023/324x324/250021048.jpg,2022-23
Roko Šimić,Croatia,FORWARD,UNKNOWN,22,2003-09-10,2,16,0,0,0,0,0,FC Salzburg,SAL,https://img.uefa.com/imgml/TP/teams/logos/240x240/50030.png,250129734,https://img.uefa.com/imgml/TP/players/1/2023/324x324/250129734.jpg,2022-23
Federico Chiesa,Italy,FORWARD,ATTACKING_MIDFIELDER,28,1997-10-25,1,16,0,0,0,0,0,Juventus,JUV,https://img.uefa.com/imgml/TP/teams/logos/240x240/50139.png,250090398,https://img.uefa.com/imgml/TP/players/1/2023/324x324/250090398.jpg,2022-23
Andriy Totovytskyi,Ukraine,MIDFIELDER,CENTRAL_MIDFIELDER,33,1993-01-20,1,16,0,0,0,0,0,FC Shakhtar Donetsk,SHK,https://img.uefa.com/imgml/TP/teams/logos/240x240/52707.png,250066468,https://img.uefa.com/imgml/TP/players/1/2023/324x324/250066468.jpg,2022-23
Mats Rits,Belgium,MIDFIELDER,DEFENSIVE_MIDFIELDER,32,1993-07-18,1,16,0,0,0,0,0,Club Brugge KV,BRU,https://img.uefa.com/imgml/TP/teams/logos/240x240/50043.png,250012557,https://img.uefa.com/imgml/TP/players/1/2023/324x324/250012557.jpg,2022-23
Lucas Ocampos,Argentina,FORWARD,WINGER,31,1994-07-11,2,15,0,0,0,0,0,AFC Ajax,AJX,https://img.uefa.com/imgml/TP/teams/logos/240x240/50143.png,250067936,https://img.uefa.com/imgml/TP/players/1/2023/324x324/250067936.jpg,2022-23
Memphis Depay,Netherlands,FORWARD,WINGER,32,1994-02-13,1,15,0,0,0,0,0,FC Barcelona,BAR,https://img.uefa.com/imgml/TP/teams/logos/240x240/50080.png,250024860,https://img.uefa.com/imgml/TP/players/1/2023/324x324/250024860.jpg,2022-23
Francisco Conceição,Portugal,FORWARD,UNKNOWN,23,2002-12-14,3,14,1,0,0,1,0,AFC Ajax,AJX,https://img.uefa.com/imgml/TP/teams/logos/240x240/50143.png,250117405,https://img.uefa.com/imgml/TP/players/1/2023/324x324/250117405.jpg,2022-23
Rodrigo Pinho,Brazil,FORWARD,UNKNOWN,35,1991-05-30,2,14,0,0,0,0,0,SL Benfica,BEN,https://img.uefa.com/imgml/TP/teams/logos/240x240/50147.png,250086135,https://img.uefa.com/imgml/TP/players/1/2023/324x324/250086135.jpg,2022-23
Valentin Carboni,Argentina,MIDFIELDER,UNKNOWN,21,2005-03-05,1,14,0,0,0,1,0,FC Internazionale Milano,INT,https://img.uefa.com/imgml/TP/teams/logos/240x240/50138.png,250163406,https://img.uefa.com/imgml/TP/players/1/2023/324x324/250163406.jpg,2022-23
Rasmus Lauritsen,Denmark,DEFENDER,CENTRE_BACK,30,1996-02-27,1,14,0,0,0,0,0,GNK Dinamo,DIN,https://img.uefa.com/imgml/TP/teams/logos/240x240/50164.png,250074851,https://img.uefa.com/imgml/TP/players/1/2023/324x324/250074851.jpg,2022-23
Oleh Ocheretko,Ukraine,MIDFIELDER,UNKNOWN,23,2003-05-25,1,13,0,0,0,0,0,FC Shakhtar Donetsk,SHK,https://img.uefa.com/imgml/TP/teams/logos/240x240/52707.png,250134776,https://img.uefa.com/imgml/TP/players/1/2023/324x324/250134776.jpg,2022-23
Arthur,Brazil,MIDFIELDER,UNKNOWN,29,1996-08-12,1,13,0,0,0,0,0,Liverpool FC,LIV,https://img.uefa.com/imgml/TP/teams/logos/240x240/7889.png,250121747,https://img.uefa.com/imgml/TP/players/1/2023/324x324/250121747.jpg,2022-23
Álvaro Sanz,Spain,MIDFIELDER,UNKNOWN,25,2001-02-14,1,13,0,0,0,0,0,FC Barcelona,BAR,https://img.uefa.com/imgml/TP/teams/logos/240x240/50080.png,250113177,https://img.uefa.com/imgml/TP/players/1/2023/324x324/250113177.jpg,2022-23
Suf Podgoreanu,Israel,FORWARD,UNKNOWN,24,2002-01-20,1,12,0,0,0,0,0,Maccabi Haifa FC,MHA,https://img.uefa.com/imgml/TP/teams/logos/240x240/59045.png,250114007,https://img.uefa.com/imgml/TP/players/1/2023/324x324/250114007.jpg,2022-23
Jovane Cabral,Cape Verde Islands,FORWARD,STRIKER,27,1998-06-14,1,12,0,0,0,0,0,Sporting Clube de Portugal,SPO,https://img.uefa.com/imgml/TP/teams/logos/240x240/50149.png,250104995,https://img.uefa.com/imgml/TP/players/1/2023/324x324/250104995.jpg,2022-23
Cyle Larin,Canada,FORWARD,STRIKER,31,1995-04-17,1,12,0,0,0,0,0,Club Brugge KV,BRU,https://img.uefa.com/imgml/TP/teams/logos/240x240/50043.png,250070343,https://img.uefa.com/imgml/TP/players/1/2023/324x324/250070343.jpg,2022-23
Timothy Chandler,USA,DEFENDER,FULL_BACK,36,1990-03-29,1,11,0,0,0,0,0,Eintracht Frankfurt,FRA,https://img.uefa.com/imgml/TP/teams/logos/240x240/50072.png,250036205,https://img.uefa.com/imgml/TP/players/1/2023/324x324/250036205.jpg,2022-23
Alessandro Zanoli,Italy,DEFENDER,UNKNOWN,25,2000-10-03,2,10,0,0,0,0,0,SSC Napoli,NAP,https://img.uefa.com/imgml/TP/teams/logos/240x240/50136.png,250124296,https://img.uefa.com/imgml/TP/players/1/2023/324x324/250124296.jpg,2022-23
Alexandro Bernabei,Argentina,DEFENDER,FULL_BACK,25,2000-09-24,1,10,0,0,0,0,0,Celtic FC,CEL,https://img.uefa.com/imgml/TP/teams/logos/240x240/50050.png,250173900,https://img.uefa.com/imgml/TP/players/1/2023/324x324/250173900.jpg,2022-23
Lynnt Audoor,Belgium,MIDFIELDER,UNKNOWN,22,2003-10-13,1,10,0,0,0,0,0,Club Brugge KV,BRU,https://img.uefa.com/imgml/TP/teams/logos/240x240/50043.png,250130405,https://img.uefa.com/imgml/TP/players/1/2023/324x324/250130405.jpg,2022-23
Dmytro Kryskiv,Ukraine,MIDFIELDER,UNKNOWN,25,2000-10-06,1,9,0,0,0,0,0,FC Shakhtar Donetsk,SHK,https://img.uefa.com/imgml/TP/teams/logos/240x240/52707.png,250112978,https://img.uefa.com/imgml/TP/players/1/2023/324x324/250112978.jpg,2022-23
Arnaut Danjuma,Netherlands,MIDFIELDER,STRIKER,29,1997-01-31,1,9,0,0,0,0,0,Tottenham Hotspur,TOT,https://img.uefa.com/imgml/TP/teams/logos/240x240/1652.png,250088104,https://img.uefa.com/imgml/TP/players/1/2023/324x324/250088104.jpg,2022-23
Antonios Papadopoulos,Germany,DEFENDER,UNKNOWN,26,1999-09-10,2,8,0,0,0,0,0,Borussia Dortmund,BVB,https://img.uefa.com/imgml/TP/teams/logos/240x240/52758.png,250160939,https://img.uefa.com/imgml/TP/players/1/2023/324x324/250160939.jpg,2022-23
Henrique Araújo,Portugal,FORWARD,STRIKER,24,2002-01-19,1,8,1,0,0,0,0,SL Benfica,BEN,https://img.uefa.com/imgml/TP/teams/logos/240x240/50147.png,250135390,https://img.uefa.com/imgml/TP/players/1/2023/324x324/250135390.jpg,2022-23
James McCarthy,Republic of Ireland,MIDFIELDER,CENTRAL_MIDFIELDER,35,1990-11-12,1,8,0,0,0,0,0,Celtic FC,CEL,https://img.uefa.com/imgml/TP/teams/logos/240x240/50050.png,1901607,https://img.uefa.com/imgml/TP/players/1/2023/324x324/1901607.jpg,2022-23
Timothy Fosu-Mensah,Netherlands,DEFENDER,FULL_BACK,28,1998-01-02,3,7,0,0,0,0,0,Bayer 04 Leverkusen,LEV,https://img.uefa.com/imgml/TP/teams/logos/240x240/50109.png,250079052,https://img.uefa.com/imgml/TP/players/1/2023/324x324/250079052.jpg,2022-23
Bernardo Folha,Portugal,MIDFIELDER,UNKNOWN,24,2002-03-23,2,7,0,0,0,0,0,FC Porto,POR,https://img.uefa.com/imgml/TP/teams/logos/240x240/50064.png,250135929,https://img.uefa.com/imgml/TP/players/1/2023/324x324/250135929.jpg,2022-23
Cisse Sandra,Belgium,MIDFIELDER,UNKNOWN,22,2003-12-16,1,7,0,0,0,0,0,Club Brugge KV,BRU,https://img.uefa.com/imgml/TP/teams/logos/240x240/50043.png,250135248,https://img.uefa.com/imgml/TP/players/1/2023/324x324/250135248.jpg,2022-23
Alex Lowry,Scotland,MIDFIELDER,CENTRAL_MIDFIELDER,22,2003-06-23,1,7,0,0,0,0,0,Rangers FC,RAN,https://img.uefa.com/imgml/TP/teams/logos/240x240/50121.png,250131683,https://img.uefa.com/imgml/TP/players/1/2023/324x324/250131683.jpg,2022-23
Antonio Marin,Croatia,MIDFIELDER,WINGER,25,2001-01-09,1,6,0,0,0,1,0,GNK Dinamo,DIN,https://img.uefa.com/imgml/TP/teams/logos/240x240/50164.png,250100907,https://img.uefa.com/imgml/TP/players/1/2023/324x324/250100907.jpg,2022-23
Sardar Azmoun,Iran,FORWARD,STRIKER,31,1995-01-01,2,5,0,0,0,0,0,Bayer 04 Leverkusen,LEV,https://img.uefa.com/imgml/TP/teams/logos/240x240/50109.png,250061030,https://img.uefa.com/imgml/TP/players/1/2023/324x324/250061030.jpg,2022-23
Serhiy Kryvtsov,Ukraine,DEFENDER,CENTRE_BACK,35,1991-03-15,2,5,0,0,0,0,0,FC Shakhtar Donetsk,SHK,https://img.uefa.com/imgml/TP/teams/logos/240x240/52707.png,107955,https://img.uefa.com/imgml/TP/players/1/2023/324x324/107955.jpg,2022-23
Pablo Barrios,Spain,MIDFIELDER,UNKNOWN,22,2003-06-15,1,5,0,0,0,0,0,Atlético de Madrid,ATM,https://img.uefa.com/imgml/TP/teams/logos/240x240/50124.png,250139036,https://img.uefa.com/imgml/TP/players/1/2023/324x324/250139036.jpg,2022-23
Mariano Díaz,Dominican Rep,FORWARD,STRIKER,32,1993-08-01,1,5,0,0,0,0,0,Real Madrid C.F.,RMA,https://img.uefa.com/imgml/TP/teams/logos/240x240/50051.png,250096713,https://img.uefa.com/imgml/TP/players/1/2023/324x324/250096713.jpg,2022-23
Lucas Verissimo,Brazil,DEFENDER,CENTRE_BACK,30,1995-07-02,2,4,0,0,0,0,0,SL Benfica,BEN,https://img.uefa.com/imgml/TP/teams/logos/240x240/50147.png,250153376,https://img.uefa.com/imgml/TP/players/1/2023/324x324/250153376.jpg,2022-23
Rodrigo Conceição,Portugal,DEFENDER,UNKNOWN,26,2000-01-02,2,3,0,0,0,0,0,FC Porto,POR,https://img.uefa.com/imgml/TP/teams/logos/240x240/50064.png,250103421,https://img.uefa.com/imgml/TP/players/1/2023/324x324/250103421.jpg,2022-23
Calvin Ramsay,Scotland,DEFENDER,UNKNOWN,22,2003-07-31,1,3,0,0,0,0,0,Liverpool FC,LIV,https://img.uefa.com/imgml/TP/teams/logos/240x240/7889.png,250128490,https://img.uefa.com/imgml/TP/players/1/2023/324x324/250128490.jpg,2022-23
Tommaso Barbieri,Italy,DEFENDER,UNKNOWN,23,2002-08-26,1,2,0,0,0,0,0,Juventus,JUV,https://img.uefa.com/imgml/TP/teams/logos/240x240/50139.png,250154330,https://img.uefa.com/imgml/TP/players/1/2023/324x324/250154330.jpg,2022-23
Enzo Barrenechea,Argentina,MIDFIELDER,UNKNOWN,25,2001-05-22,1,2,0,0,0,0,0,Juventus,JUV,https://img.uefa.com/imgml/TP/teams/logos/240x240/50139.png,250139154,https://img.uefa.com/imgml/TP/players/1/2023/324x324/250139154.jpg,2022-23
Hugo Novoa,Spain,MIDFIELDER,UNKNOWN,23,2003-01-24,1,2,0,0,0,0,0,RB Leipzig,RBL,https://img.uefa.com/imgml/TP/teams/logos/240x240/2603790.png,250129973,https://img.uefa.com/imgml/TP/players/1/2023/324x324/250129973.jpg,2022-23
Adam Kronus,Czechia,FORWARD,UNKNOWN,23,2002-07-29,1,2,0,0,0,0,0,FC Viktoria Plzeň,PLZ,https://img.uefa.com/imgml/TP/teams/logos/240x240/64388.png,250124367,https://img.uefa.com/imgml/TP/players/1/2023/324x324/250124367.jpg,2022-23
Jorne Spileers,Belgium,DEFENDER,UNKNOWN,21,2005-01-21,1,1,0,0,0,0,0,Club Brugge KV,BRU,https://img.uefa.com/imgml/TP/teams/logos/240x240/50043.png,250153677,https://img.uefa.com/imgml/TP/players/1/2023/324x324/250153677.jpg,2022-23
Andreas Schjelderup,Norway,FORWARD,UNKNOWN,22,2004-06-01,1,1,0,0,0,0,0,SL Benfica,BEN,https://img.uefa.com/imgml/TP/teams/logos/240x240/50147.png,250138999,https://img.uefa.com/imgml/TP/players/1/2023/324x324/250138999.jpg,2022-23
Alex Cordaz,Italy,GOALKEEPER,UNKNOWN,43,1983-01-01,0,0,0,0,0,0,0,FC Internazionale Milano,INT,https://img.uefa.com/imgml/TP/teams/logos/240x240/50138.png,72454,https://img.uefa.com/imgml/TP/players/1/2023/324x324/72454.jpg,2022-23
Scott Carson,England,GOALKEEPER,UNKNOWN,40,1985-09-03,0,0,0,0,0,0,0,Manchester City,MCI,https://img.uefa.com/imgml/TP/teams/logos/240x240/52919.png,69178,https://img.uefa.com/imgml/TP/players/1/2023/324x324/69178.jpg,2022-23
Samir Handanovič,Slovenia,GOALKEEPER,GOALKEEPER,41,1984-07-14,0,0,0,0,0,0,0,FC Internazionale Milano,INT,https://img.uefa.com/imgml/TP/teams/logos/240x240/50138.png,68842,https://img.uefa.com/imgml/TP/players/1/2023/324x324/68842.jpg,2022-23
Antonio Mirante,Italy,GOALKEEPER,GOALKEEPER,42,1983-07-08,0,0,0,0,0,0,0,AC Milan,MIL,https://img.uefa.com/imgml/TP/teams/logos/240x240/50058.png,63838,https://img.uefa.com/imgml/TP/players/1/2023/324x324/63838.jpg,2022-23
Alexander Robertson,Scotland,MIDFIELDER,UNKNOWN,23,2003-04-17,0,0,0,0,0,0,0,Manchester City,MCI,https://img.uefa.com/imgml/TP/teams/logos/240x240/52919.png,250182815,https://img.uefa.com/imgml/TP/players/1/2023/324x324/250182815.jpg,2022-23
Máximo Perrone,Argentina,MIDFIELDER,UNKNOWN,23,2003-01-07,0,0,0,0,0,0,0,Manchester City,MCI,https://img.uefa.com/imgml/TP/teams/logos/240x240/52919.png,250182150,https://img.uefa.com/imgml/TP/players/1/2023/324x324/250182150.jpg,2022-23
Samuel Portugal,Brazil,GOALKEEPER,UNKNOWN,32,1994-03-29,0,0,0,0,0,0,0,FC Porto,POR,https://img.uefa.com/imgml/TP/teams/logos/240x240/50064.png,250177963,https://img.uefa.com/imgml/TP/players/1/2023/324x324/250177963.jpg,2022-23
Álvaro Rodríguez,Spain,FORWARD,STRIKER,21,2004-07-14,0,0,0,0,0,0,0,Real Madrid C.F.,RMA,https://img.uefa.com/imgml/TP/teams/logos/240x240/50051.png,250169301,https://img.uefa.com/imgml/TP/players/1/2023/324x324/250169301.jpg,2022-23
Carney Chukwuemeka,Austria,MIDFIELDER,UNKNOWN,22,2003-10-20,0,0,0,0,0,0,0,Chelsea FC,CHE,https://img.uefa.com/imgml/TP/teams/logos/240x240/52914.png,250169276,https://img.uefa.com/imgml/TP/players/1/2023/324x324/250169276.jpg,2022-23
Mario Martín,Spain,MIDFIELDER,UNKNOWN,22,2004-03-05,0,0,0,0,0,0,0,Real Madrid C.F.,RMA,https://img.uefa.com/imgml/TP/teams/logos/240x240/50051.png,250168870,https://img.uefa.com/imgml/TP/players/1/2023/324x324/250168870.jpg,2022-23
Jannik Horz,Germany,GOALKEEPER,UNKNOWN,23,2003-04-14,0,0,0,0,0,0,0,Eintracht Frankfurt,FRA,https://img.uefa.com/imgml/TP/teams/logos/240x240/50072.png,250165358,https://img.uefa.com/imgml/TP/players/1/2023/324x324/250165358.jpg,2022-23
André Gomes,Portugal,GOALKEEPER,UNKNOWN,21,2004-10-20,0,0,0,0,0,0,0,SL Benfica,BEN,https://img.uefa.com/imgml/TP/teams/logos/240x240/50147.png,250164989,https://img.uefa.com/imgml/TP/players/1/2023/324x324/250164989.jpg,2022-23
Lapo Nava,Italy,GOALKEEPER,UNKNOWN,22,2004-01-22,0,0,0,0,0,0,0,AC Milan,MIL,https://img.uefa.com/imgml/TP/teams/logos/240x240/50058.png,250164068,https://img.uefa.com/imgml/TP/players/1/2023/324x324/250164068.jpg,2022-23
Shea Charles,Northern Ireland,DEFENDER,UNKNOWN,22,2003-11-05,0,0,0,0,0,0,0,Manchester City,MCI,https://img.uefa.com/imgml/TP/teams/logos/240x240/52919.png,250163415,https://img.uefa.com/imgml/TP/players/1/2023/324x324/250163415.jpg,2022-23
Aleksandar Stanković,Serbia,MIDFIELDER,UNKNOWN,20,2005-08-03,0,0,0,0,0,0,0,FC Internazionale Milano,INT,https://img.uefa.com/imgml/TP/teams/logos/240x240/50138.png,250163409,https://img.uefa.com/imgml/TP/players/1/2023/324x324/250163409.jpg,2022-23
Ismael Gharbi,Spain,MIDFIELDER,UNKNOWN,22,2004-04-10,0,0,0,0,0,0,0,Paris Saint-Germain,PSG,https://img.uefa.com/imgml/TP/teams/logos/240x240/52747.png,250153856,https://img.uefa.com/imgml/TP/players/1/2023/324x324/250153856.jpg,2022-23
Chemsdine Talbi,Belgium,MIDFIELDER,UNKNOWN,21,2005-05-09,0,0,0,0,0,0,0,Club Brugge KV,BRU,https://img.uefa.com/imgml/TP/teams/logos/240x240/50043.png,250153701,https://img.uefa.com/imgml/TP/players/1/2023/324x324/250153701.jpg,2022-23
Jonas Nickisch,Germany,GOALKEEPER,UNKNOWN,22,2004-05-21,0,0,0,0,0,0,0,RB Leipzig,RBL,https://img.uefa.com/imgml/TP/teams/logos/240x240/2603790.png,250153439,https://img.uefa.com/imgml/TP/players/1/2023/324x324/250153439.jpg,2022-23
Sanoussy Ba,Germany,DEFENDER,UNKNOWN,22,2004-01-05,0,0,0,0,0,0,0,RB Leipzig,RBL,https://img.uefa.com/imgml/TP/teams/logos/240x240/2603790.png,250153431,https://img.uefa.com/imgml/TP/players/1/2023/324x324/250153431.jpg,2022-23
Alfie Devine,England,MIDFIELDER,STRIKER,21,2004-08-01,0,0,0,0,0,0,0,Tottenham Hotspur,TOT,https://img.uefa.com/imgml/TP/teams/logos/240x240/1652.png,250145329,https://img.uefa.com/imgml/TP/players/1/2023/324x324/250145329.jpg,2022-23
Arijon Ibrahimović,Germany,MIDFIELDER,UNKNOWN,20,2005-12-11,0,0,0,0,0,0,0,FC Bayern München,BAY,https://img.uefa.com/imgml/TP/teams/logos/240x240/50037.png,250139387,https://img.uefa.com/imgml/TP/players/1/2023/324x324/250139387.jpg,2022-23
Cher Ndour,Italy,MIDFIELDER,UNKNOWN,21,2004-07-27,0,0,0,0,0,0,0,SL Benfica,BEN,https://img.uefa.com/imgml/TP/teams/logos/240x240/50147.png,250139232,https://img.uefa.com/imgml/TP/players/1/2023/324x324/250139232.jpg,2022-23
Lewis Hall,England,DEFENDER,UNKNOWN,21,2004-09-08,0,0,0,0,0,0,0,Chelsea FC,CHE,https://img.uefa.com/imgml/TP/teams/logos/240x240/52914.png,250139204,https://img.uefa.com/imgml/TP/players/1/2023/324x324/250139204.jpg,2022-23
Mattia Zanotti,Italy,DEFENDER,UNKNOWN,23,2003-01-11,0,0,0,0,0,0,0,FC Internazionale Milano,INT,https://img.uefa.com/imgml/TP/teams/logos/240x240/50138.png,250137621,https://img.uefa.com/imgml/TP/players/1/2023/324x324/250137621.jpg,2022-23
Diant Ramaj,Germany,GOALKEEPER,UNKNOWN,24,2001-09-19,0,0,0,0,0,0,0,Eintracht Frankfurt,FRA,https://img.uefa.com/imgml/TP/teams/logos/240x240/50072.png,250137491,https://img.uefa.com/imgml/TP/players/1/2023/324x324/250137491.jpg,2022-23
Johannes Schenk,Germany,GOALKEEPER,UNKNOWN,23,2003-01-13,0,0,0,0,0,0,0,FC Bayern München,BAY,https://img.uefa.com/imgml/TP/teams/logos/240x240/50037.png,250135003,https://img.uefa.com/imgml/TP/players/1/2023/324x324/250135003.jpg,2022-23
João Tomé,Portugal,DEFENDER,UNKNOWN,23,2003-02-12,0,0,0,0,0,0,0,SL Benfica,BEN,https://img.uefa.com/imgml/TP/teams/logos/240x240/50147.png,250128460,https://img.uefa.com/imgml/TP/players/1/2023/324x324/250128460.jpg,2022-23
Vasco Sousa,Portugal,MIDFIELDER,UNKNOWN,23,2003-04-03,0,0,0,0,0,0,0,FC Porto,POR,https://img.uefa.com/imgml/TP/teams/logos/240x240/50064.png,250128456,https://img.uefa.com/imgml/TP/players/1/2023/324x324/250128456.jpg,2022-23
Luis López,Spain,GOALKEEPER,UNKNOWN,25,2001-05-08,0,0,0,0,0,0,0,Real Madrid C.F.,RMA,https://img.uefa.com/imgml/TP/teams/logos/240x240/50051.png,250125053,https://img.uefa.com/imgml/TP/players/1/2023/324x324/250125053.jpg,2022-23
Hubert Idasiak,Poland,GOALKEEPER,GOALKEEPER,24,2002-02-03,0,0,0,0,0,0,0,SSC Napoli,NAP,https://img.uefa.com/imgml/TP/teams/logos/240x240/50136.png,250124307,https://img.uefa.com/imgml/TP/players/1/2023/324x324/250124307.jpg,2022-23
Timothee Pembele,France,DEFENDER,UNKNOWN,23,2002-09-09,0,0,0,0,0,0,0,Paris Saint-Germain,PSG,https://img.uefa.com/imgml/TP/teams/logos/240x240/52747.png,250124026,https://img.uefa.com/imgml/TP/players/1/2023/324x324/250124026.jpg,2022-23
Lucas Bergström,Finland,GOALKEEPER,UNKNOWN,23,2002-09-05,0,0,0,0,0,0,0,Chelsea FC,CHE,https://img.uefa.com/imgml/TP/teams/logos/240x240/52914.png,250118935,https://img.uefa.com/imgml/TP/players/1/2023/324x324/250118935.jpg,2022-23
Rafael Rodrigues,Portugal,DEFENDER,UNKNOWN,24,2002-01-27,0,0,0,0,0,0,0,SL Benfica,BEN,https://img.uefa.com/imgml/TP/teams/logos/240x240/50147.png,250117418,https://img.uefa.com/imgml/TP/players/1/2023/324x324/250117418.jpg,2022-23
Samuel Soares,Portugal,GOALKEEPER,GOALKEEPER,23,2002-06-15,0,0,0,0,0,0,0,SL Benfica,BEN,https://img.uefa.com/imgml/TP/teams/logos/240x240/50147.png,250117408,https://img.uefa.com/imgml/TP/players/1/2023/324x324/250117408.jpg,2022-23
Rhys Williams,England,DEFENDER,UNKNOWN,25,2001-02-03,0,0,0,0,0,0,0,Liverpool FC,LIV,https://img.uefa.com/imgml/TP/teams/logos/240x240/7889.png,250113274,https://img.uefa.com/imgml/TP/players/1/2023/324x324/250113274.jpg,2022-23
Sergio Arribas,Spain,MIDFIELDER,UNKNOWN,24,2001-09-30,0,0,0,0,0,0,0,Real Madrid C.F.,RMA,https://img.uefa.com/imgml/TP/teams/logos/240x240/50051.png,250112325,https://img.uefa.com/imgml/TP/players/1/2023/324x324/250112325.jpg,2022-23
Josef Bursik,England,GOALKEEPER,UNKNOWN,25,2000-07-12,0,0,0,0,0,0,0,Club Brugge KV,BRU,https://img.uefa.com/imgml/TP/teams/logos/240x240/50043.png,250107491,https://img.uefa.com/imgml/TP/players/1/2023/324x324/250107491.jpg,2022-23
Brandon Austin,England,GOALKEEPER,GOALKEEPER,27,1999-01-08,0,0,0,0,0,0,0,Tottenham Hotspur,TOT,https://img.uefa.com/imgml/TP/teams/logos/240x240/1652.png,250102468,https://img.uefa.com/imgml/TP/players/1/2023/324x324/250102468.jpg,2022-23
Casper Tengstedt,Denmark,FORWARD,UNKNOWN,26,2000-06-01,0,0,0,0,0,0,0,SL Benfica,BEN,https://img.uefa.com/imgml/TP/teams/logos/240x240/50147.png,250101874,https://img.uefa.com/imgml/TP/players/1/2023/324x324/250101874.jpg,2022-23
Luca Unbehaun,Germany,GOALKEEPER,UNKNOWN,25,2001-02-27,0,0,0,0,0,0,0,Borussia Dortmund,BVB,https://img.uefa.com/imgml/TP/teams/logos/240x240/52758.png,250101345,https://img.uefa.com/imgml/TP/players/1/2023/324x324/250101345.jpg,2022-23
Alfie Whiteman,England,GOALKEEPER,GOALKEEPER,27,1998-10-02,0,0,0,0,0,0,0,Tottenham Hotspur,TOT,https://img.uefa.com/imgml/TP/teams/logos/240x240/1652.png,250096354,https://img.uefa.com/imgml/TP/players/1/2023/324x324/250096354.jpg,2022-23
Bouna Sarr,Senegal,DEFENDER,FULL_BACK,34,1992-01-31,0,0,0,0,0,0,0,FC Bayern München,BAY,https://img.uefa.com/imgml/TP/teams/logos/240x240/50037.png,250086985,https://img.uefa.com/imgml/TP/players/1/2023/324x324/250086985.jpg,2022-23
Adrián,Spain,GOALKEEPER,UNKNOWN,39,1987-01-03,0,0,0,0,0,0,0,Liverpool FC,LIV,https://img.uefa.com/imgml/TP/teams/logos/240x240/7889.png,250083695,https://img.uefa.com/imgml/TP/players/1/2023/324x324/250083695.jpg,2022-23
Caoimhín Kelleher,Republic of Ireland,GOALKEEPER,UNKNOWN,27,1998-11-23,0,0,0,0,0,0,0,Liverpool FC,LIV,https://img.uefa.com/imgml/TP/teams/logos/240x240/7889.png,250077750,https://img.uefa.com/imgml/TP/players/1/2023/324x324/250077750.jpg,2022-23
Almamy Touré,France,DEFENDER,FULL_BACK,30,1996-04-28,0,0,0,0,0,0,0,Eintracht Frankfurt,FRA,https://img.uefa.com/imgml/TP/teams/logos/240x240/50072.png,250075828,https://img.uefa.com/imgml/TP/players/1/2023/324x324/250075828.jpg,2022-23
Mahmoud Dahoud,Germany,MIDFIELDER,CENTRAL_MIDFIELDER,30,1996-01-01,0,0,0,0,0,0,0,Borussia Dortmund,BVB,https://img.uefa.com/imgml/TP/teams/logos/240x240/52758.png,250074777,https://img.uefa.com/imgml/TP/players/1/2023/324x324/250074777.jpg,2022-23
Naby Keïta,Rep of Guinea,MIDFIELDER,CENTRAL_MIDFIELDER,31,1995-02-10,0,0,0,0,0,0,0,Liverpool FC,LIV,https://img.uefa.com/imgml/TP/teams/logos/240x240/7889.png,250073741,https://img.uefa.com/imgml/TP/players/1/2023/324x324/250073741.jpg,2022-23
Álvaro Odriozola,Spain,DEFENDER,FULL_BACK,30,1995-12-14,0,0,0,0,0,0,0,Real Madrid C.F.,RMA,https://img.uefa.com/imgml/TP/teams/logos/240x240/50051.png,250064469,https://img.uefa.com/imgml/TP/players/1/2023/324x324/250064469.jpg,2022-23
Sergio Rico,Spain,GOALKEEPER,GOALKEEPER,32,1993-09-01,0,0,0,0,0,0,0,Paris Saint-Germain,PSG,https://img.uefa.com/imgml/TP/teams/logos/240x240/52747.png,250062440,https://img.uefa.com/imgml/TP/players/1/2023/324x324/250062440.jpg,2022-23
Pierluigi Gollini,Italy,GOALKEEPER,GOALKEEPER,31,1995-03-18,0,0,0,0,0,0,0,SSC Napoli,NAP,https://img.uefa.com/imgml/TP/teams/logos/240x240/50136.png,250058930,https://img.uefa.com/imgml/TP/players/1/2023/324x324/250058930.jpg,2022-23
Alessandro Florenzi,Italy,DEFENDER,CENTRAL_MIDFIELDER,35,1991-03-11,0,0,0,0,0,0,0,AC Milan,MIL,https://img.uefa.com/imgml/TP/teams/logos/240x240/50058.png,250026962,https://img.uefa.com/imgml/TP/players/1/2023/324x324/250026962.jpg,2022-23
Alexandre Letellier,France,GOALKEEPER,UNKNOWN,35,1990-12-11,0,0,0,0,0,0,0,Paris Saint-Germain,PSG,https://img.uefa.com/imgml/TP/teams/logos/240x240/52747.png,250025058,https://img.uefa.com/imgml/TP/players/1/2023/324x324/250025058.jpg,2022-23
Bartosz Bereszyński,Poland,DEFENDER,CENTRE_BACK,33,1992-07-12,0,0,0,0,0,0,0,SSC Napoli,NAP,https://img.uefa.com/imgml/TP/teams/logos/240x240/50136.png,250020213,https://img.uefa.com/imgml/TP/players/1/2023/324x324/250020213.jpg,2022-23
Marcus Bettinelli,England,GOALKEEPER,UNKNOWN,34,1992-05-24,0,0,0,0,0,0,0,Chelsea FC,CHE,https://img.uefa.com/imgml/TP/teams/logos/240x240/52914.png,250011491,https://img.uefa.com/imgml/TP/players/1/2023/324x324/250011491.jpg,2022-23
Stefan de Vrij,Netherlands,DEFENDER,CENTRE_BACK,34,1992-02-05,0,0,0,0,0,0,0,FC Internazionale Milano,INT,https://img.uefa.com/imgml/TP/teams/logos/240x240/50138.png,250006229,https://img.uefa.com/imgml/TP/players/1/2023/324x324/250006229.jpg,2022-23
Cláudio Ramos,Portugal,GOALKEEPER,UNKNOWN,34,1991-11-16,0,0,0,0,0,0,0,FC Porto,POR,https://img.uefa.com/imgml/TP/teams/logos/240x240/50064.png,1909059,https://img.uefa.com/imgml/TP/players/1/2023/324x324/1909059.jpg,2022-23
Ørjan Nyland,Norway,GOALKEEPER,UNKNOWN,35,1990-09-10,0,0,0,0,0,0,0,RB Leipzig,RBL,https://img.uefa.com/imgml/TP/teams/logos/240x240/2603790.png,108923,https://img.uefa.com/imgml/TP/players/1/2023/324x324/108923.jpg,2022-23
