name,nation,position,detailed_position,age,birth_date,matches_played,minutes_played,goals,assists,penalties_scored,yellow_cards,red_cards,team_name,team_code,team_logo_url,player_id,player_image_url,season
Willian Pacho,Ecuador,DEFENDER,UNKNOWN,24,2001-10-16,17,1542,0,0,0,0,0,Paris Saint-Germain,PSG,https://img.uefa.com/imgml/TP/teams/logos/240x240/52747.png,250174126,https://img.uefa.com/imgml/TP/players/1/2025/324x324/250174126.jpg,2024-25
Achraf Hakimi,Morocco,DEFENDER,WINGER,27,1998-11-04,17,1540,4,5,0,3,0,Paris Saint-Germain,PSG,https://img.uefa.com/imgml/TP/teams/logos/240x240/52747.png,250088061,https://img.uefa.com/imgml/TP/players/1/2025/324x324/250088061.jpg,2024-25
Nuno Mendes,Portugal,DEFENDER,FULL_BACK,23,2002-06-19,16,1449,4,2,0,4,0,Paris Saint-Germain,PSG,https://img.uefa.com/imgml/TP/teams/logos/240x240/52747.png,250136465,https://img.uefa.com/imgml/TP/players/1/2025/324x324/250136465.jpg,2024-25
Vitinha,Portugal,MIDFIELDER,UNKNOWN,26,2000-02-13,17,1448,2,2,1,0,0,Paris Saint-Germain,PSG,https://img.uefa.com/imgml/TP/teams/logos/240x240/52747.png,250101444,https://img.uefa.com/imgml/TP/players/1/2025/324x324/250101444.jpg,2024-25
Marquinhos,Brazil,DEFENDER,CENTRE_BACK,32,1994-05-14,16,1439,0,0,0,3,0,Paris Saint-Germain,PSG,https://img.uefa.com/imgml/TP/teams/logos/240x240/52747.png,250064064,https://img.uefa.com/imgml/TP/players/1/2025/324x324/250064064.jpg,2024-25
João Neves,Portugal,MIDFIELDER,UNKNOWN,21,2004-09-27,17,1435,1,1,0,2,0,Paris Saint-Germain,PSG,https://img.uefa.com/imgml/TP/teams/logos/240x240/52747.png,250164991,https://img.uefa.com/imgml/TP/players/1/2025/324x324/250164991.jpg,2024-25
Gianluigi Donnarumma,Italy,GOALKEEPER,GOALKEEPER,27,1999-02-25,15,1380,0,0,0,0,0,Paris Saint-Germain,PSG,https://img.uefa.com/imgml/TP/teams/logos/240x240/52747.png,250078922,https://img.uefa.com/imgml/TP/players/1/2025/324x324/250078922.jpg,2024-25
Yann Sommer,Switzerland,GOALKEEPER,GOALKEEPER,37,1988-12-17,14,1290,0,0,0,0,0,FC Internazionale Milano,INT,https://img.uefa.com/imgml/TP/teams/logos/240x240/50138.png,97746,https://img.uefa.com/imgml/TP/players/1/2025/324x324/97746.jpg,2024-25
Joshua Kimmich,Germany,MIDFIELDER,CENTRE_BACK,31,1995-02-08,14,1260,0,6,0,1,0,FC Bayern München,BAY,https://img.uefa.com/imgml/TP/teams/logos/240x240/50037.png,250070417,https://img.uefa.com/imgml/TP/players/1/2025/324x324/250070417.jpg,2024-25
Federico Valverde,Uruguay,MIDFIELDER,UNKNOWN,27,1998-07-22,14,1236,0,3,0,1,0,Real Madrid C.F.,RMA,https://img.uefa.com/imgml/TP/teams/logos/240x240/50051.png,250101284,https://img.uefa.com/imgml/TP/players/1/2025/324x324/250101284.jpg,2024-25
Raphinha,Brazil,FORWARD,WINGER,29,1996-12-14,14,1225,13,9,0,0,0,FC Barcelona,BAR,https://img.uefa.com/imgml/TP/teams/logos/240x240/50080.png,250112880,https://img.uefa.com/imgml/TP/players/1/2025/324x324/250112880.jpg,2024-25
Antonio Rüdiger,Germany,DEFENDER,CENTRE_BACK,33,1993-03-03,13,1188,2,0,0,3,0,Real Madrid C.F.,RMA,https://img.uefa.com/imgml/TP/teams/logos/240x240/50051.png,250028211,https://img.uefa.com/imgml/TP/players/1/2025/324x324/250028211.jpg,2024-25
David Raya,Spain,GOALKEEPER,UNKNOWN,30,1995-09-15,13,1170,0,0,0,2,0,Arsenal FC,ARS,https://img.uefa.com/imgml/TP/teams/logos/240x240/52280.png,250171278,https://img.uefa.com/imgml/TP/players/1/2025/324x324/250171278.jpg,2024-25
Gregor Kobel,Switzerland,GOALKEEPER,GOALKEEPER,28,1997-12-06,13,1170,0,0,0,0,0,Borussia Dortmund,BVB,https://img.uefa.com/imgml/TP/teams/logos/240x240/52758.png,250069832,https://img.uefa.com/imgml/TP/players/1/2025/324x324/250069832.jpg,2024-25
Ousmane Dembélé,France,FORWARD,UNKNOWN,29,1997-05-15,15,1163,8,6,0,2,1,Paris Saint-Germain,PSG,https://img.uefa.com/imgml/TP/teams/logos/240x240/52747.png,250066886,https://img.uefa.com/imgml/TP/players/1/2025/324x324/250066886.jpg,2024-25
Fabián Ruiz,Spain,MIDFIELDER,CENTRAL_MIDFIELDER,30,1996-04-03,17,1151,1,4,0,2,0,Paris Saint-Germain,PSG,https://img.uefa.com/imgml/TP/teams/logos/240x240/52747.png,250115436,https://img.uefa.com/imgml/TP/players/1/2025/324x324/250115436.jpg,2024-25
Jude Bellingham,England,MIDFIELDER,UNKNOWN,22,2003-06-29,13,1136,3,2,0,3,0,Real Madrid C.F.,RMA,https://img.uefa.com/imgml/TP/teams/logos/240x240/50051.png,250128377,https://img.uefa.com/imgml/TP/players/1/2025/324x324/250128377.jpg,2024-25
Kylian Mbappé,France,FORWARD,STRIKER,27,1998-12-20,14,1132,7,2,0,1,0,Real Madrid C.F.,RMA,https://img.uefa.com/imgml/TP/teams/logos/240x240/50051.png,250076574,https://img.uefa.com/imgml/TP/players/1/2025/324x324/250076574.jpg,2024-25
Harry Kane,England,FORWARD,STRIKER,32,1993-07-28,13,1120,11,2,4,1,0,FC Bayern München,BAY,https://img.uefa.com/imgml/TP/teams/logos/240x240/50037.png,250016833,https://img.uefa.com/imgml/TP/players/1/2025/324x324/250016833.jpg,2024-25
Pedri,Spain,MIDFIELDER,UNKNOWN,23,2002-11-25,14,1117,0,2,0,0,0,FC Barcelona,BAR,https://img.uefa.com/imgml/TP/teams/logos/240x240/50080.png,250143693,https://img.uefa.com/imgml/TP/players/1/2025/324x324/250143693.jpg,2024-25
Thibaut Courtois,Belgium,GOALKEEPER,GOALKEEPER,34,1992-05-11,12,1110,0,0,0,0,0,Real Madrid C.F.,RMA,https://img.uefa.com/imgml/TP/teams/logos/240x240/50051.png,250011668,https://img.uefa.com/imgml/TP/players/1/2025/324x324/250011668.jpg,2024-25
Jules Koundé,France,DEFENDER,CENTRE_BACK,27,1998-11-12,13,1106,0,3,0,1,0,FC Barcelona,BAR,https://img.uefa.com/imgml/TP/teams/logos/240x240/50080.png,250096309,https://img.uefa.com/imgml/TP/players/1/2025/324x324/250096309.jpg,2024-25
Vinícius Júnior,Brazil,FORWARD,UNKNOWN,25,2000-07-12,12,1104,8,3,1,4,0,Real Madrid C.F.,RMA,https://img.uefa.com/imgml/TP/teams/logos/240x240/50051.png,250121533,https://img.uefa.com/imgml/TP/players/1/2025/324x324/250121533.jpg,2024-25
Lamine Yamal,Spain,FORWARD,UNKNOWN,18,2007-07-13,13,1101,5,3,0,0,0,FC Barcelona,BAR,https://img.uefa.com/imgml/TP/teams/logos/240x240/50080.png,250176450,https://img.uefa.com/imgml/TP/players/1/2025/324x324/250176450.jpg,2024-25
Bradley Barcola,France,FORWARD,UNKNOWN,23,2002-09-02,17,1096,3,4,0,1,0,Paris Saint-Germain,PSG,https://img.uefa.com/imgml/TP/teams/logos/240x240/52747.png,250134138,https://img.uefa.com/imgml/TP/players/1/2025/324x324/250134138.jpg,2024-25
Serhou Guirassy,Rep of Guinea,FORWARD,STRIKER,30,1996-03-12,14,1084,13,4,5,2,0,Borussia Dortmund,BVB,https://img.uefa.com/imgml/TP/teams/logos/240x240/52758.png,250080553,https://img.uefa.com/imgml/TP/players/1/2025/324x324/250080553.jpg,2024-25
Hans Vanaken,Belgium,MIDFIELDER,ATTACKING_MIDFIELDER,33,1992-08-24,12,1080,1,1,1,1,0,Club Brugge KV,BRU,https://img.uefa.com/imgml/TP/teams/logos/240x240/50043.png,250064188,https://img.uefa.com/imgml/TP/players/1/2025/324x324/250064188.jpg,2024-25
Dávid Hancko,Slovakia,DEFENDER,CENTRE_BACK,28,1997-12-13,12,1080,1,1,0,1,0,Feyenoord,FEY,https://img.uefa.com/imgml/TP/teams/logos/240x240/52749.png,250092668,https://img.uefa.com/imgml/TP/players/1/2025/324x324/250092668.jpg,2024-25
Nicolás Otamendi,Argentina,DEFENDER,UNKNOWN,38,1988-02-12,12,1080,1,0,0,2,0,SL Benfica,BEN,https://img.uefa.com/imgml/TP/teams/logos/240x240/50147.png,250017040,https://img.uefa.com/imgml/TP/players/1/2025/324x324/250017040.jpg,2024-25
Nico Schlotterbeck,Germany,DEFENDER,UNKNOWN,26,1999-12-01,12,1080,0,1,0,0,0,Borussia Dortmund,BVB,https://img.uefa.com/imgml/TP/teams/logos/240x240/52758.png,250134856,https://img.uefa.com/imgml/TP/players/1/2025/324x324/250134856.jpg,2024-25
Simon Mignolet,Belgium,GOALKEEPER,GOALKEEPER,38,1988-03-06,12,1080,0,0,0,1,0,Club Brugge KV,BRU,https://img.uefa.com/imgml/TP/teams/logos/240x240/50043.png,98078,https://img.uefa.com/imgml/TP/players/1/2025/324x324/98078.jpg,2024-25
Brandon Mechele,Belgium,DEFENDER,CENTRE_BACK,33,1993-01-28,12,1080,0,0,0,1,0,Club Brugge KV,BRU,https://img.uefa.com/imgml/TP/teams/logos/240x240/50043.png,250053044,https://img.uefa.com/imgml/TP/players/1/2025/324x324/250053044.jpg,2024-25
Anatoliy Trubin,Ukraine,GOALKEEPER,GOALKEEPER,24,2001-08-01,12,1080,0,0,0,0,0,SL Benfica,BEN,https://img.uefa.com/imgml/TP/teams/logos/240x240/50147.png,250113444,https://img.uefa.com/imgml/TP/players/1/2025/324x324/250113444.jpg,2024-25
Emiliano Martínez,Argentina,GOALKEEPER,GOALKEEPER,33,1992-09-02,12,1080,0,0,0,0,0,Aston Villa,AVL,https://img.uefa.com/imgml/TP/teams/logos/240x240/52683.png,250026721,https://img.uefa.com/imgml/TP/players/1/2025/324x324/250026721.jpg,2024-25
Maxim De Cuyper,Belgium,MIDFIELDER,FULL_BACK,25,2000-12-22,12,1079,1,0,0,1,0,Club Brugge KV,BRU,https://img.uefa.com/imgml/TP/teams/logos/240x240/50043.png,250123695,https://img.uefa.com/imgml/TP/players/1/2025/324x324/250123695.jpg,2024-25
Alessandro Bastoni,Italy,DEFENDER,CENTRE_BACK,27,1999-04-13,14,1078,0,1,0,3,0,FC Internazionale Milano,INT,https://img.uefa.com/imgml/TP/teams/logos/240x240/50138.png,250091199,https://img.uefa.com/imgml/TP/players/1/2025/324x324/250091199.jpg,2024-25
Minjae Kim,Korea Republic,DEFENDER,UNKNOWN,29,1996-11-15,13,1074,1,0,0,2,0,FC Bayern München,BAY,https://img.uefa.com/imgml/TP/teams/logos/240x240/50037.png,250162325,https://img.uefa.com/imgml/TP/players/1/2025/324x324/250162325.jpg,2024-25
Joel Ordoñez,Ecuador,DEFENDER,UNKNOWN,22,2004-04-21,12,1048,0,0,0,1,0,Club Brugge KV,BRU,https://img.uefa.com/imgml/TP/teams/logos/240x240/50043.png,250176201,https://img.uefa.com/imgml/TP/players/1/2025/324x324/250176201.jpg,2024-25
Youri Tielemans,Belgium,MIDFIELDER,CENTRAL_MIDFIELDER,29,1997-05-07,12,1046,2,3,0,1,0,Aston Villa,AVL,https://img.uefa.com/imgml/TP/teams/logos/240x240/52683.png,250064006,https://img.uefa.com/imgml/TP/players/1/2025/324x324/250064006.jpg,2024-25
Michael Olise,France,MIDFIELDER,UNKNOWN,24,2001-12-12,14,1033,5,1,1,1,0,FC Bayern München,BAY,https://img.uefa.com/imgml/TP/teams/logos/240x240/50037.png,250171184,https://img.uefa.com/imgml/TP/players/1/2025/324x324/250171184.jpg,2024-25
Morgan Rogers,England,FORWARD,UNKNOWN,23,2002-07-26,12,1025,4,3,0,1,0,Aston Villa,AVL,https://img.uefa.com/imgml/TP/teams/logos/240x240/52683.png,250117513,https://img.uefa.com/imgml/TP/players/1/2025/324x324/250117513.jpg,2024-25
Walter Benítez,Argentina,GOALKEEPER,UNKNOWN,33,1993-01-19,11,1020,0,0,0,1,0,PSV Eindhoven,PSV,https://img.uefa.com/imgml/TP/teams/logos/240x240/50062.png,250101144,https://img.uefa.com/imgml/TP/players/1/2025/324x324/250101144.jpg,2024-25
Declan Rice,England,MIDFIELDER,UNKNOWN,27,1999-01-14,13,1005,4,2,0,3,0,Arsenal FC,ARS,https://img.uefa.com/imgml/TP/teams/logos/240x240/52280.png,250083732,https://img.uefa.com/imgml/TP/players/1/2025/324x324/250083732.jpg,2024-25
Orkun Kökçü,Türkiye,MIDFIELDER,ATTACKING_MIDFIELDER,25,2000-12-29,12,995,4,0,1,2,0,SL Benfica,BEN,https://img.uefa.com/imgml/TP/teams/logos/240x240/50147.png,250113211,https://img.uefa.com/imgml/TP/players/1/2025/324x324/250113211.jpg,2024-25
Nicolò Barella,Italy,MIDFIELDER,CENTRAL_MIDFIELDER,29,1997-02-07,13,994,0,2,0,2,0,FC Internazionale Milano,INT,https://img.uefa.com/imgml/TP/teams/logos/240x240/50138.png,250066739,https://img.uefa.com/imgml/TP/players/1/2025/324x324/250066739.jpg,2024-25
Fredrik Aursnes,Norway,MIDFIELDER,DEFENSIVE_MIDFIELDER,30,1995-12-10,12,990,0,1,0,2,0,SL Benfica,BEN,https://img.uefa.com/imgml/TP/teams/logos/240x240/50147.png,250061027,https://img.uefa.com/imgml/TP/players/1/2025/324x324/250061027.jpg,2024-25
Ezri Konsa,England,DEFENDER,UNKNOWN,28,1997-10-23,11,990,1,0,0,1,0,Aston Villa,AVL,https://img.uefa.com/imgml/TP/teams/logos/240x240/52683.png,250123068,https://img.uefa.com/imgml/TP/players/1/2025/324x324/250123068.jpg,2024-25
Dayot Upamecano,France,DEFENDER,CENTRE_BACK,27,1998-10-27,11,990,0,1,0,1,0,FC Bayern München,BAY,https://img.uefa.com/imgml/TP/teams/logos/240x240/50037.png,250079545,https://img.uefa.com/imgml/TP/players/1/2025/324x324/250079545.jpg,2024-25
William Saliba,France,DEFENDER,CENTRE_BACK,25,2001-03-24,11,990,0,0,0,0,0,Arsenal FC,ARS,https://img.uefa.com/imgml/TP/teams/logos/240x240/52280.png,250127439,https://img.uefa.com/imgml/TP/players/1/2025/324x324/250127439.jpg,2024-25
Robert Lewandowski,Poland,FORWARD,STRIKER,37,1988-08-21,13,985,11,0,3,0,0,FC Barcelona,BAR,https://img.uefa.com/imgml/TP/teams/logos/240x240/50080.png,250002096,https://img.uefa.com/imgml/TP/players/1/2025/324x324/250002096.jpg,2024-25
Pau Cubarsí,Spain,DEFENDER,UNKNOWN,19,2007-01-22,13,981,0,1,0,2,1,FC Barcelona,BAR,https://img.uefa.com/imgml/TP/teams/logos/240x240/50080.png,250176453,https://img.uefa.com/imgml/TP/players/1/2025/324x324/250176453.jpg,2024-25
Denzel Dumfries,Netherlands,DEFENDER,FULL_BACK,30,1996-04-18,12,974,2,3,0,2,0,FC Internazionale Milano,INT,https://img.uefa.com/imgml/TP/teams/logos/240x240/50138.png,250112690,https://img.uefa.com/imgml/TP/players/1/2025/324x324/250112690.jpg,2024-25
Iñigo Martínez,Spain,DEFENDER,CENTRE_BACK,35,1991-05-17,11,958,2,1,0,3,0,FC Barcelona,BAR,https://img.uefa.com/imgml/TP/teams/logos/240x240/50080.png,250040471,https://img.uefa.com/imgml/TP/players/1/2025/324x324/250040471.jpg,2024-25
Julian Ryerson,Norway,DEFENDER,UNKNOWN,28,1997-11-17,12,956,0,0,0,2,0,Borussia Dortmund,BVB,https://img.uefa.com/imgml/TP/teams/logos/240x240/52758.png,250092517,https://img.uefa.com/imgml/TP/players/1/2025/324x324/250092517.jpg,2024-25
Timon Wellenreuther,Germany,GOALKEEPER,UNKNOWN,30,1995-12-03,11,955,0,0,0,1,0,Feyenoord,FEY,https://img.uefa.com/imgml/TP/teams/logos/240x240/52749.png,250063980,https://img.uefa.com/imgml/TP/players/1/2025/324x324/250063980.jpg,2024-25
Marcus Thuram,France,FORWARD,WINGER,28,1997-08-06,14,953,4,1,0,2,0,FC Internazionale Milano,INT,https://img.uefa.com/imgml/TP/teams/logos/240x240/50138.png,250068805,https://img.uefa.com/imgml/TP/players/1/2025/324x324/250068805.jpg,2024-25
Ardon Jashari,Switzerland,MIDFIELDER,UNKNOWN,23,2002-07-30,11,951,0,0,0,1,0,Club Brugge KV,BRU,https://img.uefa.com/imgml/TP/teams/logos/240x240/50043.png,250171283,https://img.uefa.com/imgml/TP/players/1/2025/324x324/250171283.jpg,2024-25
Emre Can,Germany,DEFENDER,DEFENSIVE_MIDFIELDER,32,1994-01-12,12,940,2,1,2,1,0,Borussia Dortmund,BVB,https://img.uefa.com/imgml/TP/teams/logos/240x240/52758.png,250017824,https://img.uefa.com/imgml/TP/players/1/2025/324x324/250017824.jpg,2024-25
Christos Tzolis,Greece,FORWARD,WINGER,24,2002-01-30,12,939,1,4,0,2,0,Club Brugge KV,BRU,https://img.uefa.com/imgml/TP/teams/logos/240x240/50043.png,250124460,https://img.uefa.com/imgml/TP/players/1/2025/324x324/250124460.jpg,2024-25
Raphael Onyedika,Nigeria,MIDFIELDER,UNKNOWN,25,2001-04-19,11,939,1,1,0,2,1,Club Brugge KV,BRU,https://img.uefa.com/imgml/TP/teams/logos/240x240/50043.png,250135101,https://img.uefa.com/imgml/TP/players/1/2025/324x324/250135101.jpg,2024-25
Gabriel Martinelli,Brazil,FORWARD,WINGER,24,2001-06-18,13,935,2,2,0,2,0,Arsenal FC,ARS,https://img.uefa.com/imgml/TP/teams/logos/240x240/52280.png,250134304,https://img.uefa.com/imgml/TP/players/1/2025/324x324/250134304.jpg,2024-25
Jan Oblak,Slovenia,GOALKEEPER,GOALKEEPER,33,1993-01-07,10,930,0,0,0,0,0,Atlético de Madrid,ATM,https://img.uefa.com/imgml/TP/teams/logos/240x240/50124.png,250012069,https://img.uefa.com/imgml/TP/players/1/2025/324x324/250012069.jpg,2024-25
Tomás Araújo,Portugal,DEFENDER,CENTRE_BACK,24,2002-05-16,11,927,0,0,0,0,0,SL Benfica,BEN,https://img.uefa.com/imgml/TP/teams/logos/240x240/50147.png,250117410,https://img.uefa.com/imgml/TP/players/1/2025/324x324/250117410.jpg,2024-25
Igor Paixão,Brazil,FORWARD,UNKNOWN,25,2000-06-28,11,921,2,4,0,0,0,Feyenoord,FEY,https://img.uefa.com/imgml/TP/teams/logos/240x240/52749.png,250177886,https://img.uefa.com/imgml/TP/players/1/2025/324x324/250177886.jpg,2024-25
Pascal Gross,Germany,MIDFIELDER,UNKNOWN,34,1991-06-15,13,918,1,2,0,3,0,Borussia Dortmund,BVB,https://img.uefa.com/imgml/TP/teams/logos/240x240/52758.png,250029535,https://img.uefa.com/imgml/TP/players/1/2025/324x324/250029535.jpg,2024-25
Olivier Boscagli,France,DEFENDER,CENTRE_BACK,28,1997-11-18,11,913,0,0,0,1,0,PSV Eindhoven,PSV,https://img.uefa.com/imgml/TP/teams/logos/240x240/50062.png,250068808,https://img.uefa.com/imgml/TP/players/1/2025/324x324/250068808.jpg,2024-25
Benjamin Pavard,France,DEFENDER,UNKNOWN,30,1996-03-28,12,909,1,0,0,2,0,FC Internazionale Milano,INT,https://img.uefa.com/imgml/TP/teams/logos/240x240/50138.png,250081921,https://img.uefa.com/imgml/TP/players/1/2025/324x324/250081921.jpg,2024-25
Vangelis Pavlidis,Greece,FORWARD,STRIKER,27,1998-11-21,12,905,7,2,2,1,0,SL Benfica,BEN,https://img.uefa.com/imgml/TP/teams/logos/240x240/50147.png,250078012,https://img.uefa.com/imgml/TP/players/1/2025/324x324/250078012.jpg,2024-25
Luuk de Jong,Netherlands,FORWARD,STRIKER,35,1990-08-27,12,905,2,1,0,2,0,PSV Eindhoven,PSV,https://img.uefa.com/imgml/TP/teams/logos/240x240/50062.png,250005343,https://img.uefa.com/imgml/TP/players/1/2025/324x324/250005343.jpg,2024-25
Álvaro Carreras,Spain,DEFENDER,UNKNOWN,23,2003-03-23,10,900,0,2,0,5,0,SL Benfica,BEN,https://img.uefa.com/imgml/TP/teams/logos/240x240/50147.png,250153945,https://img.uefa.com/imgml/TP/players/1/2025/324x324/250153945.jpg,2024-25
Alexsandro,Brazil,DEFENDER,UNKNOWN,26,1999-08-09,10,900,0,1,0,1,0,LOSC Lille,LIL,https://img.uefa.com/imgml/TP/teams/logos/240x240/75797.png,250188247,https://img.uefa.com/imgml/TP/players/1/2025/324x324/250188247.jpg,2024-25
Jonathan Tah,Germany,DEFENDER,CENTRE_BACK,30,1996-02-11,10,900,0,0,0,2,0,Bayer 04 Leverkusen,LEV,https://img.uefa.com/imgml/TP/teams/logos/240x240/50109.png,250055660,https://img.uefa.com/imgml/TP/players/1/2025/324x324/250055660.jpg,2024-25
Kasper Schmeichel,Denmark,GOALKEEPER,GOALKEEPER,39,1986-11-05,10,900,0,0,0,1,0,Celtic FC,CEL,https://img.uefa.com/imgml/TP/teams/logos/240x240/50050.png,74954,https://img.uefa.com/imgml/TP/players/1/2025/324x324/74954.jpg,2024-25
Lucas Chevalier,France,GOALKEEPER,GOALKEEPER,24,2001-11-06,10,900,0,0,0,1,0,LOSC Lille,LIL,https://img.uefa.com/imgml/TP/teams/logos/240x240/75797.png,250135068,https://img.uefa.com/imgml/TP/players/1/2025/324x324/250135068.jpg,2024-25
Callum McGregor,Scotland,MIDFIELDER,WINGER,32,1993-06-14,10,900,0,0,0,0,0,Celtic FC,CEL,https://img.uefa.com/imgml/TP/teams/logos/240x240/50050.png,250014042,https://img.uefa.com/imgml/TP/players/1/2025/324x324/250014042.jpg,2024-25
Thomas Partey,Ghana,MIDFIELDER,DEFENSIVE_MIDFIELDER,32,1993-06-13,12,899,0,0,0,3,0,Arsenal FC,ARS,https://img.uefa.com/imgml/TP/teams/logos/240x240/52280.png,250086316,https://img.uefa.com/imgml/TP/players/1/2025/324x324/250086316.jpg,2024-25
Ferland Mendy,France,DEFENDER,FULL_BACK,30,1995-06-08,11,888,0,1,0,1,0,Real Madrid C.F.,RMA,https://img.uefa.com/imgml/TP/teams/logos/240x240/50051.png,250112803,https://img.uefa.com/imgml/TP/players/1/2025/324x324/250112803.jpg,2024-25
Julian Brandt,Germany,MIDFIELDER,WINGER,30,1996-05-02,13,884,0,4,0,0,0,Borussia Dortmund,BVB,https://img.uefa.com/imgml/TP/teams/logos/240x240/52758.png,250046522,https://img.uefa.com/imgml/TP/players/1/2025/324x324/250046522.jpg,2024-25
Rodrygo,Brazil,FORWARD,WINGER,25,2001-01-09,12,880,5,2,0,0,0,Real Madrid C.F.,RMA,https://img.uefa.com/imgml/TP/teams/logos/240x240/50051.png,250132829,https://img.uefa.com/imgml/TP/players/1/2025/324x324/250132829.jpg,2024-25
Marten de Roon,Netherlands,MIDFIELDER,CENTRAL_MIDFIELDER,35,1991-03-29,10,874,0,1,0,2,0,Atalanta BC,ATA,https://img.uefa.com/imgml/TP/teams/logos/240x240/52816.png,250014709,https://img.uefa.com/imgml/TP/players/1/2025/324x324/250014709.jpg,2024-25
Alejandro Grimaldo,Spain,DEFENDER,FULL_BACK,30,1995-09-20,10,871,2,2,0,0,0,Bayer 04 Leverkusen,LEV,https://img.uefa.com/imgml/TP/teams/logos/240x240/50109.png,250042422,https://img.uefa.com/imgml/TP/players/1/2025/324x324/250042422.jpg,2024-25
Tijjani Reijnders,Netherlands,MIDFIELDER,CENTRAL_MIDFIELDER,27,1998-07-29,10,870,3,0,0,0,0,AC Milan,MIL,https://img.uefa.com/imgml/TP/teams/logos/240x240/50058.png,250121294,https://img.uefa.com/imgml/TP/players/1/2025/324x324/250121294.jpg,2024-25
Jamal Musiala,Germany,MIDFIELDER,UNKNOWN,23,2003-02-26,12,866,3,4,0,1,0,FC Bayern München,BAY,https://img.uefa.com/imgml/TP/teams/logos/240x240/50037.png,250124430,https://img.uefa.com/imgml/TP/players/1/2025/324x324/250124430.jpg,2024-25
Theo Hernández,France,DEFENDER,FULL_BACK,28,1997-10-06,10,861,0,0,0,4,1,AC Milan,MIL,https://img.uefa.com/imgml/TP/teams/logos/240x240/50058.png,250076126,https://img.uefa.com/imgml/TP/players/1/2025/324x324/250076126.jpg,2024-25
Mike Maignan,France,GOALKEEPER,GOALKEEPER,30,1995-07-03,10,861,0,0,0,1,0,AC Milan,MIL,https://img.uefa.com/imgml/TP/teams/logos/240x240/50058.png,250042780,https://img.uefa.com/imgml/TP/players/1/2025/324x324/250042780.jpg,2024-25
Johan Bakayoko,Belgium,FORWARD,UNKNOWN,23,2003-04-20,12,860,2,1,0,1,0,PSV Eindhoven,PSV,https://img.uefa.com/imgml/TP/teams/logos/240x240/50062.png,250130406,https://img.uefa.com/imgml/TP/players/1/2025/324x324/250130406.jpg,2024-25
Ryan Flamingo,Netherlands,DEFENDER,UNKNOWN,23,2002-12-31,11,858,3,0,0,0,1,PSV Eindhoven,PSV,https://img.uefa.com/imgml/TP/teams/logos/240x240/50062.png,250189506,https://img.uefa.com/imgml/TP/players/1/2025/324x324/250189506.jpg,2024-25
Lautaro Martínez,Argentina,FORWARD,STRIKER,28,1997-08-22,14,857,9,0,1,2,0,FC Internazionale Milano,INT,https://img.uefa.com/imgml/TP/teams/logos/240x240/50138.png,250118281,https://img.uefa.com/imgml/TP/players/1/2025/324x324/250118281.jpg,2024-25
Ferran Jutglà,Spain,FORWARD,STRIKER,27,1999-02-01,12,857,2,2,0,0,0,Club Brugge KV,BRU,https://img.uefa.com/imgml/TP/teams/logos/240x240/50043.png,250173126,https://img.uefa.com/imgml/TP/players/1/2025/324x324/250173126.jpg,2024-25
Henrikh Mkhitaryan,Armenia,MIDFIELDER,ATTACKING_MIDFIELDER,37,1989-01-21,13,856,0,1,0,3,0,FC Internazionale Milano,INT,https://img.uefa.com/imgml/TP/teams/logos/240x240/50138.png,98023,https://img.uefa.com/imgml/TP/players/1/2025/324x324/98023.jpg,2024-25
Thilo Kehrer,Germany,DEFENDER,CENTRAL_MIDFIELDER,29,1996-09-21,10,855,1,2,0,2,0,AS Monaco,MON,https://img.uefa.com/imgml/TP/teams/logos/240x240/50023.png,250055663,https://img.uefa.com/imgml/TP/players/1/2025/324x324/250055663.jpg,2024-25
Bafodé Diakité,France,DEFENDER,UNKNOWN,25,2001-01-06,10,855,0,0,0,1,0,LOSC Lille,LIL,https://img.uefa.com/imgml/TP/teams/logos/240x240/75797.png,250106709,https://img.uefa.com/imgml/TP/players/1/2025/324x324/250106709.jpg,2024-25
Kerem Aktürkoğlu,Türkiye,FORWARD,UNKNOWN,27,1998-10-21,12,853,4,0,0,1,0,SL Benfica,BEN,https://img.uefa.com/imgml/TP/teams/logos/240x240/50147.png,250146674,https://img.uefa.com/imgml/TP/players/1/2025/324x324/250146674.jpg,2024-25
Jurriën Timber,Netherlands,DEFENDER,FULL_BACK,24,2001-06-17,13,852,1,1,0,2,0,Arsenal FC,ARS,https://img.uefa.com/imgml/TP/teams/logos/240x240/52280.png,250101728,https://img.uefa.com/imgml/TP/players/1/2025/324x324/250101728.jpg,2024-25
Jamie Gittens,England,MIDFIELDER,UNKNOWN,21,2004-08-08,14,848,4,0,0,0,0,Borussia Dortmund,BVB,https://img.uefa.com/imgml/TP/teams/logos/240x240/52758.png,250153402,https://img.uefa.com/imgml/TP/players/1/2025/324x324/250153402.jpg,2024-25
Marcel Sabitzer,Austria,MIDFIELDER,ATTACKING_MIDFIELDER,32,1994-03-17,11,845,0,0,0,2,0,Borussia Dortmund,BVB,https://img.uefa.com/imgml/TP/teams/logos/240x240/52758.png,250024349,https://img.uefa.com/imgml/TP/players/1/2025/324x324/250024349.jpg,2024-25
Virgil van Dijk,Netherlands,DEFENDER,CENTRE_BACK,34,1991-07-08,9,840,1,0,0,2,0,Liverpool FC,LIV,https://img.uefa.com/imgml/TP/teams/logos/240x240/7889.png,50327420,https://img.uefa.com/imgml/TP/players/1/2025/324x324/50327420.jpg,2024-25
Leon Goretzka,Germany,MIDFIELDER,CENTRAL_MIDFIELDER,31,1995-02-06,12,839,1,1,0,4,0,FC Bayern München,BAY,https://img.uefa.com/imgml/TP/teams/logos/240x240/50037.png,250041771,https://img.uefa.com/imgml/TP/players/1/2025/324x324/250041771.jpg,2024-25
Alistair Johnston,Canada,DEFENDER,UNKNOWN,27,1998-10-08,10,838,0,0,0,2,0,Celtic FC,CEL,https://img.uefa.com/imgml/TP/teams/logos/240x240/50050.png,250181680,https://img.uefa.com/imgml/TP/players/1/2025/324x324/250181680.jpg,2024-25
Hakan Çalhanoğlu,Türkiye,MIDFIELDER,ATTACKING_MIDFIELDER,32,1994-02-08,12,835,4,2,3,3,0,FC Internazionale Milano,INT,https://img.uefa.com/imgml/TP/teams/logos/240x240/50138.png,250022829,https://img.uefa.com/imgml/TP/players/1/2025/324x324/250022829.jpg,2024-25
Mauro Júnior,Brazil,DEFENDER,ATTACKING_MIDFIELDER,27,1999-05-06,10,829,0,1,0,2,0,PSV Eindhoven,PSV,https://img.uefa.com/imgml/TP/teams/logos/240x240/50062.png,250122213,https://img.uefa.com/imgml/TP/players/1/2025/324x324/250122213.jpg,2024-25
Thomas Beelen,Netherlands,DEFENDER,UNKNOWN,24,2001-06-11,12,827,0,0,0,0,0,Feyenoord,FEY,https://img.uefa.com/imgml/TP/teams/logos/240x240/52749.png,250187221,https://img.uefa.com/imgml/TP/players/1/2025/324x324/250187221.jpg,2024-25
Manuel Neuer,Germany,GOALKEEPER,GOALKEEPER,40,1986-03-27,10,823,0,0,0,0,0,FC Bayern München,BAY,https://img.uefa.com/imgml/TP/teams/logos/240x240/50037.png,97923,https://img.uefa.com/imgml/TP/players/1/2025/324x324/97923.jpg,2024-25
Granit Xhaka,Switzerland,MIDFIELDER,CENTRAL_MIDFIELDER,33,1992-09-27,10,819,0,0,0,3,0,Bayer 04 Leverkusen,LEV,https://img.uefa.com/imgml/TP/teams/logos/240x240/50109.png,250004721,https://img.uefa.com/imgml/TP/players/1/2025/324x324/250004721.jpg,2024-25
Mikel Merino,Spain,MIDFIELDER,CENTRAL_MIDFIELDER,29,1996-06-22,12,818,2,4,0,1,0,Arsenal FC,ARS,https://img.uefa.com/imgml/TP/teams/logos/240x240/52280.png,250080572,https://img.uefa.com/imgml/TP/players/1/2025/324x324/250080572.jpg,2024-25
Auston Trusty,USA,DEFENDER,UNKNOWN,27,1998-08-12,10,816,0,0,0,0,0,Celtic FC,CEL,https://img.uefa.com/imgml/TP/teams/logos/240x240/50050.png,250200308,https://img.uefa.com/imgml/TP/players/1/2025/324x324/250200308.jpg,2024-25
Joško Gvardiol,Croatia,DEFENDER,CENTRE_BACK,24,2002-01-23,10,815,0,2,0,0,0,Manchester City,MCI,https://img.uefa.com/imgml/TP/teams/logos/240x240/52919.png,250127284,https://img.uefa.com/imgml/TP/players/1/2025/324x324/250127284.jpg,2024-25
Benjamin André,France,MIDFIELDER,CENTRAL_MIDFIELDER,35,1990-08-03,9,810,0,0,0,3,0,LOSC Lille,LIL,https://img.uefa.com/imgml/TP/teams/logos/240x240/75797.png,250025791,https://img.uefa.com/imgml/TP/players/1/2025/324x324/250025791.jpg,2024-25
Brendan Chardonnet,France,DEFENDER,UNKNOWN,31,1994-12-22,9,810,0,0,0,2,0,Stade Brestois 29,BRE,https://img.uefa.com/imgml/TP/teams/logos/240x240/2601306.png,250196586,https://img.uefa.com/imgml/TP/players/1/2025/324x324/250196586.jpg,2024-25
Marco Carnesecchi,Italy,GOALKEEPER,UNKNOWN,25,2000-07-01,9,810,0,0,0,0,0,Atalanta BC,ATA,https://img.uefa.com/imgml/TP/teams/logos/240x240/52816.png,250105612,https://img.uefa.com/imgml/TP/players/1/2025/324x324/250105612.jpg,2024-25
Marco Bizot,Netherlands,GOALKEEPER,GOALKEEPER,35,1991-03-10,9,810,0,0,0,0,0,Stade Brestois 29,BRE,https://img.uefa.com/imgml/TP/teams/logos/240x240/2601306.png,250006714,https://img.uefa.com/imgml/TP/players/1/2025/324x324/250006714.jpg,2024-25
Mohamed Salah,Egypt,FORWARD,WINGER,33,1992-06-15,9,808,3,4,1,0,0,Liverpool FC,LIV,https://img.uefa.com/imgml/TP/teams/logos/240x240/7889.png,250052469,https://img.uefa.com/imgml/TP/players/1/2025/324x324/250052469.jpg,2024-25
Maghnes Akliouche,France,MIDFIELDER,UNKNOWN,24,2002-02-25,10,807,2,2,0,1,0,AS Monaco,MON,https://img.uefa.com/imgml/TP/teams/logos/240x240/50023.png,250160436,https://img.uefa.com/imgml/TP/players/1/2025/324x324/250160436.jpg,2024-25
Alejandro Balde,Spain,DEFENDER,UNKNOWN,22,2003-10-18,10,804,0,3,0,1,0,FC Barcelona,BAR,https://img.uefa.com/imgml/TP/teams/logos/240x240/50080.png,250135416,https://img.uefa.com/imgml/TP/players/1/2025/324x324/250135416.jpg,2024-25
Gabriel,Brazil,DEFENDER,CENTRE_BACK,28,1997-12-19,9,804,1,0,0,1,0,Arsenal FC,ARS,https://img.uefa.com/imgml/TP/teams/logos/240x240/52280.png,250131901,https://img.uefa.com/imgml/TP/players/1/2025/324x324/250131901.jpg,2024-25
Frenkie de Jong,Netherlands,MIDFIELDER,CENTRAL_MIDFIELDER,29,1997-05-12,13,803,0,0,0,2,0,FC Barcelona,BAR,https://img.uefa.com/imgml/TP/teams/logos/240x240/50080.png,50327423,https://img.uefa.com/imgml/TP/players/1/2025/324x324/50327423.jpg,2024-25
Federico Gatti,Italy,DEFENDER,UNKNOWN,27,1998-06-24,9,801,0,1,0,1,0,Juventus,JUV,https://img.uefa.com/imgml/TP/teams/logos/240x240/50139.png,250172907,https://img.uefa.com/imgml/TP/players/1/2025/324x324/250172907.jpg,2024-25
Aurélien Tchouaméni,France,MIDFIELDER,CENTRAL_MIDFIELDER,26,2000-01-27,11,800,0,0,0,3,0,Real Madrid C.F.,RMA,https://img.uefa.com/imgml/TP/teams/logos/240x240/50051.png,250105244,https://img.uefa.com/imgml/TP/players/1/2025/324x324/250105244.jpg,2024-25
Youssouf Fofana,France,MIDFIELDER,UNKNOWN,27,1999-01-10,10,800,0,2,0,2,0,AC Milan,MIL,https://img.uefa.com/imgml/TP/teams/logos/240x240/50058.png,250132399,https://img.uefa.com/imgml/TP/players/1/2025/324x324/250132399.jpg,2024-25
Martin Ødegaard,Norway,MIDFIELDER,ATTACKING_MIDFIELDER,27,1998-12-17,11,798,3,1,0,0,0,Arsenal FC,ARS,https://img.uefa.com/imgml/TP/teams/logos/240x240/52280.png,250081341,https://img.uefa.com/imgml/TP/players/1/2025/324x324/250081341.jpg,2024-25
Rafael Leão,Portugal,FORWARD,STRIKER,26,1999-06-10,10,797,3,2,0,2,0,AC Milan,MIL,https://img.uefa.com/imgml/TP/teams/logos/240x240/50058.png,250089228,https://img.uefa.com/imgml/TP/players/1/2025/324x324/250089228.jpg,2024-25
Jeremie Frimpong,Netherlands,DEFENDER,FULL_BACK,25,2000-12-10,10,796,0,5,0,2,0,Bayer 04 Leverkusen,LEV,https://img.uefa.com/imgml/TP/teams/logos/240x240/50109.png,250113276,https://img.uefa.com/imgml/TP/players/1/2025/324x324/250113276.jpg,2024-25
Nicolas Kühn,Germany,MIDFIELDER,UNKNOWN,26,2000-01-01,10,792,3,1,0,1,0,Celtic FC,CEL,https://img.uefa.com/imgml/TP/teams/logos/240x240/50050.png,250106148,https://img.uefa.com/imgml/TP/players/1/2025/324x324/250106148.jpg,2024-25
Francisco Trincão,Portugal,FORWARD,STRIKER,26,1999-12-29,9,791,0,1,0,1,0,Sporting Clube de Portugal,SPO,https://img.uefa.com/imgml/TP/teams/logos/240x240/50149.png,250112122,https://img.uefa.com/imgml/TP/players/1/2025/324x324/250112122.jpg,2024-25
Julián Alvarez,Argentina,FORWARD,UNKNOWN,26,2000-01-31,10,790,7,1,0,0,0,Atlético de Madrid,ATM,https://img.uefa.com/imgml/TP/teams/logos/240x240/50124.png,250172668,https://img.uefa.com/imgml/TP/players/1/2025/324x324/250172668.jpg,2024-25
Reo Hatate,Japan,DEFENDER,UNKNOWN,28,1997-11-21,10,788,1,2,0,1,0,Celtic FC,CEL,https://img.uefa.com/imgml/TP/teams/logos/240x240/50050.png,250169705,https://img.uefa.com/imgml/TP/players/1/2025/324x324/250169705.jpg,2024-25
Anis Hadj Moussa,Algeria,FORWARD,UNKNOWN,24,2002-02-11,11,786,3,0,0,0,0,Feyenoord,FEY,https://img.uefa.com/imgml/TP/teams/logos/240x240/52749.png,250198119,https://img.uefa.com/imgml/TP/players/1/2025/324x324/250198119.jpg,2024-25
Ryan Gravenberch,Netherlands,MIDFIELDER,CENTRAL_MIDFIELDER,24,2002-05-16,9,784,0,0,0,1,0,Liverpool FC,LIV,https://img.uefa.com/imgml/TP/teams/logos/240x240/7889.png,250113001,https://img.uefa.com/imgml/TP/players/1/2025/324x324/250113001.jpg,2024-25
Konrad Laimer,Austria,MIDFIELDER,CENTRAL_MIDFIELDER,29,1997-05-27,11,781,1,1,0,2,0,FC Bayern München,BAY,https://img.uefa.com/imgml/TP/teams/logos/240x240/50037.png,250065413,https://img.uefa.com/imgml/TP/players/1/2025/324x324/250065413.jpg,2024-25
Vanderson,Brazil,DEFENDER,UNKNOWN,24,2001-06-21,9,781,0,1,0,3,0,AS Monaco,MON,https://img.uefa.com/imgml/TP/teams/logos/240x240/50023.png,250169730,https://img.uefa.com/imgml/TP/players/1/2025/324x324/250169730.jpg,2024-25
Piero Hincapié,Ecuador,DEFENDER,UNKNOWN,24,2002-01-09,9,774,1,0,0,2,1,Bayer 04 Leverkusen,LEV,https://img.uefa.com/imgml/TP/teams/logos/240x240/50109.png,250163454,https://img.uefa.com/imgml/TP/players/1/2025/324x324/250163454.jpg,2024-25
Jakub Kiwior,Poland,DEFENDER,UNKNOWN,26,2000-02-15,10,772,0,0,0,1,0,Arsenal FC,ARS,https://img.uefa.com/imgml/TP/teams/logos/240x240/52280.png,250105681,https://img.uefa.com/imgml/TP/players/1/2025/324x324/250105681.jpg,2024-25
Erling Haaland,Norway,FORWARD,UNKNOWN,25,2000-07-21,9,771,8,0,2,0,0,Manchester City,MCI,https://img.uefa.com/imgml/TP/teams/logos/240x240/52919.png,250103758,https://img.uefa.com/imgml/TP/players/1/2025/324x324/250103758.jpg,2024-25
Francesco Acerbi,Italy,DEFENDER,CENTRE_BACK,38,1988-02-10,9,770,1,1,0,2,0,FC Internazionale Milano,INT,https://img.uefa.com/imgml/TP/teams/logos/240x240/50138.png,250052957,https://img.uefa.com/imgml/TP/players/1/2025/324x324/250052957.jpg,2024-25
Guus Til,Netherlands,MIDFIELDER,CENTRAL_MIDFIELDER,28,1997-12-22,12,768,0,2,0,0,0,PSV Eindhoven,PSV,https://img.uefa.com/imgml/TP/teams/logos/240x240/50062.png,250099671,https://img.uefa.com/imgml/TP/players/1/2025/324x324/250099671.jpg,2024-25
Joaquin Seys,Belgium,MIDFIELDER,UNKNOWN,21,2005-03-28,10,768,0,0,0,2,0,Club Brugge KV,BRU,https://img.uefa.com/imgml/TP/teams/logos/240x240/50043.png,250163786,https://img.uefa.com/imgml/TP/players/1/2025/324x324/250163786.jpg,2024-25
Bernardo Silva,Portugal,MIDFIELDER,ATTACKING_MIDFIELDER,31,1994-08-10,9,766,0,0,0,1,0,Manchester City,MCI,https://img.uefa.com/imgml/TP/teams/logos/240x240/52919.png,250059115,https://img.uefa.com/imgml/TP/players/1/2025/324x324/250059115.jpg,2024-25
Florian Wirtz,Germany,MIDFIELDER,WINGER,23,2003-05-03,9,765,6,1,1,2,0,Bayer 04 Leverkusen,LEV,https://img.uefa.com/imgml/TP/teams/logos/240x240/50109.png,250139445,https://img.uefa.com/imgml/TP/players/1/2025/324x324/250139445.jpg,2024-25
Antoni Milambo,Netherlands,MIDFIELDER,UNKNOWN,21,2005-04-03,9,765,3,1,0,1,0,Feyenoord,FEY,https://img.uefa.com/imgml/TP/teams/logos/240x240/52749.png,250159544,https://img.uefa.com/imgml/TP/players/1/2025/324x324/250159544.jpg,2024-25
Morten Hjulmand,Denmark,MIDFIELDER,CENTRAL_MIDFIELDER,26,1999-06-25,9,765,0,0,0,3,0,Sporting Clube de Portugal,SPO,https://img.uefa.com/imgml/TP/teams/logos/240x240/50149.png,250101557,https://img.uefa.com/imgml/TP/players/1/2025/324x324/250101557.jpg,2024-25
Bukayo Saka,England,FORWARD,WINGER,24,2001-09-05,9,763,6,2,1,2,0,Arsenal FC,ARS,https://img.uefa.com/imgml/TP/teams/logos/240x240/52280.png,250106939,https://img.uefa.com/imgml/TP/players/1/2025/324x324/250106939.jpg,2024-25
Daizen Maeda,Japan,FORWARD,UNKNOWN,28,1997-10-20,9,761,4,1,0,1,1,Celtic FC,CEL,https://img.uefa.com/imgml/TP/teams/logos/240x240/50050.png,250169706,https://img.uefa.com/imgml/TP/players/1/2025/324x324/250169706.jpg,2024-25
Ousmane Diomande,Ivory Coast,DEFENDER,UNKNOWN,22,2003-12-04,9,752,0,0,0,1,0,Sporting Clube de Portugal,SPO,https://img.uefa.com/imgml/TP/teams/logos/240x240/50149.png,250169685,https://img.uefa.com/imgml/TP/players/1/2025/324x324/250169685.jpg,2024-25
Breel Embolo,Switzerland,FORWARD,STRIKER,29,1997-02-14,10,750,1,3,0,1,0,AS Monaco,MON,https://img.uefa.com/imgml/TP/teams/logos/240x240/50023.png,250064274,https://img.uefa.com/imgml/TP/players/1/2025/324x324/250064274.jpg,2024-25
José María Giménez,Uruguay,DEFENDER,CENTRE_BACK,31,1995-01-20,8,750,1,0,0,4,0,Atlético de Madrid,ATM,https://img.uefa.com/imgml/TP/teams/logos/240x240/50124.png,250063505,https://img.uefa.com/imgml/TP/players/1/2025/324x324/250063505.jpg,2024-25
Wojciech Szczęsny,Poland,GOALKEEPER,GOALKEEPER,36,1990-04-18,8,750,0,0,0,0,0,FC Barcelona,BAR,https://img.uefa.com/imgml/TP/teams/logos/240x240/50080.png,108501,https://img.uefa.com/imgml/TP/players/1/2025/324x324/108501.jpg,2024-25
Raúl Asencio,Spain,DEFENDER,UNKNOWN,23,2003-02-13,10,748,0,1,0,2,0,Real Madrid C.F.,RMA,https://img.uefa.com/imgml/TP/teams/logos/240x240/50051.png,250153617,https://img.uefa.com/imgml/TP/players/1/2025/324x324/250153617.jpg,2024-25
Rodrigo De Paul,Argentina,MIDFIELDER,UNKNOWN,32,1994-05-24,10,748,0,1,0,1,0,Atlético de Madrid,ATM,https://img.uefa.com/imgml/TP/teams/logos/240x240/50124.png,250086037,https://img.uefa.com/imgml/TP/players/1/2025/324x324/250086037.jpg,2024-25
Lucas Digne,France,DEFENDER,FULL_BACK,32,1993-07-20,9,747,0,0,0,2,0,Aston Villa,AVL,https://img.uefa.com/imgml/TP/teams/logos/240x240/52683.png,250014002,https://img.uefa.com/imgml/TP/players/1/2025/324x324/250014002.jpg,2024-25
Jonathan David,Canada,FORWARD,ATTACKING_MIDFIELDER,26,2000-01-14,10,746,7,2,2,2,0,LOSC Lille,LIL,https://img.uefa.com/imgml/TP/teams/logos/240x240/75797.png,250102035,https://img.uefa.com/imgml/TP/players/1/2025/324x324/250102035.jpg,2024-25
Ramy Bensebaini,Algeria,DEFENDER,CENTRE_BACK,31,1995-04-16,12,743,2,1,0,4,0,Borussia Dortmund,BVB,https://img.uefa.com/imgml/TP/teams/logos/240x240/52758.png,250119677,https://img.uefa.com/imgml/TP/players/1/2025/324x324/250119677.jpg,2024-25
Désiré Doué,France,FORWARD,UNKNOWN,21,2005-06-03,16,742,5,5,0,1,0,Paris Saint-Germain,PSG,https://img.uefa.com/imgml/TP/teams/logos/240x240/52747.png,250162177,https://img.uefa.com/imgml/TP/players/1/2025/324x324/250162177.jpg,2024-25
John McGinn,Scotland,MIDFIELDER,UNKNOWN,31,1994-10-18,10,739,3,2,0,1,0,Aston Villa,AVL,https://img.uefa.com/imgml/TP/teams/logos/240x240/52683.png,250058958,https://img.uefa.com/imgml/TP/players/1/2025/324x324/250058958.jpg,2024-25
Éderson,Brazil,MIDFIELDER,UNKNOWN,26,1999-07-07,9,739,1,0,0,4,0,Atalanta BC,ATA,https://img.uefa.com/imgml/TP/teams/logos/240x240/52816.png,250188474,https://img.uefa.com/imgml/TP/players/1/2025/324x324/250188474.jpg,2024-25
Khvicha Kvaratskhelia,Georgia,FORWARD,UNKNOWN,25,2001-02-12,9,735,3,2,0,1,0,Paris Saint-Germain,PSG,https://img.uefa.com/imgml/TP/teams/logos/240x240/52747.png,250101808,https://img.uefa.com/imgml/TP/players/1/2025/324x324/250101808.jpg,2024-25
Antoine Griezmann,France,FORWARD,STRIKER,35,1991-03-21,10,732,6,3,0,0,0,Atlético de Madrid,ATM,https://img.uefa.com/imgml/TP/teams/logos/240x240/50124.png,250019498,https://img.uefa.com/imgml/TP/players/1/2025/324x324/250019498.jpg,2024-25
Arne Engels,Belgium,MIDFIELDER,WINGER,22,2003-09-08,10,729,1,3,1,0,0,Celtic FC,CEL,https://img.uefa.com/imgml/TP/teams/logos/240x240/50050.png,250130414,https://img.uefa.com/imgml/TP/players/1/2025/324x324/250130414.jpg,2024-25
Ismael Saibari,Morocco,MIDFIELDER,ATTACKING_MIDFIELDER,25,2001-01-28,10,728,3,2,0,1,0,PSV Eindhoven,PSV,https://img.uefa.com/imgml/TP/teams/logos/240x240/50062.png,250134320,https://img.uefa.com/imgml/TP/players/1/2025/324x324/250134320.jpg,2024-25
António Silva,Portugal,DEFENDER,UNKNOWN,22,2003-10-30,9,724,0,0,0,2,0,SL Benfica,BEN,https://img.uefa.com/imgml/TP/teams/logos/240x240/50147.png,250128468,https://img.uefa.com/imgml/TP/players/1/2025/324x324/250128468.jpg,2024-25
Geovany Quenda,Portugal,FORWARD,UNKNOWN,19,2007-04-30,10,722,0,1,0,2,0,Sporting Clube de Portugal,SPO,https://img.uefa.com/imgml/TP/teams/logos/240x240/50149.png,250177497,https://img.uefa.com/imgml/TP/players/1/2025/324x324/250177497.jpg,2024-25
Nasser Djiga,Burkina Faso,DEFENDER,UNKNOWN,23,2002-11-15,8,720,1,1,0,1,0,FK Crvena Zvezda,ZVE,https://img.uefa.com/imgml/TP/teams/logos/240x240/50069.png,250158476,https://img.uefa.com/imgml/TP/players/1/2025/324x324/250158476.jpg,2024-25
Timi Max Elšnik,Slovenia,MIDFIELDER,UNKNOWN,28,1998-04-29,8,720,0,2,0,1,0,FK Crvena Zvezda,ZVE,https://img.uefa.com/imgml/TP/teams/logos/240x240/50069.png,250077679,https://img.uefa.com/imgml/TP/players/1/2025/324x324/250077679.jpg,2024-25
Martin Vitík,Czechia,DEFENDER,CENTRE_BACK,23,2003-01-21,8,720,0,0,0,2,0,AC Sparta Praha,SPA,https://img.uefa.com/imgml/TP/teams/logos/240x240/50033.png,250130786,https://img.uefa.com/imgml/TP/players/1/2025/324x324/250130786.jpg,2024-25
Kenny Lala,France,DEFENDER,UNKNOWN,34,1991-10-03,8,720,0,0,0,1,0,Stade Brestois 29,BRE,https://img.uefa.com/imgml/TP/teams/logos/240x240/2601306.png,250132401,https://img.uefa.com/imgml/TP/players/1/2025/324x324/250132401.jpg,2024-25
Peter Vindahl,Denmark,GOALKEEPER,UNKNOWN,28,1998-02-16,8,720,0,0,0,1,0,AC Sparta Praha,SPA,https://img.uefa.com/imgml/TP/teams/logos/240x240/50033.png,250105818,https://img.uefa.com/imgml/TP/players/1/2025/324x324/250105818.jpg,2024-25
Valeriy Bondar,Ukraine,DEFENDER,CENTRE_BACK,27,1999-02-27,8,720,0,0,0,1,0,FC Shakhtar Donetsk,SHK,https://img.uefa.com/imgml/TP/teams/logos/240x240/52707.png,250087118,https://img.uefa.com/imgml/TP/players/1/2025/324x324/250087118.jpg,2024-25
Willi Orbán,Hungary,DEFENDER,CENTRE_BACK,33,1992-11-03,8,720,0,0,0,1,0,RB Leipzig,RBL,https://img.uefa.com/imgml/TP/teams/logos/240x240/2603790.png,250051754,https://img.uefa.com/imgml/TP/players/1/2025/324x324/250051754.jpg,2024-25
Dominik Takáč,Slovakia,GOALKEEPER,UNKNOWN,27,1999-01-12,8,720,0,0,0,0,0,ŠK Slovan Bratislava,SLB,https://img.uefa.com/imgml/TP/teams/logos/240x240/52797.png,250157134,https://img.uefa.com/imgml/TP/players/1/2025/324x324/250157134.jpg,2024-25
Franco Israel,Uruguay,GOALKEEPER,UNKNOWN,26,2000-04-22,8,720,0,0,0,0,0,Sporting Clube de Portugal,SPO,https://img.uefa.com/imgml/TP/teams/logos/240x240/50149.png,250124006,https://img.uefa.com/imgml/TP/players/1/2025/324x324/250124006.jpg,2024-25
Dmytro Riznyk,Ukraine,GOALKEEPER,GOALKEEPER,27,1999-01-30,8,720,0,0,0,0,0,FC Shakhtar Donetsk,SHK,https://img.uefa.com/imgml/TP/teams/logos/240x240/52707.png,250121017,https://img.uefa.com/imgml/TP/players/1/2025/324x324/250121017.jpg,2024-25
Radosław Majecki,Poland,GOALKEEPER,GOALKEEPER,26,1999-11-16,8,720,0,0,0,0,0,AS Monaco,MON,https://img.uefa.com/imgml/TP/teams/logos/240x240/50023.png,250087877,https://img.uefa.com/imgml/TP/players/1/2025/324x324/250087877.jpg,2024-25
Ederson,Brazil,GOALKEEPER,UNKNOWN,32,1993-08-17,8,720,0,0,0,0,0,Manchester City,MCI,https://img.uefa.com/imgml/TP/teams/logos/240x240/52919.png,250073809,https://img.uefa.com/imgml/TP/players/1/2025/324x324/250073809.jpg,2024-25
Mykola Matviyenko,Ukraine,DEFENDER,CENTRE_BACK,30,1996-05-02,8,720,0,0,0,0,0,FC Shakhtar Donetsk,SHK,https://img.uefa.com/imgml/TP/teams/logos/240x240/52707.png,250064444,https://img.uefa.com/imgml/TP/players/1/2025/324x324/250064444.jpg,2024-25
Michele Di Gregorio,Italy,GOALKEEPER,GOALKEEPER,28,1997-07-27,8,719,0,0,0,1,1,Juventus,JUV,https://img.uefa.com/imgml/TP/teams/logos/240x240/50139.png,250101201,https://img.uefa.com/imgml/TP/players/1/2025/324x324/250101201.jpg,2024-25
Cesar Blackman,Panama,DEFENDER,UNKNOWN,28,1998-04-02,8,719,0,0,0,1,0,ŠK Slovan Bratislava,SLB,https://img.uefa.com/imgml/TP/teams/logos/240x240/52797.png,250131541,https://img.uefa.com/imgml/TP/players/1/2025/324x324/250131541.jpg,2024-25
Gijs Smal,Netherlands,DEFENDER,UNKNOWN,28,1997-08-31,11,717,0,1,0,2,0,Feyenoord,FEY,https://img.uefa.com/imgml/TP/teams/logos/240x240/52749.png,250174851,https://img.uefa.com/imgml/TP/players/1/2025/324x324/250174851.jpg,2024-25
Florentino,Portugal,MIDFIELDER,DEFENSIVE_MIDFIELDER,26,1999-08-19,9,717,0,0,0,3,0,SL Benfica,BEN,https://img.uefa.com/imgml/TP/teams/logos/240x240/50147.png,250089225,https://img.uefa.com/imgml/TP/players/1/2025/324x324/250089225.jpg,2024-25
Mehdi Taremi,Iran,FORWARD,STRIKER,33,1992-07-18,12,715,1,3,1,0,0,FC Internazionale Milano,INT,https://img.uefa.com/imgml/TP/teams/logos/240x240/50138.png,250097909,https://img.uefa.com/imgml/TP/players/1/2025/324x324/250097909.jpg,2024-25
Kenan Bajrić,Slovenia,DEFENDER,CENTRE_BACK,31,1994-12-20,8,714,0,0,0,2,0,ŠK Slovan Bratislava,SLB,https://img.uefa.com/imgml/TP/teams/logos/240x240/52797.png,250061721,https://img.uefa.com/imgml/TP/players/1/2025/324x324/250061721.jpg,2024-25
Kaan Kairinen,Finland,MIDFIELDER,UNKNOWN,27,1998-12-22,8,713,2,0,0,1,0,AC Sparta Praha,SPA,https://img.uefa.com/imgml/TP/teams/logos/240x240/50033.png,250079003,https://img.uefa.com/imgml/TP/players/1/2025/324x324/250079003.jpg,2024-25
Mahdi Camara,France,MIDFIELDER,UNKNOWN,27,1998-06-30,10,712,1,1,0,2,0,Stade Brestois 29,BRE,https://img.uefa.com/imgml/TP/teams/logos/240x240/2601306.png,250091290,https://img.uefa.com/imgml/TP/players/1/2025/324x324/250091290.jpg,2024-25
Isak Hien,Sweden,DEFENDER,UNKNOWN,27,1999-01-13,8,710,0,1,0,2,0,Atalanta BC,ATA,https://img.uefa.com/imgml/TP/teams/logos/240x240/52816.png,250174149,https://img.uefa.com/imgml/TP/players/1/2025/324x324/250174149.jpg,2024-25
Guram Kashia,Georgia,DEFENDER,CENTRE_BACK,38,1987-07-04,8,709,0,0,0,2,0,ŠK Slovan Bratislava,SLB,https://img.uefa.com/imgml/TP/teams/logos/240x240/52797.png,104733,https://img.uefa.com/imgml/TP/players/1/2025/324x324/104733.jpg,2024-25
Maximilian Mittelstädt,Germany,DEFENDER,FULL_BACK,29,1997-03-18,8,706,0,3,0,1,0,VfB Stuttgart,STU,https://img.uefa.com/imgml/TP/teams/logos/240x240/50107.png,250090766,https://img.uefa.com/imgml/TP/players/1/2025/324x324/250090766.jpg,2024-25
Charles De Ketelaere,Belgium,FORWARD,CENTRAL_MIDFIELDER,25,2001-03-10,10,702,4,5,1,0,0,Atalanta BC,ATA,https://img.uefa.com/imgml/TP/teams/logos/240x240/52816.png,250117705,https://img.uefa.com/imgml/TP/players/1/2025/324x324/250117705.jpg,2024-25
Boubacar Kamara,France,MIDFIELDER,CENTRE_BACK,26,1999-11-23,10,702,0,0,0,2,0,Aston Villa,AVL,https://img.uefa.com/imgml/TP/teams/logos/240x240/52683.png,250091722,https://img.uefa.com/imgml/TP/players/1/2025/324x324/250091722.jpg,2024-25
Georgiy Sudakov,Ukraine,MIDFIELDER,ATTACKING_MIDFIELDER,23,2002-09-01,8,702,2,1,1,0,0,FC Shakhtar Donetsk,SHK,https://img.uefa.com/imgml/TP/teams/logos/240x240/52707.png,250119181,https://img.uefa.com/imgml/TP/players/1/2025/324x324/250119181.jpg,2024-25
Youngwoo Seol,Korea Republic,DEFENDER,UNKNOWN,27,1998-12-05,8,701,0,3,0,1,0,FK Crvena Zvezda,ZVE,https://img.uefa.com/imgml/TP/teams/logos/240x240/50069.png,250189363,https://img.uefa.com/imgml/TP/players/1/2025/324x324/250189363.jpg,2024-25
Alphonso Davies,Canada,MIDFIELDER,FULL_BACK,25,2000-11-02,9,700,2,0,0,0,0,FC Bayern München,BAY,https://img.uefa.com/imgml/TP/teams/logos/240x240/50037.png,250128120,https://img.uefa.com/imgml/TP/players/1/2025/324x324/250128120.jpg,2024-25
Yann Bisseck,Germany,DEFENDER,UNKNOWN,25,2000-11-29,13,699,0,0,0,0,0,FC Internazionale Milano,INT,https://img.uefa.com/imgml/TP/teams/logos/240x240/50138.png,250116951,https://img.uefa.com/imgml/TP/players/1/2025/324x324/250116951.jpg,2024-25
Davide Zappacosta,Italy,DEFENDER,FULL_BACK,33,1992-06-11,9,699,0,5,0,0,0,Atalanta BC,ATA,https://img.uefa.com/imgml/TP/teams/logos/240x240/52816.png,250064232,https://img.uefa.com/imgml/TP/players/1/2025/324x324/250064232.jpg,2024-25
Ollie Watkins,England,FORWARD,UNKNOWN,30,1995-12-30,12,697,1,4,0,0,0,Aston Villa,AVL,https://img.uefa.com/imgml/TP/teams/logos/240x240/52683.png,250150887,https://img.uefa.com/imgml/TP/players/1/2025/324x324/250150887.jpg,2024-25
Hugo Magnetti,France,MIDFIELDER,UNKNOWN,28,1998-05-30,10,697,1,1,0,0,0,Stade Brestois 29,BRE,https://img.uefa.com/imgml/TP/teams/logos/240x240/2601306.png,250196588,https://img.uefa.com/imgml/TP/players/1/2025/324x324/250196588.jpg,2024-25
Angelo Stiller,Germany,MIDFIELDER,UNKNOWN,25,2001-04-04,8,695,1,0,0,1,0,VfB Stuttgart,STU,https://img.uefa.com/imgml/TP/teams/logos/240x240/50107.png,250112217,https://img.uefa.com/imgml/TP/players/1/2025/324x324/250112217.jpg,2024-25
Marcos Llorente,Spain,MIDFIELDER,UNKNOWN,31,1995-01-30,8,693,2,4,0,1,0,Atlético de Madrid,ATM,https://img.uefa.com/imgml/TP/teams/logos/240x240/50124.png,250079670,https://img.uefa.com/imgml/TP/players/1/2025/324x324/250079670.jpg,2024-25
Karim Adeyemi,Germany,FORWARD,STRIKER,24,2002-01-18,10,692,5,1,0,2,0,Borussia Dortmund,BVB,https://img.uefa.com/imgml/TP/teams/logos/240x240/52758.png,250127347,https://img.uefa.com/imgml/TP/players/1/2025/324x324/250127347.jpg,2024-25
Enzo Millot,France,MIDFIELDER,UNKNOWN,23,2002-07-17,8,690,2,4,0,0,0,VfB Stuttgart,STU,https://img.uefa.com/imgml/TP/teams/logos/240x240/50107.png,250118964,https://img.uefa.com/imgml/TP/players/1/2025/324x324/250118964.jpg,2024-25
Phil Foden,England,MIDFIELDER,UNKNOWN,26,2000-05-28,9,689,3,1,0,0,0,Manchester City,MCI,https://img.uefa.com/imgml/TP/teams/logos/240x240/52919.png,250101534,https://img.uefa.com/imgml/TP/players/1/2025/324x324/250101534.jpg,2024-25
Stefan de Vrij,Netherlands,DEFENDER,CENTRE_BACK,34,1992-02-05,9,688,0,0,0,1,0,FC Internazionale Milano,INT,https://img.uefa.com/imgml/TP/teams/logos/240x240/50138.png,50327428,https://img.uefa.com/imgml/TP/players/1/2025/324x324/50327428.jpg,2024-25
Noa Lang,Netherlands,FORWARD,WINGER,26,1999-06-17,10,686,2,2,1,1,0,PSV Eindhoven,PSV,https://img.uefa.com/imgml/TP/teams/logos/240x240/50062.png,250091165,https://img.uefa.com/imgml/TP/players/1/2025/324x324/250091165.jpg,2024-25
Loïs Openda,Belgium,FORWARD,STRIKER,26,2000-02-16,8,683,1,3,0,1,0,RB Leipzig,RBL,https://img.uefa.com/imgml/TP/teams/logos/240x240/2603790.png,250096954,https://img.uefa.com/imgml/TP/players/1/2025/324x324/250096954.jpg,2024-25
Oscar Gloukh,Israel,MIDFIELDER,CENTRAL_MIDFIELDER,22,2004-04-01,8,681,0,2,0,1,0,FC Salzburg,SAL,https://img.uefa.com/imgml/TP/teams/logos/240x240/50030.png,250153349,https://img.uefa.com/imgml/TP/players/1/2025/324x324/250153349.jpg,2024-25
Berat Djimsiti,Albania,DEFENDER,FULL_BACK,33,1993-02-19,9,678,1,0,0,1,0,Atalanta BC,ATA,https://img.uefa.com/imgml/TP/teams/logos/240x240/52816.png,250028715,https://img.uefa.com/imgml/TP/players/1/2025/324x324/250028715.jpg,2024-25
Pau Torres,Spain,DEFENDER,CENTRE_BACK,29,1997-01-16,9,678,0,1,0,1,0,Aston Villa,AVL,https://img.uefa.com/imgml/TP/teams/logos/240x240/52683.png,250088461,https://img.uefa.com/imgml/TP/players/1/2025/324x324/250088461.jpg,2024-25
David Strelec,Slovakia,FORWARD,STRIKER,25,2001-04-04,8,674,2,0,1,0,0,ŠK Slovan Bratislava,SLB,https://img.uefa.com/imgml/TP/teams/logos/240x240/52797.png,250108215,https://img.uefa.com/imgml/TP/players/1/2025/324x324/250108215.jpg,2024-25
Alexis Mac Allister,Argentina,MIDFIELDER,UNKNOWN,27,1998-12-24,8,674,2,0,0,5,0,Liverpool FC,LIV,https://img.uefa.com/imgml/TP/teams/logos/240x240/7889.png,250172672,https://img.uefa.com/imgml/TP/players/1/2025/324x324/250172672.jpg,2024-25
Manuel Locatelli,Italy,MIDFIELDER,DEFENSIVE_MIDFIELDER,28,1998-01-08,9,673,0,0,0,0,0,Juventus,JUV,https://img.uefa.com/imgml/TP/teams/logos/240x240/50139.png,250066747,https://img.uefa.com/imgml/TP/players/1/2025/324x324/250066747.jpg,2024-25
Dmytro Kryskiv,Ukraine,MIDFIELDER,UNKNOWN,25,2000-10-06,8,673,0,0,0,2,0,FC Shakhtar Donetsk,SHK,https://img.uefa.com/imgml/TP/teams/logos/240x240/52707.png,250112978,https://img.uefa.com/imgml/TP/players/1/2025/324x324/250112978.jpg,2024-25
Edmond Tapsoba,Burkina Faso,DEFENDER,CENTRE_BACK,27,1999-02-02,9,670,0,1,0,1,0,Bayer 04 Leverkusen,LEV,https://img.uefa.com/imgml/TP/teams/logos/240x240/50109.png,250118391,https://img.uefa.com/imgml/TP/players/1/2025/324x324/250118391.jpg,2024-25
William Bøving,Denmark,MIDFIELDER,WINGER,23,2003-03-01,8,669,0,2,0,0,0,SK Sturm Graz,SGR,https://img.uefa.com/imgml/TP/teams/logos/240x240/50111.png,250130234,https://img.uefa.com/imgml/TP/players/1/2025/324x324/250130234.jpg,2024-25
Kenan Yıldız,Türkiye,FORWARD,UNKNOWN,21,2005-05-04,10,668,1,1,0,1,0,Juventus,JUV,https://img.uefa.com/imgml/TP/teams/logos/240x240/50139.png,250171055,https://img.uefa.com/imgml/TP/players/1/2025/324x324/250171055.jpg,2024-25
Rade Krunić,Bosnia and Herzegovina,MIDFIELDER,CENTRAL_MIDFIELDER,32,1993-10-07,8,668,1,2,0,2,0,FK Crvena Zvezda,ZVE,https://img.uefa.com/imgml/TP/teams/logos/240x240/50069.png,250064252,https://img.uefa.com/imgml/TP/players/1/2025/324x324/250064252.jpg,2024-25
Exequiel Palacios,Argentina,MIDFIELDER,CENTRAL_MIDFIELDER,27,1998-10-05,10,666,0,0,0,0,0,Bayer 04 Leverkusen,LEV,https://img.uefa.com/imgml/TP/teams/logos/240x240/50109.png,250138928,https://img.uefa.com/imgml/TP/players/1/2025/324x324/250138928.jpg,2024-25
Leandro Trossard,Belgium,MIDFIELDER,WINGER,31,1994-12-04,14,665,2,3,0,1,0,Arsenal FC,ARS,https://img.uefa.com/imgml/TP/teams/logos/240x240/52280.png,250023009,https://img.uefa.com/imgml/TP/players/1/2025/324x324/250023009.jpg,2024-25
Carlos Augusto,Brazil,DEFENDER,UNKNOWN,27,1999-01-07,13,664,0,2,0,2,0,FC Internazionale Milano,INT,https://img.uefa.com/imgml/TP/teams/logos/240x240/50138.png,250188223,https://img.uefa.com/imgml/TP/players/1/2025/324x324/250188223.jpg,2024-25
Gernot Trauner,Austria,DEFENDER,CENTRE_BACK,34,1992-03-25,9,659,1,1,0,2,0,Feyenoord,FEY,https://img.uefa.com/imgml/TP/teams/logos/240x240/52749.png,250019573,https://img.uefa.com/imgml/TP/players/1/2025/324x324/250019573.jpg,2024-25
Teun Koopmeiners,Netherlands,MIDFIELDER,CENTRAL_MIDFIELDER,28,1998-02-28,9,655,0,0,0,2,0,Juventus,JUV,https://img.uefa.com/imgml/TP/teams/logos/240x240/50139.png,250081553,https://img.uefa.com/imgml/TP/players/1/2025/324x324/250081553.jpg,2024-25
Edimilson Fernandes,Switzerland,MIDFIELDER,UNKNOWN,30,1996-04-15,10,651,1,0,0,0,0,Stade Brestois 29,BRE,https://img.uefa.com/imgml/TP/teams/logos/240x240/2601306.png,250086789,https://img.uefa.com/imgml/TP/players/1/2025/324x324/250086789.jpg,2024-25
Stefan Ristovski,North Macedonia,DEFENDER,FULL_BACK,34,1992-02-12,8,650,0,2,0,2,0,GNK Dinamo,DIN,https://img.uefa.com/imgml/TP/teams/logos/240x240/50164.png,250004363,https://img.uefa.com/imgml/TP/players/1/2025/324x324/250004363.jpg,2024-25
Ibrahima Konaté,France,DEFENDER,CENTRE_BACK,27,1999-05-25,7,649,1,0,0,2,0,Liverpool FC,LIV,https://img.uefa.com/imgml/TP/teams/logos/240x240/7889.png,250091013,https://img.uefa.com/imgml/TP/players/1/2025/324x324/250091013.jpg,2024-25
Luka Modrić,Croatia,MIDFIELDER,CENTRAL_MIDFIELDER,40,1985-09-09,14,647,0,2,0,2,0,Real Madrid C.F.,RMA,https://img.uefa.com/imgml/TP/teams/logos/240x240/50051.png,74699,https://img.uefa.com/imgml/TP/players/1/2025/324x324/74699.jpg,2024-25
Sam Beukema,Netherlands,DEFENDER,UNKNOWN,27,1998-11-17,8,647,0,1,0,3,0,Bologna FC 1909,BOL,https://img.uefa.com/imgml/TP/teams/logos/240x240/52969.png,250161248,https://img.uefa.com/imgml/TP/players/1/2025/324x324/250161248.jpg,2024-25
Manuel Akanji,Switzerland,DEFENDER,UNKNOWN,30,1995-07-19,8,646,0,1,0,0,0,Manchester City,MCI,https://img.uefa.com/imgml/TP/teams/logos/240x240/52919.png,250085369,https://img.uefa.com/imgml/TP/players/1/2025/324x324/250085369.jpg,2024-25
Pierre Kalulu,France,DEFENDER,FULL_BACK,25,2000-06-05,8,646,0,0,0,1,0,Juventus,JUV,https://img.uefa.com/imgml/TP/teams/logos/240x240/50139.png,250122983,https://img.uefa.com/imgml/TP/players/1/2025/324x324/250122983.jpg,2024-25
Jeff Chabot,Germany,DEFENDER,UNKNOWN,28,1998-02-12,8,646,0,0,0,0,0,VfB Stuttgart,STU,https://img.uefa.com/imgml/TP/teams/logos/240x240/50107.png,250107477,https://img.uefa.com/imgml/TP/players/1/2025/324x324/250107477.jpg,2024-25
Ludovic Ajorque,France,FORWARD,UNKNOWN,32,1994-02-25,8,643,0,3,0,3,0,Stade Brestois 29,BRE,https://img.uefa.com/imgml/TP/teams/logos/240x240/2601306.png,250132407,https://img.uefa.com/imgml/TP/players/1/2025/324x324/250132407.jpg,2024-25
Sead Kolašinac,Bosnia and Herzegovina,DEFENDER,FULL_BACK,32,1993-06-20,9,639,1,1,0,2,0,Atalanta BC,ATA,https://img.uefa.com/imgml/TP/teams/logos/240x240/52816.png,250041626,https://img.uefa.com/imgml/TP/players/1/2025/324x324/250041626.jpg,2024-25
Rico Lewis,England,DEFENDER,UNKNOWN,21,2004-11-21,9,639,0,1,0,0,0,Manchester City,MCI,https://img.uefa.com/imgml/TP/teams/logos/240x240/52919.png,250139207,https://img.uefa.com/imgml/TP/players/1/2025/324x324/250139207.jpg,2024-25
Dominik Szoboszlai,Hungary,MIDFIELDER,CENTRAL_MIDFIELDER,25,2000-10-25,9,637,1,1,0,0,0,Liverpool FC,LIV,https://img.uefa.com/imgml/TP/teams/logos/240x240/7889.png,250104066,https://img.uefa.com/imgml/TP/players/1/2025/324x324/250104066.jpg,2024-25
Soumaïla Coulibaly,France,DEFENDER,UNKNOWN,22,2003-10-14,8,635,0,0,0,0,0,Stade Brestois 29,BRE,https://img.uefa.com/imgml/TP/teams/logos/240x240/2601306.png,250135672,https://img.uefa.com/imgml/TP/players/1/2025/324x324/250135672.jpg,2024-25
Leroy Sané,Germany,MIDFIELDER,WINGER,30,1996-01-11,13,634,1,0,0,2,0,FC Bayern München,BAY,https://img.uefa.com/imgml/TP/teams/logos/240x240/50037.png,250063984,https://img.uefa.com/imgml/TP/players/1/2025/324x324/250063984.jpg,2024-25
Luis Díaz,Colombia,FORWARD,CENTRAL_MIDFIELDER,29,1997-01-13,9,633,3,0,0,1,0,Liverpool FC,LIV,https://img.uefa.com/imgml/TP/teams/logos/240x240/7889.png,250132811,https://img.uefa.com/imgml/TP/players/1/2025/324x324/250132811.jpg,2024-25
Christian Pulišić,USA,FORWARD,UNKNOWN,27,1998-09-18,9,632,4,1,0,1,0,AC Milan,MIL,https://img.uefa.com/imgml/TP/teams/logos/240x240/50058.png,250096698,https://img.uefa.com/imgml/TP/players/1/2025/324x324/250096698.jpg,2024-25
Marc Casadó,Spain,DEFENDER,UNKNOWN,22,2003-09-14,10,631,0,2,0,1,0,FC Barcelona,BAR,https://img.uefa.com/imgml/TP/teams/logos/240x240/50080.png,250129965,https://img.uefa.com/imgml/TP/players/1/2025/324x324/250129965.jpg,2024-25
Amar Dedić,Bosnia and Herzegovina,DEFENDER,UNKNOWN,23,2002-08-18,7,630,0,1,0,1,0,FC Salzburg,SAL,https://img.uefa.com/imgml/TP/teams/logos/240x240/50030.png,250126449,https://img.uefa.com/imgml/TP/players/1/2025/324x324/250126449.jpg,2024-25
Paulo Gazzaniga,Argentina,GOALKEEPER,UNKNOWN,34,1992-01-02,7,630,0,0,0,2,0,Girona FC,GIR,https://img.uefa.com/imgml/TP/teams/logos/240x240/2602798.png,250085475,https://img.uefa.com/imgml/TP/players/1/2025/324x324/250085475.jpg,2024-25
Ladislav Krejčí,Czechia,DEFENDER,WINGER,27,1999-04-20,7,630,0,0,0,1,0,Girona FC,GIR,https://img.uefa.com/imgml/TP/teams/logos/240x240/2602798.png,250116734,https://img.uefa.com/imgml/TP/players/1/2025/324x324/250116734.jpg,2024-25
Clément Lenglet,France,DEFENDER,UNKNOWN,30,1995-06-17,7,630,0,0,0,1,0,Atlético de Madrid,ATM,https://img.uefa.com/imgml/TP/teams/logos/240x240/50124.png,250042779,https://img.uefa.com/imgml/TP/players/1/2025/324x324/250042779.jpg,2024-25
Uroš Spajić,Serbia,DEFENDER,CENTRE_BACK,33,1993-02-13,7,630,0,0,0,1,0,FK Crvena Zvezda,ZVE,https://img.uefa.com/imgml/TP/teams/logos/240x240/50069.png,250016616,https://img.uefa.com/imgml/TP/players/1/2025/324x324/250016616.jpg,2024-25
Alexander Nübel,Germany,GOALKEEPER,GOALKEEPER,29,1996-09-30,7,630,0,0,0,0,0,VfB Stuttgart,STU,https://img.uefa.com/imgml/TP/teams/logos/240x240/50107.png,250087102,https://img.uefa.com/imgml/TP/players/1/2025/324x324/250087102.jpg,2024-25
Łukasz Skorupski,Poland,GOALKEEPER,UNKNOWN,35,1991-05-05,7,630,0,0,0,0,0,Bologna FC 1909,BOL,https://img.uefa.com/imgml/TP/teams/logos/240x240/52969.png,250040573,https://img.uefa.com/imgml/TP/players/1/2025/324x324/250040573.jpg,2024-25
Kévin Théophile-Catherine,France,DEFENDER,FULL_BACK,36,1989-10-28,7,630,0,0,0,0,0,GNK Dinamo,DIN,https://img.uefa.com/imgml/TP/teams/logos/240x240/50164.png,250000679,https://img.uefa.com/imgml/TP/players/1/2025/324x324/250000679.jpg,2024-25
Maximiliano Araújo,Uruguay,MIDFIELDER,UNKNOWN,26,2000-02-15,10,627,1,2,0,2,0,Sporting Clube de Portugal,SPO,https://img.uefa.com/imgml/TP/teams/logos/240x240/50149.png,250200231,https://img.uefa.com/imgml/TP/players/1/2025/324x324/250200231.jpg,2024-25
Joel Monteiro,Switzerland,FORWARD,UNKNOWN,26,1999-08-05,8,627,0,0,0,2,0,BSC Young Boys,YB,https://img.uefa.com/imgml/TP/teams/logos/240x240/50031.png,250157930,https://img.uefa.com/imgml/TP/players/1/2025/324x324/250157930.jpg,2024-25
Dimitri Lavalée,Belgium,DEFENDER,CENTRE_BACK,29,1997-01-13,7,627,0,0,0,3,1,SK Sturm Graz,SGR,https://img.uefa.com/imgml/TP/teams/logos/240x240/50111.png,250103243,https://img.uefa.com/imgml/TP/players/1/2025/324x324/250103243.jpg,2024-25
Martin Baturina,Croatia,MIDFIELDER,ATTACKING_MIDFIELDER,23,2003-02-16,8,625,2,1,0,2,0,GNK Dinamo,DIN,https://img.uefa.com/imgml/TP/teams/logos/240x240/50164.png,250140940,https://img.uefa.com/imgml/TP/players/1/2025/324x324/250140940.jpg,2024-25
Silas,DR Congo,FORWARD,UNKNOWN,27,1998-10-06,8,624,2,0,0,1,0,FK Crvena Zvezda,ZVE,https://img.uefa.com/imgml/TP/teams/logos/240x240/50069.png,250196712,https://img.uefa.com/imgml/TP/players/1/2025/324x324/250196712.jpg,2024-25
Ayyoub Bouaddi,France,MIDFIELDER,UNKNOWN,18,2007-10-02,9,622,0,1,0,1,0,LOSC Lille,LIL,https://img.uefa.com/imgml/TP/teams/logos/240x240/75797.png,250191448,https://img.uefa.com/imgml/TP/players/1/2025/324x324/250191448.jpg,2024-25
Anthony Rouault,France,DEFENDER,UNKNOWN,25,2001-05-29,7,622,0,0,0,3,0,VfB Stuttgart,STU,https://img.uefa.com/imgml/TP/teams/logos/240x240/50107.png,250188511,https://img.uefa.com/imgml/TP/players/1/2025/324x324/250188511.jpg,2024-25
Malick Yalcouye,Mali,MIDFIELDER,UNKNOWN,20,2005-11-18,8,621,0,0,0,2,0,SK Sturm Graz,SGR,https://img.uefa.com/imgml/TP/teams/logos/240x240/50111.png,250200228,https://img.uefa.com/imgml/TP/players/1/2025/324x324/250200228.jpg,2024-25
Lutsharel Geertruida,Netherlands,DEFENDER,CENTRE_BACK,25,2000-07-18,8,621,0,0,0,1,0,RB Leipzig,RBL,https://img.uefa.com/imgml/TP/teams/logos/240x240/2603790.png,250104075,https://img.uefa.com/imgml/TP/players/1/2025/324x324/250104075.jpg,2024-25
Felix Nmecha,Germany,MIDFIELDER,UNKNOWN,25,2000-10-10,9,619,1,1,0,2,0,Borussia Dortmund,BVB,https://img.uefa.com/imgml/TP/teams/logos/240x240/52758.png,250112224,https://img.uefa.com/imgml/TP/players/1/2025/324x324/250112224.jpg,2024-25
Dan Ndoye,Switzerland,FORWARD,WINGER,25,2000-10-25,8,619,0,0,0,0,0,Bologna FC 1909,BOL,https://img.uefa.com/imgml/TP/teams/logos/240x240/52969.png,250125538,https://img.uefa.com/imgml/TP/players/1/2025/324x324/250125538.jpg,2024-25
Maximilian Beier,Germany,FORWARD,STRIKER,23,2002-10-17,12,617,1,0,0,2,0,Borussia Dortmund,BVB,https://img.uefa.com/imgml/TP/teams/logos/240x240/52758.png,250124222,https://img.uefa.com/imgml/TP/players/1/2025/324x324/250124222.jpg,2024-25
Thomas Meunier,Belgium,DEFENDER,FULL_BACK,34,1991-09-12,9,617,0,1,0,3,0,LOSC Lille,LIL,https://img.uefa.com/imgml/TP/teams/logos/240x240/75797.png,250029318,https://img.uefa.com/imgml/TP/players/1/2025/324x324/250029318.jpg,2024-25
Stefan Posch,Austria,DEFENDER,CENTRE_BACK,29,1997-05-14,8,617,0,0,0,2,0,Atalanta BC,ATA,https://img.uefa.com/imgml/TP/teams/logos/240x240/52816.png,250065419,https://img.uefa.com/imgml/TP/players/1/2025/324x324/250065419.jpg,2024-25
Samson Baidoo,Austria,DEFENDER,UNKNOWN,22,2004-03-31,7,617,0,0,0,1,0,FC Salzburg,SAL,https://img.uefa.com/imgml/TP/teams/logos/240x240/50030.png,250139010,https://img.uefa.com/imgml/TP/players/1/2025/324x324/250139010.jpg,2024-25
Massadio Haïdara,Mali,DEFENDER,UNKNOWN,33,1992-12-02,8,616,0,0,0,2,0,Stade Brestois 29,BRE,https://img.uefa.com/imgml/TP/teams/logos/240x240/2601306.png,250027780,https://img.uefa.com/imgml/TP/players/1/2025/324x324/250027780.jpg,2024-25
Otar Kiteishvili,Georgia,MIDFIELDER,UNKNOWN,30,1996-03-26,7,616,1,0,0,0,0,SK Sturm Graz,SGR,https://img.uefa.com/imgml/TP/teams/logos/240x240/50111.png,250078593,https://img.uefa.com/imgml/TP/players/1/2025/324x324/250078593.jpg,2024-25
Denis Zakaria,Switzerland,MIDFIELDER,CENTRAL_MIDFIELDER,29,1996-11-20,7,614,1,0,1,3,0,AS Monaco,MON,https://img.uefa.com/imgml/TP/teams/logos/240x240/50023.png,250079677,https://img.uefa.com/imgml/TP/players/1/2025/324x324/250079677.jpg,2024-25
Lamine Camara,Senegal,MIDFIELDER,UNKNOWN,22,2004-01-01,9,610,0,0,0,2,0,AS Monaco,MON,https://img.uefa.com/imgml/TP/teams/logos/240x240/50023.png,250198240,https://img.uefa.com/imgml/TP/players/1/2025/324x324/250198240.jpg,2024-25
Cameron Carter-Vickers,USA,DEFENDER,CENTRE_BACK,28,1997-12-31,7,609,0,0,0,1,0,Celtic FC,CEL,https://img.uefa.com/imgml/TP/teams/logos/240x240/50050.png,250094540,https://img.uefa.com/imgml/TP/players/1/2025/324x324/250094540.jpg,2024-25
Tochi Chukwuani,Denmark,MIDFIELDER,UNKNOWN,23,2003-03-24,7,607,0,1,0,2,0,SK Sturm Graz,SGR,https://img.uefa.com/imgml/TP/teams/logos/240x240/50111.png,250129341,https://img.uefa.com/imgml/TP/players/1/2025/324x324/250129341.jpg,2024-25
Mario Pašalić,Croatia,MIDFIELDER,CENTRAL_MIDFIELDER,31,1995-02-09,10,606,3,0,0,1,0,Atalanta BC,ATA,https://img.uefa.com/imgml/TP/teams/logos/240x240/52816.png,250042631,https://img.uefa.com/imgml/TP/players/1/2025/324x324/250042631.jpg,2024-25
Francisco Conceição,Portugal,FORWARD,UNKNOWN,23,2002-12-14,9,606,1,1,0,2,0,Juventus,JUV,https://img.uefa.com/imgml/TP/teams/logos/240x240/50139.png,250117405,https://img.uefa.com/imgml/TP/players/1/2025/324x324/250117405.jpg,2024-25
Viktor Gyökeres,Sweden,FORWARD,UNKNOWN,28,1998-06-04,8,606,6,0,2,1,0,Sporting Clube de Portugal,SPO,https://img.uefa.com/imgml/TP/teams/logos/240x240/50149.png,250105927,https://img.uefa.com/imgml/TP/players/1/2025/324x324/250105927.jpg,2024-25
Warren Zaïre-Emery,France,MIDFIELDER,DEFENSIVE_MIDFIELDER,20,2006-03-08,13,605,1,0,0,0,0,Paris Saint-Germain,PSG,https://img.uefa.com/imgml/TP/teams/logos/240x240/52747.png,250153849,https://img.uefa.com/imgml/TP/players/1/2025/324x324/250153849.jpg,2024-25
Qazim Laçi,Albania,MIDFIELDER,CENTRAL_MIDFIELDER,30,1996-01-19,8,605,1,0,0,0,0,AC Sparta Praha,SPA,https://img.uefa.com/imgml/TP/teams/logos/240x240/50033.png,250056159,https://img.uefa.com/imgml/TP/players/1/2025/324x324/250056159.jpg,2024-25
Kyriakos Savvidis,Greece,MIDFIELDER,UNKNOWN,30,1995-06-20,8,604,0,1,0,2,0,ŠK Slovan Bratislava,SLB,https://img.uefa.com/imgml/TP/teams/logos/240x240/52797.png,250064027,https://img.uefa.com/imgml/TP/players/1/2025/324x324/250064027.jpg,2024-25
Filip Ugrinic,Switzerland,MIDFIELDER,UNKNOWN,27,1999-01-05,7,598,0,1,0,3,0,BSC Young Boys,YB,https://img.uefa.com/imgml/TP/teams/logos/240x240/50031.png,250110734,https://img.uefa.com/imgml/TP/players/1/2025/324x324/250110734.jpg,2024-25
Quinten Timber,Netherlands,MIDFIELDER,CENTRAL_MIDFIELDER,24,2001-06-17,7,597,0,2,0,1,0,Feyenoord,FEY,https://img.uefa.com/imgml/TP/teams/logos/240x240/52749.png,250101727,https://img.uefa.com/imgml/TP/players/1/2025/324x324/250101727.jpg,2024-25
Amadou Haidara,Mali,MIDFIELDER,CENTRAL_MIDFIELDER,28,1998-01-31,8,593,0,0,0,1,0,RB Leipzig,RBL,https://img.uefa.com/imgml/TP/teams/logos/240x240/2603790.png,250102866,https://img.uefa.com/imgml/TP/players/1/2025/324x324/250102866.jpg,2024-25
Waldemar Anton,Germany,DEFENDER,UNKNOWN,29,1996-07-20,10,591,0,0,0,1,0,Borussia Dortmund,BVB,https://img.uefa.com/imgml/TP/teams/logos/240x240/52758.png,250101238,https://img.uefa.com/imgml/TP/players/1/2025/324x324/250101238.jpg,2024-25
Piotr Zieliński,Poland,MIDFIELDER,ATTACKING_MIDFIELDER,32,1994-05-20,10,587,0,1,0,0,0,FC Internazionale Milano,INT,https://img.uefa.com/imgml/TP/teams/logos/240x240/50138.png,250024370,https://img.uefa.com/imgml/TP/players/1/2025/324x324/250024370.jpg,2024-25
Savinho,Brazil,MIDFIELDER,UNKNOWN,22,2004-04-10,9,578,1,1,0,1,0,Manchester City,MCI,https://img.uefa.com/imgml/TP/teams/logos/240x240/52919.png,250174822,https://img.uefa.com/imgml/TP/players/1/2025/324x324/250174822.jpg,2024-25
Aleksandr Golovin,Russia,MIDFIELDER,ATTACKING_MIDFIELDER,30,1996-05-30,9,577,0,1,0,1,0,AS Monaco,MON,https://img.uefa.com/imgml/TP/teams/logos/240x240/50023.png,250058227,https://img.uefa.com/imgml/TP/players/1/2025/324x324/250058227.jpg,2024-25
Trent Alexander-Arnold,England,DEFENDER,UNKNOWN,27,1998-10-07,8,577,0,1,0,0,0,Liverpool FC,LIV,https://img.uefa.com/imgml/TP/teams/logos/240x240/7889.png,250076357,https://img.uefa.com/imgml/TP/players/1/2025/324x324/250076357.jpg,2024-25
Richard Ledezma,USA,MIDFIELDER,CENTRAL_MIDFIELDER,25,2000-09-06,11,576,0,0,0,1,0,PSV Eindhoven,PSV,https://img.uefa.com/imgml/TP/teams/logos/240x240/50062.png,250132195,https://img.uefa.com/imgml/TP/players/1/2025/324x324/250132195.jpg,2024-25
Greg Taylor,Scotland,DEFENDER,FULL_BACK,28,1997-11-05,8,576,0,1,0,1,0,Celtic FC,CEL,https://img.uefa.com/imgml/TP/teams/logos/240x240/50050.png,250112842,https://img.uefa.com/imgml/TP/players/1/2025/324x324/250112842.jpg,2024-25
Mateo Retegui,Italy,FORWARD,UNKNOWN,27,1999-04-29,10,575,3,0,0,0,0,Atalanta BC,ATA,https://img.uefa.com/imgml/TP/teams/logos/240x240/52816.png,250183519,https://img.uefa.com/imgml/TP/players/1/2025/324x324/250183519.jpg,2024-25
Lucas Vázquez,Spain,DEFENDER,STRIKER,34,1991-07-01,10,575,1,1,0,4,0,Real Madrid C.F.,RMA,https://img.uefa.com/imgml/TP/teams/logos/240x240/50051.png,250040521,https://img.uefa.com/imgml/TP/players/1/2025/324x324/250040521.jpg,2024-25
Cherif Ndiaye,Senegal,FORWARD,UNKNOWN,30,1996-01-23,8,572,2,1,1,2,0,FK Crvena Zvezda,ZVE,https://img.uefa.com/imgml/TP/teams/logos/240x240/50069.png,250187238,https://img.uefa.com/imgml/TP/players/1/2025/324x324/250187238.jpg,2024-25
Giuliano Simeone,Argentina,FORWARD,UNKNOWN,23,2002-12-18,9,571,1,2,0,2,0,Atlético de Madrid,ATM,https://img.uefa.com/imgml/TP/teams/logos/240x240/50124.png,250153634,https://img.uefa.com/imgml/TP/players/1/2025/324x324/250153634.jpg,2024-25
Federico Dimarco,Italy,DEFENDER,UNKNOWN,28,1997-11-10,10,570,0,2,0,1,0,FC Internazionale Milano,INT,https://img.uefa.com/imgml/TP/teams/logos/240x240/50138.png,250056189,https://img.uefa.com/imgml/TP/players/1/2025/324x324/250056189.jpg,2024-25
Alisson Becker,Brazil,GOALKEEPER,GOALKEEPER,33,1992-10-02,6,570,0,0,0,0,0,Liverpool FC,LIV,https://img.uefa.com/imgml/TP/teams/logos/240x240/7889.png,250099867,https://img.uefa.com/imgml/TP/players/1/2025/324x324/250099867.jpg,2024-25
Takumi Minamino,Japan,MIDFIELDER,STRIKER,31,1995-01-16,9,569,3,1,0,0,0,AS Monaco,MON,https://img.uefa.com/imgml/TP/teams/logos/240x240/50023.png,250081223,https://img.uefa.com/imgml/TP/players/1/2025/324x324/250081223.jpg,2024-25
Inbeom Hwang,Korea Republic,MIDFIELDER,UNKNOWN,29,1996-09-20,7,569,0,0,0,1,0,Feyenoord,FEY,https://img.uefa.com/imgml/TP/teams/logos/240x240/52749.png,250134536,https://img.uefa.com/imgml/TP/players/1/2025/324x324/250134536.jpg,2024-25
Zeno Debast,Belgium,DEFENDER,UNKNOWN,22,2003-10-24,8,568,1,1,0,2,0,Sporting Clube de Portugal,SPO,https://img.uefa.com/imgml/TP/teams/logos/240x240/50149.png,250137390,https://img.uefa.com/imgml/TP/players/1/2025/324x324/250137390.jpg,2024-25
Ngal'Ayel Mukau,DR Congo,MIDFIELDER,UNKNOWN,21,2004-11-03,8,567,2,0,0,2,0,LOSC Lille,LIL,https://img.uefa.com/imgml/TP/teams/logos/240x240/75797.png,250198114,https://img.uefa.com/imgml/TP/players/1/2025/324x324/250198114.jpg,2024-25
Jerdy Schouten,Netherlands,MIDFIELDER,UNKNOWN,29,1997-01-12,7,567,1,0,0,1,0,PSV Eindhoven,PSV,https://img.uefa.com/imgml/TP/teams/logos/240x240/50062.png,250172787,https://img.uefa.com/imgml/TP/players/1/2025/324x324/250172787.jpg,2024-25
Myles Lewis-Skelly,England,MIDFIELDER,UNKNOWN,19,2006-09-26,10,566,0,2,0,2,0,Arsenal FC,ARS,https://img.uefa.com/imgml/TP/teams/logos/240x240/52280.png,250181082,https://img.uefa.com/imgml/TP/players/1/2025/324x324/250181082.jpg,2024-25
Fikayo Tomori,England,DEFENDER,CENTRE_BACK,28,1997-12-19,7,565,0,1,0,3,0,AC Milan,MIL,https://img.uefa.com/imgml/TP/teams/logos/240x240/50058.png,250067630,https://img.uefa.com/imgml/TP/players/1/2025/324x324/250067630.jpg,2024-25
Andrea Cambiaso,Italy,DEFENDER,UNKNOWN,26,2000-02-20,7,564,0,1,0,0,0,Juventus,JUV,https://img.uefa.com/imgml/TP/teams/logos/240x240/50139.png,250163623,https://img.uefa.com/imgml/TP/players/1/2025/324x324/250163623.jpg,2024-25
Filip Panák,Czechia,DEFENDER,UNKNOWN,30,1995-11-02,7,562,0,1,0,0,0,AC Sparta Praha,SPA,https://img.uefa.com/imgml/TP/teams/logos/240x240/50033.png,250158901,https://img.uefa.com/imgml/TP/players/1/2025/324x324/250158901.jpg,2024-25
Kai Havertz,Germany,MIDFIELDER,STRIKER,26,1999-06-11,8,560,4,1,0,0,0,Arsenal FC,ARS,https://img.uefa.com/imgml/TP/teams/logos/240x240/52280.png,250087938,https://img.uefa.com/imgml/TP/players/1/2025/324x324/250087938.jpg,2024-25
Weston McKennie,USA,MIDFIELDER,UNKNOWN,27,1998-08-28,9,556,3,0,0,0,0,Juventus,JUV,https://img.uefa.com/imgml/TP/teams/logos/240x240/50139.png,250116904,https://img.uefa.com/imgml/TP/players/1/2025/324x324/250116904.jpg,2024-25
Timothy Weah,USA,MIDFIELDER,STRIKER,26,2000-02-22,9,556,1,1,0,1,0,Juventus,JUV,https://img.uefa.com/imgml/TP/teams/logos/240x240/50139.png,250101472,https://img.uefa.com/imgml/TP/players/1/2025/324x324/250101472.jpg,2024-25
Mika Biereth,Denmark,FORWARD,UNKNOWN,23,2003-02-08,8,555,2,0,0,0,0,AS Monaco,MON,https://img.uefa.com/imgml/TP/teams/logos/240x240/50023.png,250167111,https://img.uefa.com/imgml/TP/players/1/2025/324x324/250167111.jpg,2024-25
Atakan Karazor,Türkiye,MIDFIELDER,UNKNOWN,29,1996-10-13,7,555,0,0,0,1,0,VfB Stuttgart,STU,https://img.uefa.com/imgml/TP/teams/logos/240x240/50107.png,250196709,https://img.uefa.com/imgml/TP/players/1/2025/324x324/250196709.jpg,2024-25
Tigran Barseghyan,Armenia,MIDFIELDER,STRIKER,32,1993-09-22,8,553,1,2,0,2,0,ŠK Slovan Bratislava,SLB,https://img.uefa.com/imgml/TP/teams/logos/240x240/52797.png,250013022,https://img.uefa.com/imgml/TP/players/1/2025/324x324/250013022.jpg,2024-25
Matteo Darmian,Italy,DEFENDER,FULL_BACK,36,1989-12-02,10,552,0,0,0,0,0,FC Internazionale Milano,INT,https://img.uefa.com/imgml/TP/teams/logos/240x240/50138.png,103806,https://img.uefa.com/imgml/TP/players/1/2025/324x324/103806.jpg,2024-25
Chemsdine Talbi,Belgium,MIDFIELDER,UNKNOWN,21,2005-05-09,11,551,2,1,0,0,0,Club Brugge KV,BRU,https://img.uefa.com/imgml/TP/teams/logos/240x240/50043.png,250153701,https://img.uefa.com/imgml/TP/players/1/2025/324x324/250153701.jpg,2024-25
Andy Robertson,Scotland,DEFENDER,UNKNOWN,32,1994-03-11,8,551,0,1,0,2,0,Liverpool FC,LIV,https://img.uefa.com/imgml/TP/teams/logos/240x240/7889.png,250066157,https://img.uefa.com/imgml/TP/players/1/2025/324x324/250066157.jpg,2024-25
Dušan Vlahović,Serbia,FORWARD,STRIKER,26,2000-01-28,9,550,4,1,1,1,0,Juventus,JUV,https://img.uefa.com/imgml/TP/teams/logos/240x240/50139.png,250099180,https://img.uefa.com/imgml/TP/players/1/2025/324x324/250099180.jpg,2024-25
Serge Gnabry,Germany,FORWARD,WINGER,30,1995-07-14,12,549,0,3,0,2,0,FC Bayern München,BAY,https://img.uefa.com/imgml/TP/teams/logos/240x240/50037.png,250041770,https://img.uefa.com/imgml/TP/players/1/2025/324x324/250041770.jpg,2024-25
Ángel Di María,Argentina,FORWARD,UNKNOWN,38,1988-02-14,9,547,1,2,1,0,0,SL Benfica,BEN,https://img.uefa.com/imgml/TP/teams/logos/240x240/50147.png,1905153,https://img.uefa.com/imgml/TP/players/1/2025/324x324/1905153.jpg,2024-25
Hugo Bueno,Spain,DEFENDER,UNKNOWN,23,2002-09-18,9,546,0,1,0,1,0,Feyenoord,FEY,https://img.uefa.com/imgml/TP/teams/logos/240x240/52749.png,250189052,https://img.uefa.com/imgml/TP/players/1/2025/324x324/250189052.jpg,2024-25
Joey Veerman,Netherlands,MIDFIELDER,UNKNOWN,27,1998-11-19,8,545,0,3,0,2,0,PSV Eindhoven,PSV,https://img.uefa.com/imgml/TP/teams/logos/240x240/50062.png,250105890,https://img.uefa.com/imgml/TP/players/1/2025/324x324/250105890.jpg,2024-25
Josha Vagnoman,Germany,DEFENDER,UNKNOWN,25,2000-12-11,7,545,1,1,0,0,0,VfB Stuttgart,STU,https://img.uefa.com/imgml/TP/teams/logos/240x240/50107.png,250127538,https://img.uefa.com/imgml/TP/players/1/2025/324x324/250127538.jpg,2024-25
Eliesse Ben Seghir,Morocco,MIDFIELDER,UNKNOWN,21,2005-02-16,10,544,2,0,0,1,0,AS Monaco,MON,https://img.uefa.com/imgml/TP/teams/logos/240x240/50023.png,250167977,https://img.uefa.com/imgml/TP/players/1/2025/324x324/250167977.jpg,2024-25
Strahinja Pavlović,Serbia,DEFENDER,CENTRE_BACK,25,2001-05-24,7,541,0,0,0,0,0,AC Milan,MIL,https://img.uefa.com/imgml/TP/teams/logos/240x240/50058.png,250115948,https://img.uefa.com/imgml/TP/players/1/2025/324x324/250115948.jpg,2024-25
Miguel Gutiérrez,Spain,DEFENDER,UNKNOWN,24,2001-07-27,6,540,1,0,0,0,0,Girona FC,GIR,https://img.uefa.com/imgml/TP/teams/logos/240x240/2602798.png,250106969,https://img.uefa.com/imgml/TP/players/1/2025/324x324/250106969.jpg,2024-25
Raúl Torrente,Spain,DEFENDER,UNKNOWN,24,2001-09-11,6,540,0,0,0,1,0,GNK Dinamo,DIN,https://img.uefa.com/imgml/TP/teams/logos/240x240/50164.png,250148830,https://img.uefa.com/imgml/TP/players/1/2025/324x324/250148830.jpg,2024-25
Emanuel Aiwu,Austria,DEFENDER,UNKNOWN,25,2000-12-25,6,540,0,0,0,1,0,SK Sturm Graz,SGR,https://img.uefa.com/imgml/TP/teams/logos/240x240/50111.png,250121149,https://img.uefa.com/imgml/TP/players/1/2025/324x324/250121149.jpg,2024-25
Kjell Scherpen,Netherlands,GOALKEEPER,GOALKEEPER,26,2000-01-23,6,540,0,0,0,0,0,SK Sturm Graz,SGR,https://img.uefa.com/imgml/TP/teams/logos/240x240/50111.png,250123304,https://img.uefa.com/imgml/TP/players/1/2025/324x324/250123304.jpg,2024-25
Matěj Kovář,Czechia,GOALKEEPER,GOALKEEPER,26,2000-05-17,6,540,0,0,0,0,0,Bayer 04 Leverkusen,LEV,https://img.uefa.com/imgml/TP/teams/logos/240x240/50109.png,250117491,https://img.uefa.com/imgml/TP/players/1/2025/324x324/250117491.jpg,2024-25
Péter Gulácsi,Hungary,GOALKEEPER,GOALKEEPER,36,1990-05-06,6,540,0,0,0,0,0,RB Leipzig,RBL,https://img.uefa.com/imgml/TP/teams/logos/240x240/2603790.png,102420,https://img.uefa.com/imgml/TP/players/1/2025/324x324/102420.jpg,2024-25
Oleksandr Zubkov,Ukraine,MIDFIELDER,CENTRAL_MIDFIELDER,29,1996-08-03,8,537,2,1,0,0,0,FC Shakhtar Donetsk,SHK,https://img.uefa.com/imgml/TP/teams/logos/240x240/52707.png,250064446,https://img.uefa.com/imgml/TP/players/1/2025/324x324/250064446.jpg,2024-25
Ronaël Pierre-Gabriel,France,DEFENDER,CENTRE_BACK,27,1998-06-13,8,536,0,1,0,0,0,GNK Dinamo,DIN,https://img.uefa.com/imgml/TP/teams/logos/240x240/50164.png,250096716,https://img.uefa.com/imgml/TP/players/1/2025/324x324/250096716.jpg,2024-25
Malik Tillman,USA,MIDFIELDER,UNKNOWN,24,2002-05-28,6,534,3,2,0,3,0,PSV Eindhoven,PSV,https://img.uefa.com/imgml/TP/teams/logos/240x240/50062.png,250123677,https://img.uefa.com/imgml/TP/players/1/2025/324x324/250123677.jpg,2024-25
Leon Bailey,Jamaica,FORWARD,WINGER,28,1997-08-09,8,531,1,1,0,1,0,Aston Villa,AVL,https://img.uefa.com/imgml/TP/teams/logos/240x240/52683.png,250099054,https://img.uefa.com/imgml/TP/players/1/2025/324x324/250099054.jpg,2024-25
Matheus Nunes,Portugal,MIDFIELDER,UNKNOWN,27,1998-08-27,7,531,1,3,1,1,0,Manchester City,MCI,https://img.uefa.com/imgml/TP/teams/logos/240x240/52919.png,250145803,https://img.uefa.com/imgml/TP/players/1/2025/324x324/250145803.jpg,2024-25
Jhon Lucumi,Colombia,DEFENDER,CENTRE_BACK,27,1998-06-26,7,531,1,0,0,2,0,Bologna FC 1909,BOL,https://img.uefa.com/imgml/TP/teams/logos/240x240/52969.png,250121218,https://img.uefa.com/imgml/TP/players/1/2025/324x324/250121218.jpg,2024-25
Raphaël Guerreiro,Portugal,DEFENDER,FULL_BACK,32,1993-12-22,9,525,1,0,0,0,0,FC Bayern München,BAY,https://img.uefa.com/imgml/TP/teams/logos/240x240/50037.png,250066156,https://img.uefa.com/imgml/TP/players/1/2025/324x324/250066156.jpg,2024-25
Matěj Ryneš,Czechia,DEFENDER,CENTRAL_MIDFIELDER,25,2001-05-30,7,525,0,1,0,1,0,AC Sparta Praha,SPA,https://img.uefa.com/imgml/TP/teams/logos/240x240/50033.png,250113993,https://img.uefa.com/imgml/TP/players/1/2025/324x324/250113993.jpg,2024-25
İlkay Gündoğan,Germany,MIDFIELDER,CENTRAL_MIDFIELDER,35,1990-10-24,10,524,2,0,0,1,0,Manchester City,MCI,https://img.uefa.com/imgml/TP/teams/logos/240x240/52919.png,250005335,https://img.uefa.com/imgml/TP/players/1/2025/324x324/250005335.jpg,2024-25
Benjamin Šeško,Slovenia,FORWARD,UNKNOWN,23,2003-05-31,8,522,4,0,1,1,0,RB Leipzig,RBL,https://img.uefa.com/imgml/TP/teams/logos/240x240/2603790.png,250127111,https://img.uefa.com/imgml/TP/players/1/2025/324x324/250127111.jpg,2024-25
Ronald Araújo,Uruguay,DEFENDER,UNKNOWN,27,1999-03-07,8,520,1,0,0,0,0,FC Barcelona,BAR,https://img.uefa.com/imgml/TP/teams/logos/240x240/50080.png,250134170,https://img.uefa.com/imgml/TP/players/1/2025/324x324/250134170.jpg,2024-25
Antonio Nusa,Norway,MIDFIELDER,UNKNOWN,21,2005-04-17,8,518,0,0,0,0,0,RB Leipzig,RBL,https://img.uefa.com/imgml/TP/teams/logos/240x240/2603790.png,250163400,https://img.uefa.com/imgml/TP/players/1/2025/324x324/250163400.jpg,2024-25
Sandro Lauper,Switzerland,MIDFIELDER,CENTRE_BACK,29,1996-10-25,7,518,0,0,0,1,0,BSC Young Boys,YB,https://img.uefa.com/imgml/TP/teams/logos/240x240/50031.png,250085751,https://img.uefa.com/imgml/TP/players/1/2025/324x324/250085751.jpg,2024-25
Matty Cash,Poland,DEFENDER,UNKNOWN,28,1997-08-07,8,515,0,0,0,1,0,Aston Villa,AVL,https://img.uefa.com/imgml/TP/teams/logos/240x240/52683.png,250169376,https://img.uefa.com/imgml/TP/players/1/2025/324x324/250169376.jpg,2024-25
Nicolás Capaldo,Argentina,MIDFIELDER,UNKNOWN,27,1998-09-14,8,514,0,0,0,3,0,FC Salzburg,SAL,https://img.uefa.com/imgml/TP/teams/logos/240x240/50030.png,250161140,https://img.uefa.com/imgml/TP/players/1/2025/324x324/250161140.jpg,2024-25
Abdallah Sima,Senegal,FORWARD,STRIKER,24,2001-06-17,9,509,3,0,0,1,0,Stade Brestois 29,BRE,https://img.uefa.com/imgml/TP/teams/logos/240x240/2601306.png,250147342,https://img.uefa.com/imgml/TP/players/1/2025/324x324/250147342.jpg,2024-25
Wilfried Singo,Ivory Coast,DEFENDER,UNKNOWN,25,2000-12-25,6,508,2,1,0,2,1,AS Monaco,MON,https://img.uefa.com/imgml/TP/teams/logos/240x240/50023.png,250132323,https://img.uefa.com/imgml/TP/players/1/2025/324x324/250132323.jpg,2024-25
Remo Freuler,Switzerland,MIDFIELDER,CENTRAL_MIDFIELDER,34,1992-04-15,7,507,0,0,0,3,0,Bologna FC 1909,BOL,https://img.uefa.com/imgml/TP/teams/logos/240x240/52969.png,250023097,https://img.uefa.com/imgml/TP/players/1/2025/324x324/250023097.jpg,2024-25
Tomáš Wiesner,Czechia,DEFENDER,FULL_BACK,28,1997-07-17,7,507,0,0,0,0,0,AC Sparta Praha,SPA,https://img.uefa.com/imgml/TP/teams/logos/240x240/50033.png,250090809,https://img.uefa.com/imgml/TP/players/1/2025/324x324/250090809.jpg,2024-25
Geny Catamo,Mozambique,FORWARD,UNKNOWN,25,2001-01-26,8,506,1,1,0,0,0,Sporting Clube de Portugal,SPO,https://img.uefa.com/imgml/TP/teams/logos/240x240/50149.png,250145845,https://img.uefa.com/imgml/TP/players/1/2025/324x324/250145845.jpg,2024-25
Chris Führich,Germany,MIDFIELDER,UNKNOWN,28,1998-01-09,7,506,1,0,0,0,0,VfB Stuttgart,STU,https://img.uefa.com/imgml/TP/teams/logos/240x240/50107.png,250192048,https://img.uefa.com/imgml/TP/players/1/2025/324x324/250192048.jpg,2024-25
Alexander Bah,Denmark,DEFENDER,FULL_BACK,28,1997-12-09,7,500,1,2,0,2,0,SL Benfica,BEN,https://img.uefa.com/imgml/TP/teams/logos/240x240/50147.png,250145629,https://img.uefa.com/imgml/TP/players/1/2025/324x324/250145629.jpg,2024-25
Mohamed Ali Camara,Rep of Guinea,DEFENDER,CENTRE_BACK,28,1997-08-28,6,497,0,0,0,1,0,BSC Young Boys,YB,https://img.uefa.com/imgml/TP/teams/logos/240x240/50031.png,250122187,https://img.uefa.com/imgml/TP/players/1/2025/324x324/250122187.jpg,2024-25
Eduardo Camavinga,France,MIDFIELDER,DEFENSIVE_MIDFIELDER,23,2002-11-10,9,496,0,0,0,4,1,Real Madrid C.F.,RMA,https://img.uefa.com/imgml/TP/teams/logos/240x240/50051.png,250128270,https://img.uefa.com/imgml/TP/players/1/2025/324x324/250128270.jpg,2024-25
Sandro Kulenović,Croatia,FORWARD,STRIKER,26,1999-12-04,7,494,3,0,0,2,0,GNK Dinamo,DIN,https://img.uefa.com/imgml/TP/teams/logos/240x240/50164.png,250091187,https://img.uefa.com/imgml/TP/players/1/2025/324x324/250091187.jpg,2024-25
Davide Frattesi,Italy,MIDFIELDER,UNKNOWN,26,1999-09-22,13,493,2,0,0,1,0,FC Internazionale Milano,INT,https://img.uefa.com/imgml/TP/teams/logos/240x240/50138.png,250088150,https://img.uefa.com/imgml/TP/players/1/2025/324x324/250088150.jpg,2024-25
Zachary Athekame,Switzerland,DEFENDER,UNKNOWN,21,2004-12-13,8,493,0,0,0,1,0,BSC Young Boys,YB,https://img.uefa.com/imgml/TP/teams/logos/240x240/50031.png,250189047,https://img.uefa.com/imgml/TP/players/1/2025/324x324/250189047.jpg,2024-25
Giovanni Fabbian,Italy,MIDFIELDER,UNKNOWN,23,2003-01-14,7,493,0,0,0,2,0,Bologna FC 1909,BOL,https://img.uefa.com/imgml/TP/teams/logos/240x240/52969.png,250129746,https://img.uefa.com/imgml/TP/players/1/2025/324x324/250129746.jpg,2024-25
Veljko Birmančević,Serbia,MIDFIELDER,UNKNOWN,28,1998-03-05,6,493,0,0,0,1,0,AC Sparta Praha,SPA,https://img.uefa.com/imgml/TP/teams/logos/240x240/50033.png,250105717,https://img.uefa.com/imgml/TP/players/1/2025/324x324/250105717.jpg,2024-25
Silvère Ganvoula,Congo,FORWARD,UNKNOWN,29,1996-06-29,8,490,1,0,0,1,0,BSC Young Boys,YB,https://img.uefa.com/imgml/TP/teams/logos/240x240/50031.png,250112186,https://img.uefa.com/imgml/TP/players/1/2025/324x324/250112186.jpg,2024-25
Caio Henrique,Brazil,DEFENDER,UNKNOWN,28,1997-07-31,8,488,0,0,0,0,0,AS Monaco,MON,https://img.uefa.com/imgml/TP/teams/logos/240x240/50023.png,250101097,https://img.uefa.com/imgml/TP/players/1/2025/324x324/250101097.jpg,2024-25
Gonçalo Inácio,Portugal,DEFENDER,CENTRE_BACK,24,2001-08-25,7,488,1,0,0,0,0,Sporting Clube de Portugal,SPO,https://img.uefa.com/imgml/TP/teams/logos/240x240/50149.png,250136464,https://img.uefa.com/imgml/TP/players/1/2025/324x324/250136464.jpg,2024-25
Dorgeles Nene,Mali,FORWARD,UNKNOWN,23,2002-12-23,8,487,0,0,0,0,0,FC Salzburg,SAL,https://img.uefa.com/imgml/TP/teams/logos/240x240/50030.png,250187184,https://img.uefa.com/imgml/TP/players/1/2025/324x324/250187184.jpg,2024-25
Gabriel Gudmundsson,Sweden,DEFENDER,UNKNOWN,27,1999-04-29,9,485,0,1,0,0,0,LOSC Lille,LIL,https://img.uefa.com/imgml/TP/teams/logos/240x240/75797.png,250115192,https://img.uefa.com/imgml/TP/players/1/2025/324x324/250115192.jpg,2024-25
Khephren Thuram,France,MIDFIELDER,DEFENSIVE_MIDFIELDER,25,2001-03-26,9,485,0,0,0,0,0,Juventus,JUV,https://img.uefa.com/imgml/TP/teams/logos/240x240/50139.png,250106722,https://img.uefa.com/imgml/TP/players/1/2025/324x324/250106722.jpg,2024-25
Diego Carlos,Brazil,DEFENDER,UNKNOWN,33,1993-03-15,6,485,0,0,0,3,0,Aston Villa,AVL,https://img.uefa.com/imgml/TP/teams/logos/240x240/52683.png,250086136,https://img.uefa.com/imgml/TP/players/1/2025/324x324/250086136.jpg,2024-25
Ademola Lookman,Nigeria,FORWARD,WINGER,28,1997-10-20,7,483,5,2,0,0,0,Atalanta BC,ATA,https://img.uefa.com/imgml/TP/teams/logos/240x240/52816.png,250099258,https://img.uefa.com/imgml/TP/players/1/2025/324x324/250099258.jpg,2024-25
Christoph Baumgartner,Austria,MIDFIELDER,ATTACKING_MIDFIELDER,26,1999-08-01,8,482,2,1,0,2,0,RB Leipzig,RBL,https://img.uefa.com/imgml/TP/teams/logos/240x240/2603790.png,250089289,https://img.uefa.com/imgml/TP/players/1/2025/324x324/250089289.jpg,2024-25
Josip Mišić,Croatia,MIDFIELDER,CENTRAL_MIDFIELDER,31,1994-06-28,6,481,0,1,0,1,0,GNK Dinamo,DIN,https://img.uefa.com/imgml/TP/teams/logos/240x240/50164.png,250052554,https://img.uefa.com/imgml/TP/players/1/2025/324x324/250052554.jpg,2024-25
Jaouen Hadjam,Algeria,DEFENDER,UNKNOWN,23,2003-03-26,6,481,0,0,0,2,0,BSC Young Boys,YB,https://img.uefa.com/imgml/TP/teams/logos/240x240/50031.png,250171067,https://img.uefa.com/imgml/TP/players/1/2025/324x324/250171067.jpg,2024-25
Brahim Díaz,Morocco,FORWARD,ATTACKING_MIDFIELDER,26,1999-08-03,11,479,2,1,0,1,0,Real Madrid C.F.,RMA,https://img.uefa.com/imgml/TP/teams/logos/240x240/50051.png,250088039,https://img.uefa.com/imgml/TP/players/1/2025/324x324/250088039.jpg,2024-25
Kamil Piątkowski,Poland,DEFENDER,UNKNOWN,25,2000-06-21,6,478,0,1,0,2,0,FC Salzburg,SAL,https://img.uefa.com/imgml/TP/teams/logos/240x240/50030.png,250127492,https://img.uefa.com/imgml/TP/players/1/2025/324x324/250127492.jpg,2024-25
Mohammed Salisu,Ghana,DEFENDER,UNKNOWN,27,1999-04-17,6,477,1,0,0,1,0,AS Monaco,MON,https://img.uefa.com/imgml/TP/teams/logos/240x240/50023.png,250181712,https://img.uefa.com/imgml/TP/players/1/2025/324x324/250181712.jpg,2024-25
Benjamin Henrichs,Germany,DEFENDER,UNKNOWN,29,1997-02-23,6,475,0,0,0,2,0,RB Leipzig,RBL,https://img.uefa.com/imgml/TP/teams/logos/240x240/2603790.png,250058258,https://img.uefa.com/imgml/TP/players/1/2025/324x324/250058258.jpg,2024-25
Conor Gallagher,England,MIDFIELDER,UNKNOWN,26,2000-02-06,9,469,1,1,0,0,0,Atlético de Madrid,ATM,https://img.uefa.com/imgml/TP/teams/logos/240x240/50124.png,250113103,https://img.uefa.com/imgml/TP/players/1/2025/324x324/250113103.jpg,2024-25
Raoul Bellanova,Italy,DEFENDER,FULL_BACK,26,2000-05-17,8,468,1,0,0,1,0,Atalanta BC,ATA,https://img.uefa.com/imgml/TP/teams/logos/240x240/52816.png,250091828,https://img.uefa.com/imgml/TP/players/1/2025/324x324/250091828.jpg,2024-25
Kyogo Furuhashi,Japan,MIDFIELDER,UNKNOWN,31,1995-01-20,7,467,1,0,0,0,0,Celtic FC,CEL,https://img.uefa.com/imgml/TP/teams/logos/240x240/50050.png,250156459,https://img.uefa.com/imgml/TP/players/1/2025/324x324/250156459.jpg,2024-25
Maxime Bernauer,France,DEFENDER,CENTRE_BACK,27,1998-07-01,6,466,0,0,0,0,0,GNK Dinamo,DIN,https://img.uefa.com/imgml/TP/teams/logos/240x240/50164.png,250079541,https://img.uefa.com/imgml/TP/players/1/2025/324x324/250079541.jpg,2024-25
Darwin Núñez,Uruguay,FORWARD,STRIKER,26,1999-06-24,9,465,1,1,0,1,0,Liverpool FC,LIV,https://img.uefa.com/imgml/TP/teams/logos/240x240/7889.png,250144965,https://img.uefa.com/imgml/TP/players/1/2025/324x324/250144965.jpg,2024-25
Yukhym Konoplia,Ukraine,DEFENDER,UNKNOWN,26,1999-08-26,7,465,0,2,0,1,0,FC Shakhtar Donetsk,SHK,https://img.uefa.com/imgml/TP/teams/logos/240x240/52707.png,250112974,https://img.uefa.com/imgml/TP/players/1/2025/324x324/250112974.jpg,2024-25
Kang-in Lee,Korea Republic,MIDFIELDER,STRIKER,25,2001-02-19,11,463,0,0,0,0,0,Paris Saint-Germain,PSG,https://img.uefa.com/imgml/TP/teams/logos/240x240/52747.png,250121584,https://img.uefa.com/imgml/TP/players/1/2025/324x324/250121584.jpg,2024-25
Artem Bondarenko,Ukraine,MIDFIELDER,CENTRAL_MIDFIELDER,25,2000-08-21,8,463,0,0,0,0,0,FC Shakhtar Donetsk,SHK,https://img.uefa.com/imgml/TP/teams/logos/240x240/52707.png,250112969,https://img.uefa.com/imgml/TP/players/1/2025/324x324/250112969.jpg,2024-25
Kingsley Coman,France,FORWARD,WINGER,29,1996-06-13,11,460,1,0,0,2,0,FC Bayern München,BAY,https://img.uefa.com/imgml/TP/teams/logos/240x240/50037.png,250054949,https://img.uefa.com/imgml/TP/players/1/2025/324x324/250054949.jpg,2024-25
Kevin,Brazil,MIDFIELDER,UNKNOWN,23,2003-01-04,7,460,2,0,0,1,0,FC Shakhtar Donetsk,SHK,https://img.uefa.com/imgml/TP/teams/logos/240x240/52707.png,250193519,https://img.uefa.com/imgml/TP/players/1/2025/324x324/250193519.jpg,2024-25
Marko Tolić,Croatia,MIDFIELDER,ATTACKING_MIDFIELDER,29,1996-07-05,7,459,1,1,0,4,1,ŠK Slovan Bratislava,SLB,https://img.uefa.com/imgml/TP/teams/logos/240x240/52797.png,250098471,https://img.uefa.com/imgml/TP/players/1/2025/324x324/250098471.jpg,2024-25
Osame Sahraoui,Morocco,MIDFIELDER,UNKNOWN,24,2001-06-11,9,455,2,2,0,0,0,LOSC Lille,LIL,https://img.uefa.com/imgml/TP/teams/logos/240x240/75797.png,250146610,https://img.uefa.com/imgml/TP/players/1/2025/324x324/250146610.jpg,2024-25
Donny van de Beek,Netherlands,MIDFIELDER,CENTRAL_MIDFIELDER,29,1997-04-18,7,453,1,0,0,1,0,Girona FC,GIR,https://img.uefa.com/imgml/TP/teams/logos/240x240/2602798.png,250081207,https://img.uefa.com/imgml/TP/players/1/2025/324x324/250081207.jpg,2024-25
Bryan Gil,Spain,FORWARD,WINGER,25,2001-02-11,6,453,0,0,0,3,0,Girona FC,GIR,https://img.uefa.com/imgml/TP/teams/logos/240x240/2602798.png,250106967,https://img.uefa.com/imgml/TP/players/1/2025/324x324/250106967.jpg,2024-25
Mama Baldé,Guinea-Bissau,FORWARD,UNKNOWN,30,1995-11-06,9,452,0,2,0,0,0,Stade Brestois 29,BRE,https://img.uefa.com/imgml/TP/teams/logos/240x240/2601306.png,250102901,https://img.uefa.com/imgml/TP/players/1/2025/324x324/250102901.jpg,2024-25
Javier Galán,Spain,DEFENDER,UNKNOWN,31,1994-11-19,6,452,0,0,0,1,0,Atlético de Madrid,ATM,https://img.uefa.com/imgml/TP/teams/logos/240x240/50124.png,250186923,https://img.uefa.com/imgml/TP/players/1/2025/324x324/250186923.jpg,2024-25
Fermín López,Spain,FORWARD,CENTRAL_MIDFIELDER,23,2003-05-11,11,451,1,5,0,1,0,FC Barcelona,BAR,https://img.uefa.com/imgml/TP/teams/logos/240x240/50080.png,250164780,https://img.uefa.com/imgml/TP/players/1/2025/324x324/250164780.jpg,2024-25
Rúben Dias,Portugal,DEFENDER,CENTRE_BACK,29,1997-05-14,7,450,0,0,0,2,0,Manchester City,MCI,https://img.uefa.com/imgml/TP/teams/logos/240x240/52919.png,250058220,https://img.uefa.com/imgml/TP/players/1/2025/324x324/250058220.jpg,2024-25
Kevin Wimmer,Austria,DEFENDER,CENTRE_BACK,33,1992-11-15,5,450,1,0,0,1,0,ŠK Slovan Bratislava,SLB,https://img.uefa.com/imgml/TP/teams/logos/240x240/52797.png,250043066,https://img.uefa.com/imgml/TP/players/1/2025/324x324/250043066.jpg,2024-25
Jusuf Gazibegović,Bosnia and Herzegovina,DEFENDER,UNKNOWN,26,2000-03-11,5,450,0,0,0,3,0,SK Sturm Graz,SGR,https://img.uefa.com/imgml/TP/teams/logos/240x240/50111.png,250102868,https://img.uefa.com/imgml/TP/players/1/2025/324x324/250102868.jpg,2024-25
Ivan Nevistić,Croatia,GOALKEEPER,GOALKEEPER,27,1998-07-31,5,450,0,0,0,1,0,GNK Dinamo,DIN,https://img.uefa.com/imgml/TP/teams/logos/240x240/50164.png,250066131,https://img.uefa.com/imgml/TP/players/1/2025/324x324/250066131.jpg,2024-25
Iñaki Peña,Spain,GOALKEEPER,UNKNOWN,27,1999-03-02,5,450,0,0,0,0,0,FC Barcelona,BAR,https://img.uefa.com/imgml/TP/teams/logos/240x240/50080.png,250081721,https://img.uefa.com/imgml/TP/players/1/2025/324x324/250081721.jpg,2024-25
Santiago Giménez,Mexico,FORWARD,UNKNOWN,25,2001-04-18,7,449,6,1,1,1,0,AC Milan,MIL,https://img.uefa.com/imgml/TP/teams/logos/240x240/50058.png,250177879,https://img.uefa.com/imgml/TP/players/1/2025/324x324/250177879.jpg,2024-25
Niklas Geyrhofer,Austria,DEFENDER,UNKNOWN,26,2000-02-11,6,449,0,0,0,1,0,SK Sturm Graz,SGR,https://img.uefa.com/imgml/TP/teams/logos/240x240/50111.png,250155799,https://img.uefa.com/imgml/TP/players/1/2025/324x324/250155799.jpg,2024-25
Gerard Martín,Spain,DEFENDER,UNKNOWN,24,2002-02-26,8,447,0,3,0,0,0,FC Barcelona,BAR,https://img.uefa.com/imgml/TP/teams/logos/240x240/50080.png,250197801,https://img.uefa.com/imgml/TP/players/1/2025/324x324/250197801.jpg,2024-25
Oriol Romeu,Spain,MIDFIELDER,DEFENSIVE_MIDFIELDER,34,1991-09-24,6,447,0,0,0,2,0,Girona FC,GIR,https://img.uefa.com/imgml/TP/teams/logos/240x240/2602798.png,1906768,https://img.uefa.com/imgml/TP/players/1/2025/324x324/1906768.jpg,2024-25
Pedro Henrique,Brazil,DEFENDER,UNKNOWN,23,2002-07-11,6,447,0,0,0,1,1,FC Shakhtar Donetsk,SHK,https://img.uefa.com/imgml/TP/teams/logos/240x240/52707.png,250187672,https://img.uefa.com/imgml/TP/players/1/2025/324x324/250187672.jpg,2024-25
Łukasz Łakomy,Poland,MIDFIELDER,UNKNOWN,25,2001-01-18,7,444,1,0,0,1,0,BSC Young Boys,YB,https://img.uefa.com/imgml/TP/teams/logos/240x240/50031.png,250113947,https://img.uefa.com/imgml/TP/players/1/2025/324x324/250113947.jpg,2024-25
Kostas Tsimikas,Greece,DEFENDER,FULL_BACK,30,1996-05-12,6,444,0,1,0,1,0,Liverpool FC,LIV,https://img.uefa.com/imgml/TP/teams/logos/240x240/7889.png,250076631,https://img.uefa.com/imgml/TP/players/1/2025/324x324/250076631.jpg,2024-25
Lewin Blum,Switzerland,DEFENDER,FULL_BACK,24,2001-07-27,7,441,0,0,0,1,0,BSC Young Boys,YB,https://img.uefa.com/imgml/TP/teams/logos/240x240/50031.png,250124169,https://img.uefa.com/imgml/TP/players/1/2025/324x324/250124169.jpg,2024-25
Kamory Doumbia,Mali,MIDFIELDER,UNKNOWN,23,2003-02-18,10,440,0,0,0,0,0,Stade Brestois 29,BRE,https://img.uefa.com/imgml/TP/teams/logos/240x240/2601306.png,250200298,https://img.uefa.com/imgml/TP/players/1/2025/324x324/250200298.jpg,2024-25
Dani Olmo,Spain,FORWARD,WINGER,28,1998-05-07,9,440,2,1,0,0,0,FC Barcelona,BAR,https://img.uefa.com/imgml/TP/teams/logos/240x240/50080.png,250081720,https://img.uefa.com/imgml/TP/players/1/2025/324x324/250081720.jpg,2024-25
Matheus Reis,Brazil,DEFENDER,UNKNOWN,31,1995-02-18,8,435,0,0,0,0,0,Sporting Clube de Portugal,SPO,https://img.uefa.com/imgml/TP/teams/logos/240x240/50149.png,250121330,https://img.uefa.com/imgml/TP/players/1/2025/324x324/250121330.jpg,2024-25
Alejandro Francés,Spain,DEFENDER,UNKNOWN,23,2002-08-01,6,435,0,0,0,2,0,Girona FC,GIR,https://img.uefa.com/imgml/TP/teams/logos/240x240/2602798.png,250134728,https://img.uefa.com/imgml/TP/players/1/2025/324x324/250134728.jpg,2024-25
Pablo Barrios,Spain,MIDFIELDER,UNKNOWN,22,2003-06-15,6,434,0,0,0,1,1,Atlético de Madrid,ATM,https://img.uefa.com/imgml/TP/teams/logos/240x240/50124.png,250139036,https://img.uefa.com/imgml/TP/players/1/2025/324x324/250139036.jpg,2024-25
Riccardo Calafiori,Italy,DEFENDER,FULL_BACK,24,2002-05-19,8,431,1,1,0,2,0,Arsenal FC,ARS,https://img.uefa.com/imgml/TP/teams/logos/240x240/52280.png,250113392,https://img.uefa.com/imgml/TP/players/1/2025/324x324/250113392.jpg,2024-25
Nahuel Molina,Argentina,DEFENDER,UNKNOWN,28,1998-04-06,8,427,1,0,0,0,0,Atlético de Madrid,ATM,https://img.uefa.com/imgml/TP/teams/logos/240x240/50124.png,250172673,https://img.uefa.com/imgml/TP/players/1/2025/324x324/250172673.jpg,2024-25
Nicolò Savona,Italy,DEFENDER,UNKNOWN,23,2003-03-19,7,427,0,0,0,1,0,Juventus,JUV,https://img.uefa.com/imgml/TP/teams/logos/240x240/50139.png,250138653,https://img.uefa.com/imgml/TP/players/1/2025/324x324/250138653.jpg,2024-25
Deniz Undav,Germany,FORWARD,UNKNOWN,29,1996-07-19,6,425,1,1,0,1,0,VfB Stuttgart,STU,https://img.uefa.com/imgml/TP/teams/logos/240x240/50107.png,250194673,https://img.uefa.com/imgml/TP/players/1/2025/324x324/250194673.jpg,2024-25
Victor  Olatunji,Nigeria,FORWARD,UNKNOWN,26,1999-09-05,8,424,2,1,0,2,0,AC Sparta Praha,SPA,https://img.uefa.com/imgml/TP/teams/logos/240x240/50033.png,250174063,https://img.uefa.com/imgml/TP/players/1/2025/324x324/250174063.jpg,2024-25
Mitchel Bakker,Netherlands,MIDFIELDER,UNKNOWN,25,2000-06-20,8,422,1,0,0,1,0,LOSC Lille,LIL,https://img.uefa.com/imgml/TP/teams/logos/240x240/75797.png,250101723,https://img.uefa.com/imgml/TP/players/1/2025/324x324/250101723.jpg,2024-25
Ferran Torres,Spain,FORWARD,WINGER,26,2000-02-29,11,421,3,1,0,1,0,FC Barcelona,BAR,https://img.uefa.com/imgml/TP/teams/logos/240x240/50080.png,250088320,https://img.uefa.com/imgml/TP/players/1/2025/324x324/250088320.jpg,2024-25
Josip Stanišić,Croatia,DEFENDER,UNKNOWN,26,2000-04-02,6,421,0,0,0,0,0,FC Bayern München,BAY,https://img.uefa.com/imgml/TP/teams/logos/240x240/50037.png,250112220,https://img.uefa.com/imgml/TP/players/1/2025/324x324/250112220.jpg,2024-25
Andrija Maksimović,Serbia,MIDFIELDER,UNKNOWN,18,2007-06-05,7,418,0,0,0,2,0,FK Crvena Zvezda,ZVE,https://img.uefa.com/imgml/TP/teams/logos/240x240/50069.png,250177722,https://img.uefa.com/imgml/TP/players/1/2025/324x324/250177722.jpg,2024-25
Matteo Dams,Belgium,DEFENDER,UNKNOWN,22,2004-03-09,6,417,0,0,0,3,0,PSV Eindhoven,PSV,https://img.uefa.com/imgml/TP/teams/logos/240x240/50062.png,250169764,https://img.uefa.com/imgml/TP/players/1/2025/324x324/250169764.jpg,2024-25
Arnau Martínez,Spain,DEFENDER,UNKNOWN,23,2003-04-25,5,415,0,0,0,3,1,Girona FC,GIR,https://img.uefa.com/imgml/TP/teams/logos/240x240/2602798.png,250168990,https://img.uefa.com/imgml/TP/players/1/2025/324x324/250168990.jpg,2024-25
Yunus Musah,USA,MIDFIELDER,UNKNOWN,23,2002-11-29,7,414,0,0,0,3,1,AC Milan,MIL,https://img.uefa.com/imgml/TP/teams/logos/240x240/50058.png,250117511,https://img.uefa.com/imgml/TP/players/1/2025/324x324/250117511.jpg,2024-25
Jamie Leweling,Germany,FORWARD,UNKNOWN,25,2001-02-26,5,412,2,1,0,0,0,VfB Stuttgart,STU,https://img.uefa.com/imgml/TP/teams/logos/240x240/50107.png,250138382,https://img.uefa.com/imgml/TP/players/1/2025/324x324/250138382.jpg,2024-25
Samuel Lino,Brazil,MIDFIELDER,UNKNOWN,26,1999-12-23,10,411,0,3,0,0,0,Atlético de Madrid,ATM,https://img.uefa.com/imgml/TP/teams/logos/240x240/50124.png,250173502,https://img.uefa.com/imgml/TP/players/1/2025/324x324/250173502.jpg,2024-25
Thijs Dallinga,Netherlands,FORWARD,UNKNOWN,25,2000-08-03,8,410,1,0,0,0,0,Bologna FC 1909,BOL,https://img.uefa.com/imgml/TP/teams/logos/240x240/52969.png,250127540,https://img.uefa.com/imgml/TP/players/1/2025/324x324/250127540.jpg,2024-25
Andreas Schjelderup,Norway,FORWARD,UNKNOWN,22,2004-06-01,7,408,0,2,0,0,0,SL Benfica,BEN,https://img.uefa.com/imgml/TP/teams/logos/240x240/50147.png,250138999,https://img.uefa.com/imgml/TP/players/1/2025/324x324/250138999.jpg,2024-25
Eguinaldo,Brazil,FORWARD,UNKNOWN,21,2004-08-09,7,408,0,1,0,0,0,FC Shakhtar Donetsk,SHK,https://img.uefa.com/imgml/TP/teams/logos/240x240/52707.png,250187759,https://img.uefa.com/imgml/TP/players/1/2025/324x324/250187759.jpg,2024-25
Patrik Schick,Czechia,FORWARD,STRIKER,30,1996-01-24,8,407,1,0,0,1,0,Bayer 04 Leverkusen,LEV,https://img.uefa.com/imgml/TP/teams/logos/240x240/50109.png,250055110,https://img.uefa.com/imgml/TP/players/1/2025/324x324/250055110.jpg,2024-25
Dani Ceballos,Spain,MIDFIELDER,CENTRAL_MIDFIELDER,29,1996-08-07,9,406,0,1,0,1,0,Real Madrid C.F.,RMA,https://img.uefa.com/imgml/TP/teams/logos/240x240/50051.png,250086709,https://img.uefa.com/imgml/TP/players/1/2025/324x324/250086709.jpg,2024-25
Nicolas Seiwald,Austria,MIDFIELDER,UNKNOWN,25,2001-05-04,7,406,0,1,0,0,0,RB Leipzig,RBL,https://img.uefa.com/imgml/TP/teams/logos/240x240/2603790.png,250114167,https://img.uefa.com/imgml/TP/players/1/2025/324x324/250114167.jpg,2024-25
Ermedin Demirović,Bosnia and Herzegovina,MIDFIELDER,UNKNOWN,28,1998-03-25,8,404,1,0,0,2,0,VfB Stuttgart,STU,https://img.uefa.com/imgml/TP/teams/logos/240x240/50107.png,250079383,https://img.uefa.com/imgml/TP/players/1/2025/324x324/250079383.jpg,2024-25
Matteo Gabbia,Italy,DEFENDER,CENTRE_BACK,26,1999-10-21,6,404,0,0,0,1,0,AC Milan,MIL,https://img.uefa.com/imgml/TP/teams/logos/240x240/50058.png,250091198,https://img.uefa.com/imgml/TP/players/1/2025/324x324/250091198.jpg,2024-25
Koke,Spain,MIDFIELDER,CENTRAL_MIDFIELDER,34,1992-01-08,7,402,0,1,0,0,0,Atlético de Madrid,ATM,https://img.uefa.com/imgml/TP/teams/logos/240x240/50124.png,1909917,https://img.uefa.com/imgml/TP/players/1/2025/324x324/1909917.jpg,2024-25
Aleksa Terzić,Serbia,DEFENDER,UNKNOWN,26,1999-08-17,6,402,0,0,0,0,0,FC Salzburg,SAL,https://img.uefa.com/imgml/TP/teams/logos/240x240/50030.png,250089719,https://img.uefa.com/imgml/TP/players/1/2025/324x324/250089719.jpg,2024-25
Kevin De Bruyne,Belgium,MIDFIELDER,ATTACKING_MIDFIELDER,34,1991-06-28,7,398,0,0,0,0,0,Manchester City,MCI,https://img.uefa.com/imgml/TP/teams/logos/240x240/52919.png,250008901,https://img.uefa.com/imgml/TP/players/1/2025/324x324/250008901.jpg,2024-25
Álvaro Morata,Spain,FORWARD,STRIKER,33,1992-10-23,7,396,1,1,0,3,0,AC Milan,MIL,https://img.uefa.com/imgml/TP/teams/logos/240x240/50058.png,250024456,https://img.uefa.com/imgml/TP/players/1/2025/324x324/250024456.jpg,2024-25
Adam Daghim,Denmark,FORWARD,UNKNOWN,20,2005-09-28,7,393,1,0,0,1,0,FC Salzburg,SAL,https://img.uefa.com/imgml/TP/teams/logos/240x240/50030.png,250187143,https://img.uefa.com/imgml/TP/players/1/2025/324x324/250187143.jpg,2024-25
Jacob Ramsey,England,MIDFIELDER,UNKNOWN,25,2001-05-28,10,392,1,2,0,0,0,Aston Villa,AVL,https://img.uefa.com/imgml/TP/teams/logos/240x240/52683.png,250163250,https://img.uefa.com/imgml/TP/players/1/2025/324x324/250163250.jpg,2024-25
Juanpe,Spain,DEFENDER,UNKNOWN,35,1991-04-30,5,390,1,1,0,0,0,Girona FC,GIR,https://img.uefa.com/imgml/TP/teams/logos/240x240/2602798.png,250197796,https://img.uefa.com/imgml/TP/players/1/2025/324x324/250197796.jpg,2024-25
Arnaut Danjuma,Netherlands,MIDFIELDER,STRIKER,29,1997-01-31,7,388,1,2,0,1,0,Girona FC,GIR,https://img.uefa.com/imgml/TP/teams/logos/240x240/2602798.png,250088104,https://img.uefa.com/imgml/TP/players/1/2025/324x324/250088104.jpg,2024-25
Rémy Cabella,France,MIDFIELDER,ATTACKING_MIDFIELDER,36,1990-03-08,7,388,1,1,0,1,0,LOSC Lille,LIL,https://img.uefa.com/imgml/TP/teams/logos/240x240/75797.png,250010223,https://img.uefa.com/imgml/TP/players/1/2025/324x324/250010223.jpg,2024-25
Ayase Ueda,Japan,FORWARD,UNKNOWN,27,1998-08-28,8,383,2,0,0,0,0,Feyenoord,FEY,https://img.uefa.com/imgml/TP/teams/logos/240x240/52749.png,250181460,https://img.uefa.com/imgml/TP/players/1/2025/324x324/250181460.jpg,2024-25
Seedy Jatta,Norway,FORWARD,UNKNOWN,23,2003-03-18,8,383,0,1,0,1,0,SK Sturm Graz,SGR,https://img.uefa.com/imgml/TP/teams/logos/240x240/50111.png,250129175,https://img.uefa.com/imgml/TP/players/1/2025/324x324/250129175.jpg,2024-25
Nikola Moro,Croatia,MIDFIELDER,DEFENSIVE_MIDFIELDER,28,1998-03-12,7,381,0,0,0,1,0,Bologna FC 1909,BOL,https://img.uefa.com/imgml/TP/teams/logos/240x240/52969.png,250079279,https://img.uefa.com/imgml/TP/players/1/2025/324x324/250079279.jpg,2024-25
Janis Blaswich,Germany,GOALKEEPER,UNKNOWN,35,1991-05-02,5,381,0,0,0,1,0,FC Salzburg,SAL,https://img.uefa.com/imgml/TP/teams/logos/240x240/50030.png,250051291,https://img.uefa.com/imgml/TP/players/1/2025/324x324/250051291.jpg,2024-25
Castello Lukeba,France,DEFENDER,UNKNOWN,23,2002-12-17,5,378,0,0,0,3,0,RB Leipzig,RBL,https://img.uefa.com/imgml/TP/teams/logos/240x240/2603790.png,250124068,https://img.uefa.com/imgml/TP/players/1/2025/324x324/250124068.jpg,2024-25
Pierre Lees-Melou,France,MIDFIELDER,WINGER,33,1993-05-25,5,374,1,0,0,1,0,Stade Brestois 29,BRE,https://img.uefa.com/imgml/TP/teams/logos/240x240/2601306.png,250110894,https://img.uefa.com/imgml/TP/players/1/2025/324x324/250110894.jpg,2024-25
Ian Maatsen,Netherlands,DEFENDER,UNKNOWN,24,2002-03-10,10,373,1,0,0,1,0,Aston Villa,AVL,https://img.uefa.com/imgml/TP/teams/logos/240x240/52683.png,250117581,https://img.uefa.com/imgml/TP/players/1/2025/324x324/250117581.jpg,2024-25
Hidemasa Morita,Japan,MIDFIELDER,UNKNOWN,31,1995-05-10,7,372,0,0,0,1,0,Sporting Clube de Portugal,SPO,https://img.uefa.com/imgml/TP/teams/logos/240x240/50149.png,250156457,https://img.uefa.com/imgml/TP/players/1/2025/324x324/250156457.jpg,2024-25
Charalampos Lykogiannis,Greece,DEFENDER,UNKNOWN,32,1993-10-22,5,371,0,1,0,3,0,Bologna FC 1909,BOL,https://img.uefa.com/imgml/TP/teams/logos/240x240/52969.png,250013058,https://img.uefa.com/imgml/TP/players/1/2025/324x324/250013058.jpg,2024-25
Ognjen Mimović,Serbia,DEFENDER,UNKNOWN,21,2004-08-17,5,371,0,0,0,0,0,FK Crvena Zvezda,ZVE,https://img.uefa.com/imgml/TP/teams/logos/240x240/50069.png,250164004,https://img.uefa.com/imgml/TP/players/1/2025/324x324/250164004.jpg,2024-25
Thomas Müller,Germany,FORWARD,WINGER,36,1989-09-13,12,370,3,1,0,1,0,FC Bayern München,BAY,https://img.uefa.com/imgml/TP/teams/logos/240x240/50037.png,250003318,https://img.uefa.com/imgml/TP/players/1/2025/324x324/250003318.jpg,2024-25
Mathias Pereira Lage,France,FORWARD,UNKNOWN,29,1996-11-30,9,370,1,0,0,1,0,Stade Brestois 29,BRE,https://img.uefa.com/imgml/TP/teams/logos/240x240/2601306.png,250123428,https://img.uefa.com/imgml/TP/players/1/2025/324x324/250123428.jpg,2024-25
Liam Scales,Republic of Ireland,DEFENDER,UNKNOWN,27,1998-08-08,6,370,1,0,0,0,0,Celtic FC,CEL,https://img.uefa.com/imgml/TP/teams/logos/240x240/50050.png,250129446,https://img.uefa.com/imgml/TP/players/1/2025/324x324/250129446.jpg,2024-25
Cody Gakpo,Netherlands,FORWARD,WINGER,27,1999-05-07,8,369,3,1,1,0,0,Liverpool FC,LIV,https://img.uefa.com/imgml/TP/teams/logos/240x240/7889.png,250096849,https://img.uefa.com/imgml/TP/players/1/2025/324x324/250096849.jpg,2024-25
Andreas Skov Olsen,Denmark,FORWARD,UNKNOWN,26,1999-12-29,6,369,0,0,0,1,0,Club Brugge KV,BRU,https://img.uefa.com/imgml/TP/teams/logos/240x240/50043.png,250097638,https://img.uefa.com/imgml/TP/players/1/2025/324x324/250097638.jpg,2024-25
David López,Spain,DEFENDER,CENTRE_BACK,36,1989-10-09,5,368,1,0,0,1,0,Girona FC,GIR,https://img.uefa.com/imgml/TP/teams/logos/240x240/2602798.png,250032786,https://img.uefa.com/imgml/TP/players/1/2025/324x324/250032786.jpg,2024-25
Reinildo,Mozambique,DEFENDER,FULL_BACK,32,1994-01-21,6,367,0,0,0,1,0,Atlético de Madrid,ATM,https://img.uefa.com/imgml/TP/teams/logos/240x240/50124.png,250132831,https://img.uefa.com/imgml/TP/players/1/2025/324x324/250132831.jpg,2024-25
Aleix García,Spain,MIDFIELDER,UNKNOWN,28,1997-06-28,10,365,1,0,0,2,0,Bayer 04 Leverkusen,LEV,https://img.uefa.com/imgml/TP/teams/logos/240x240/50109.png,250065301,https://img.uefa.com/imgml/TP/players/1/2025/324x324/250065301.jpg,2024-25
Mamady Diambou,Mali,MIDFIELDER,UNKNOWN,23,2002-11-11,7,365,0,0,0,0,0,FC Salzburg,SAL,https://img.uefa.com/imgml/TP/teams/logos/240x240/50030.png,250161141,https://img.uefa.com/imgml/TP/players/1/2025/324x324/250161141.jpg,2024-25
Nicolás González,Argentina,FORWARD,UNKNOWN,28,1998-04-06,6,365,1,1,0,0,0,Juventus,JUV,https://img.uefa.com/imgml/TP/teams/logos/240x240/50139.png,250137525,https://img.uefa.com/imgml/TP/players/1/2025/324x324/250137525.jpg,2024-25
Jon Gorenc Stanković,Slovenia,MIDFIELDER,UNKNOWN,30,1996-01-14,5,365,0,0,0,1,0,SK Sturm Graz,SGR,https://img.uefa.com/imgml/TP/teams/logos/240x240/50111.png,250054969,https://img.uefa.com/imgml/TP/players/1/2025/324x324/250054969.jpg,2024-25
John Stones,England,DEFENDER,CENTRE_BACK,32,1994-05-28,6,364,1,1,0,1,0,Manchester City,MCI,https://img.uefa.com/imgml/TP/teams/logos/240x240/52919.png,250064233,https://img.uefa.com/imgml/TP/players/1/2025/324x324/250064233.jpg,2024-25
Marko Rog,Croatia,MIDFIELDER,CENTRAL_MIDFIELDER,30,1995-07-19,7,362,0,0,0,2,0,GNK Dinamo,DIN,https://img.uefa.com/imgml/TP/teams/logos/240x240/50164.png,250071671,https://img.uefa.com/imgml/TP/players/1/2025/324x324/250071671.jpg,2024-25
Edon Zhegrova,Kosovo,FORWARD,WINGER,27,1999-03-31,5,361,1,1,0,1,0,LOSC Lille,LIL,https://img.uefa.com/imgml/TP/teams/logos/240x240/75797.png,250118504,https://img.uefa.com/imgml/TP/players/1/2025/324x324/250118504.jpg,2024-25
Nordi Mukiele,France,DEFENDER,FULL_BACK,28,1997-11-01,5,360,1,1,0,2,1,Bayer 04 Leverkusen,LEV,https://img.uefa.com/imgml/TP/teams/logos/240x240/50109.png,250121329,https://img.uefa.com/imgml/TP/players/1/2025/324x324/250121329.jpg,2024-25
Jakub Moder,Poland,MIDFIELDER,CENTRAL_MIDFIELDER,27,1999-04-07,4,360,1,0,1,1,0,Feyenoord,FEY,https://img.uefa.com/imgml/TP/teams/logos/240x240/52749.png,250092129,https://img.uefa.com/imgml/TP/players/1/2025/324x324/250092129.jpg,2024-25
Asger Sørensen,Denmark,DEFENDER,CENTRE_BACK,29,1996-06-05,4,360,0,0,0,1,0,AC Sparta Praha,SPA,https://img.uefa.com/imgml/TP/teams/logos/240x240/50033.png,250055149,https://img.uefa.com/imgml/TP/players/1/2025/324x324/250055149.jpg,2024-25
Lukas Hrádecký,Finland,GOALKEEPER,GOALKEEPER,36,1989-11-24,4,360,0,0,0,1,0,Bayer 04 Leverkusen,LEV,https://img.uefa.com/imgml/TP/teams/logos/240x240/50109.png,1907188,https://img.uefa.com/imgml/TP/players/1/2025/324x324/1907188.jpg,2024-25
Marvin Keller,Switzerland,GOALKEEPER,UNKNOWN,23,2002-07-03,4,360,0,0,0,0,0,BSC Young Boys,YB,https://img.uefa.com/imgml/TP/teams/logos/240x240/50031.png,250138250,https://img.uefa.com/imgml/TP/players/1/2025/324x324/250138250.jpg,2024-25
Caoimhín Kelleher,Republic of Ireland,GOALKEEPER,UNKNOWN,27,1998-11-23,4,360,0,0,0,0,0,Liverpool FC,LIV,https://img.uefa.com/imgml/TP/teams/logos/240x240/7889.png,250077750,https://img.uefa.com/imgml/TP/players/1/2025/324x324/250077750.jpg,2024-25
David von Ballmoos,Switzerland,GOALKEEPER,GOALKEEPER,31,1994-12-30,4,360,0,0,0,0,0,BSC Young Boys,YB,https://img.uefa.com/imgml/TP/teams/logos/240x240/50031.png,250052744,https://img.uefa.com/imgml/TP/players/1/2025/324x324/250052744.jpg,2024-25
Kristjan Asllani,Albania,MIDFIELDER,UNKNOWN,24,2002-03-09,8,355,0,0,0,3,0,FC Internazionale Milano,INT,https://img.uefa.com/imgml/TP/teams/logos/240x240/50138.png,250143669,https://img.uefa.com/imgml/TP/players/1/2025/324x324/250143669.jpg,2024-25
Jack Grealish,England,MIDFIELDER,UNKNOWN,30,1995-09-10,6,354,1,0,0,1,0,Manchester City,MCI,https://img.uefa.com/imgml/TP/teams/logos/240x240/52919.png,250042329,https://img.uefa.com/imgml/TP/players/1/2025/324x324/250042329.jpg,2024-25
Bart Nieuwkoop,Netherlands,DEFENDER,FULL_BACK,30,1996-03-07,5,353,0,1,0,0,0,Feyenoord,FEY,https://img.uefa.com/imgml/TP/teams/logos/240x240/52749.png,250056685,https://img.uefa.com/imgml/TP/players/1/2025/324x324/250056685.jpg,2024-25
Curtis Jones,England,MIDFIELDER,UNKNOWN,25,2001-01-30,8,352,0,2,0,0,0,Liverpool FC,LIV,https://img.uefa.com/imgml/TP/teams/logos/240x240/7889.png,250106935,https://img.uefa.com/imgml/TP/players/1/2025/324x324/250106935.jpg,2024-25
Daniel Svensson,Sweden,DEFENDER,UNKNOWN,24,2002-02-12,4,352,0,0,0,0,0,Borussia Dortmund,BVB,https://img.uefa.com/imgml/TP/teams/logos/240x240/52758.png,250156423,https://img.uefa.com/imgml/TP/players/1/2025/324x324/250156423.jpg,2024-25
Max Johnston,Scotland,DEFENDER,UNKNOWN,22,2003-12-26,5,348,0,0,0,1,0,SK Sturm Graz,SGR,https://img.uefa.com/imgml/TP/teams/logos/240x240/50111.png,250142271,https://img.uefa.com/imgml/TP/players/1/2025/324x324/250142271.jpg,2024-25
Samuel Iling-Junior,England,MIDFIELDER,UNKNOWN,22,2003-10-04,8,347,1,0,0,1,0,Bologna FC 1909,BOL,https://img.uefa.com/imgml/TP/teams/logos/240x240/52969.png,250128385,https://img.uefa.com/imgml/TP/players/1/2025/324x324/250128385.jpg,2024-25
Mirko Ivanić,Montenegro,MIDFIELDER,ATTACKING_MIDFIELDER,32,1993-09-13,5,346,1,1,0,0,0,FK Crvena Zvezda,ZVE,https://img.uefa.com/imgml/TP/teams/logos/240x240/50069.png,250052849,https://img.uefa.com/imgml/TP/players/1/2025/324x324/250052849.jpg,2024-25
Marko Pjaca,Croatia,FORWARD,WINGER,31,1995-05-06,6,344,1,3,0,1,0,GNK Dinamo,DIN,https://img.uefa.com/imgml/TP/teams/logos/240x240/50164.png,250042632,https://img.uefa.com/imgml/TP/players/1/2025/324x324/250042632.jpg,2024-25
Moussa Yeo,Mali,MIDFIELDER,UNKNOWN,22,2004-06-01,6,343,0,0,0,1,0,FC Salzburg,SAL,https://img.uefa.com/imgml/TP/teams/logos/240x240/50030.png,250177423,https://img.uefa.com/imgml/TP/players/1/2025/324x324/250177423.jpg,2024-25
Yangel Herrera,Venezuela,MIDFIELDER,DEFENSIVE_MIDFIELDER,28,1998-01-07,5,343,0,0,0,1,0,Girona FC,GIR,https://img.uefa.com/imgml/TP/teams/logos/240x240/2602798.png,250144858,https://img.uefa.com/imgml/TP/players/1/2025/324x324/250144858.jpg,2024-25
Cheikh Niasse,Senegal,MIDFIELDER,DEFENSIVE_MIDFIELDER,26,2000-01-19,5,341,0,1,0,2,0,BSC Young Boys,YB,https://img.uefa.com/imgml/TP/teams/logos/240x240/50031.png,250132886,https://img.uefa.com/imgml/TP/players/1/2025/324x324/250132886.jpg,2024-25
Arthur Vermeeren,Belgium,MIDFIELDER,UNKNOWN,21,2005-02-07,7,339,0,0,0,0,0,RB Leipzig,RBL,https://img.uefa.com/imgml/TP/teams/logos/240x240/2603790.png,250166930,https://img.uefa.com/imgml/TP/players/1/2025/324x324/250166930.jpg,2024-25
Adam Idah,Republic of Ireland,FORWARD,UNKNOWN,25,2001-02-11,10,338,3,1,0,0,0,Celtic FC,CEL,https://img.uefa.com/imgml/TP/teams/logos/240x240/50050.png,250105167,https://img.uefa.com/imgml/TP/players/1/2025/324x324/250105167.jpg,2024-25
Santiago Castro,Argentina,FORWARD,UNKNOWN,21,2004-09-18,7,338,0,0,0,2,0,Bologna FC 1909,BOL,https://img.uefa.com/imgml/TP/teams/logos/240x240/52969.png,250196543,https://img.uefa.com/imgml/TP/players/1/2025/324x324/250196543.jpg,2024-25
Malick Thiaw,Germany,DEFENDER,UNKNOWN,24,2001-08-08,5,337,1,1,0,1,0,AC Milan,MIL,https://img.uefa.com/imgml/TP/teams/logos/240x240/50058.png,250123978,https://img.uefa.com/imgml/TP/players/1/2025/324x324/250123978.jpg,2024-25
Xavi Simons,Netherlands,MIDFIELDER,UNKNOWN,23,2003-04-21,5,337,0,0,0,0,0,RB Leipzig,RBL,https://img.uefa.com/imgml/TP/teams/logos/240x240/2603790.png,250128451,https://img.uefa.com/imgml/TP/players/1/2025/324x324/250128451.jpg,2024-25
Alexander Schlager,Austria,GOALKEEPER,GOALKEEPER,30,1996-02-01,4,336,0,1,0,0,1,FC Salzburg,SAL,https://img.uefa.com/imgml/TP/teams/logos/240x240/50030.png,250055899,https://img.uefa.com/imgml/TP/players/1/2025/324x324/250055899.jpg,2024-25
Ben White,England,DEFENDER,UNKNOWN,28,1997-10-08,9,335,0,0,0,1,0,Arsenal FC,ARS,https://img.uefa.com/imgml/TP/teams/logos/240x240/52280.png,250156002,https://img.uefa.com/imgml/TP/players/1/2025/324x324/250156002.jpg,2024-25
Mads Bidstrup,Denmark,MIDFIELDER,UNKNOWN,25,2001-02-25,5,335,1,0,0,1,0,FC Salzburg,SAL,https://img.uefa.com/imgml/TP/teams/logos/240x240/50030.png,250116067,https://img.uefa.com/imgml/TP/players/1/2025/324x324/250116067.jpg,2024-25
Rick Karsdorp,Netherlands,DEFENDER,FULL_BACK,31,1995-02-11,7,333,0,0,0,2,0,PSV Eindhoven,PSV,https://img.uefa.com/imgml/TP/teams/logos/240x240/50062.png,250067334,https://img.uefa.com/imgml/TP/players/1/2025/324x324/250067334.jpg,2024-25
Ivan Perišić,Croatia,FORWARD,WINGER,37,1989-02-02,4,333,3,0,0,0,0,PSV Eindhoven,PSV,https://img.uefa.com/imgml/TP/teams/logos/240x240/50062.png,103310,https://img.uefa.com/imgml/TP/players/1/2025/324x324/103310.jpg,2024-25
Iván Martín,Spain,MIDFIELDER,UNKNOWN,27,1999-02-14,7,332,0,0,0,2,0,Girona FC,GIR,https://img.uefa.com/imgml/TP/teams/logos/240x240/2602798.png,250091172,https://img.uefa.com/imgml/TP/players/1/2025/324x324/250091172.jpg,2024-25
Danylo Ihnatenko,Ukraine,MIDFIELDER,CENTRAL_MIDFIELDER,29,1997-03-13,5,331,0,0,0,2,0,ŠK Slovan Bratislava,SLB,https://img.uefa.com/imgml/TP/teams/logos/240x240/52797.png,250121132,https://img.uefa.com/imgml/TP/players/1/2025/324x324/250121132.jpg,2024-25
Nino Marcelli,Slovakia,FORWARD,UNKNOWN,21,2005-05-29,8,330,1,1,0,0,0,ŠK Slovan Bratislava,SLB,https://img.uefa.com/imgml/TP/teams/logos/240x240/52797.png,250183092,https://img.uefa.com/imgml/TP/players/1/2025/324x324/250183092.jpg,2024-25
Nathan Tella,Nigeria,FORWARD,UNKNOWN,26,1999-07-05,7,330,1,0,0,1,0,Bayer 04 Leverkusen,LEV,https://img.uefa.com/imgml/TP/teams/logos/240x240/50109.png,250077453,https://img.uefa.com/imgml/TP/players/1/2025/324x324/250077453.jpg,2024-25
Viktor Tsygankov,Ukraine,MIDFIELDER,WINGER,28,1997-11-15,5,330,0,0,0,0,0,Girona FC,GIR,https://img.uefa.com/imgml/TP/teams/logos/240x240/2602798.png,250058270,https://img.uefa.com/imgml/TP/players/1/2025/324x324/250058270.jpg,2024-25
Bobby Clark,England,MIDFIELDER,UNKNOWN,21,2005-02-07,6,328,0,0,0,0,0,FC Salzburg,SAL,https://img.uefa.com/imgml/TP/teams/logos/240x240/50030.png,250164835,https://img.uefa.com/imgml/TP/players/1/2025/324x324/250164835.jpg,2024-25
Albion Rrahmani,Kosovo,FORWARD,UNKNOWN,25,2000-08-31,6,327,1,0,0,0,0,AC Sparta Praha,SPA,https://img.uefa.com/imgml/TP/teams/logos/240x240/50033.png,250156235,https://img.uefa.com/imgml/TP/players/1/2025/324x324/250156235.jpg,2024-25
Loris Benito,Switzerland,DEFENDER,FULL_BACK,34,1992-01-07,5,327,0,0,0,2,0,BSC Young Boys,YB,https://img.uefa.com/imgml/TP/teams/logos/240x240/50031.png,250019346,https://img.uefa.com/imgml/TP/players/1/2025/324x324/250019346.jpg,2024-25
Conrad Harder,Denmark,FORWARD,UNKNOWN,21,2005-04-07,9,326,1,0,0,0,0,Sporting Clube de Portugal,SPO,https://img.uefa.com/imgml/TP/teams/logos/240x240/50149.png,250187899,https://img.uefa.com/imgml/TP/players/1/2025/324x324/250187899.jpg,2024-25
Riccardo Orsolini,Italy,MIDFIELDER,WINGER,29,1997-01-24,6,325,0,0,0,1,0,Bologna FC 1909,BOL,https://img.uefa.com/imgml/TP/teams/logos/240x240/52969.png,250112400,https://img.uefa.com/imgml/TP/players/1/2025/324x324/250112400.jpg,2024-25
Daley Blind,Netherlands,DEFENDER,CENTRE_BACK,36,1990-03-09,4,324,0,0,0,0,0,Girona FC,GIR,https://img.uefa.com/imgml/TP/teams/logos/240x240/2602798.png,108908,https://img.uefa.com/imgml/TP/players/1/2025/324x324/108908.jpg,2024-25
Jorginho,Italy,MIDFIELDER,CENTRAL_MIDFIELDER,34,1991-12-20,6,323,1,0,1,0,0,Arsenal FC,ARS,https://img.uefa.com/imgml/TP/teams/logos/240x240/52280.png,250067749,https://img.uefa.com/imgml/TP/players/1/2025/324x324/250067749.jpg,2024-25
Aïssa Mandi,Algeria,DEFENDER,CENTRE_BACK,34,1991-10-22,5,320,0,0,0,3,1,LOSC Lille,LIL,https://img.uefa.com/imgml/TP/teams/logos/240x240/75797.png,250068733,https://img.uefa.com/imgml/TP/players/1/2025/324x324/250068733.jpg,2024-25
Romain Del Castillo,France,FORWARD,UNKNOWN,30,1996-03-29,7,319,0,0,0,1,0,Stade Brestois 29,BRE,https://img.uefa.com/imgml/TP/teams/logos/240x240/2601306.png,250074010,https://img.uefa.com/imgml/TP/players/1/2025/324x324/250074010.jpg,2024-25
Karim Konaté,Ivory Coast,FORWARD,UNKNOWN,22,2004-03-21,5,318,2,0,0,0,0,FC Salzburg,SAL,https://img.uefa.com/imgml/TP/teams/logos/240x240/50030.png,250171301,https://img.uefa.com/imgml/TP/players/1/2025/324x324/250171301.jpg,2024-25
Daniel Bragança,Portugal,MIDFIELDER,UNKNOWN,27,1999-05-27,8,317,1,2,0,1,0,Sporting Clube de Portugal,SPO,https://img.uefa.com/imgml/TP/teams/logos/240x240/50149.png,250102308,https://img.uefa.com/imgml/TP/players/1/2025/324x324/250102308.jpg,2024-25
Emerson,Brazil,DEFENDER,UNKNOWN,27,1999-01-14,7,317,0,0,0,0,0,AC Milan,MIL,https://img.uefa.com/imgml/TP/teams/logos/240x240/50058.png,250128255,https://img.uefa.com/imgml/TP/players/1/2025/324x324/250128255.jpg,2024-25
Juan Cuadrado,Colombia,MIDFIELDER,UNKNOWN,38,1988-05-26,8,316,0,1,0,1,0,Atalanta BC,ATA,https://img.uefa.com/imgml/TP/teams/logos/240x240/52816.png,250015966,https://img.uefa.com/imgml/TP/players/1/2025/324x324/250015966.jpg,2024-25
Ibrahim Osman,Ghana,FORWARD,UNKNOWN,21,2004-11-29,7,316,0,0,0,3,0,Feyenoord,FEY,https://img.uefa.com/imgml/TP/teams/logos/240x240/52749.png,250187837,https://img.uefa.com/imgml/TP/players/1/2025/324x324/250187837.jpg,2024-25
Davide Calabria,Italy,DEFENDER,FULL_BACK,29,1996-12-06,5,314,0,0,0,3,0,AC Milan,MIL,https://img.uefa.com/imgml/TP/teams/logos/240x240/50058.png,250058044,https://img.uefa.com/imgml/TP/players/1/2025/324x324/250058044.jpg,2024-25
Tyrone Mings,England,DEFENDER,UNKNOWN,33,1993-03-13,4,312,0,1,0,1,0,Aston Villa,AVL,https://img.uefa.com/imgml/TP/teams/logos/240x240/52683.png,250133856,https://img.uefa.com/imgml/TP/players/1/2025/324x324/250133856.jpg,2024-25
Kastriot Imeri,Switzerland,MIDFIELDER,UNKNOWN,25,2000-06-27,5,309,1,0,0,1,0,BSC Young Boys,YB,https://img.uefa.com/imgml/TP/teams/logos/240x240/50031.png,250104939,https://img.uefa.com/imgml/TP/players/1/2025/324x324/250104939.jpg,2024-25
Marcus Rashford,England,FORWARD,STRIKER,28,1997-10-31,4,309,0,2,0,0,0,Aston Villa,AVL,https://img.uefa.com/imgml/TP/teams/logos/240x240/52683.png,250088246,https://img.uefa.com/imgml/TP/players/1/2025/324x324/250088246.jpg,2024-25
Romain Faivre,France,MIDFIELDER,UNKNOWN,27,1998-07-14,8,308,0,0,0,0,0,Stade Brestois 29,BRE,https://img.uefa.com/imgml/TP/teams/logos/240x240/2601306.png,250121552,https://img.uefa.com/imgml/TP/players/1/2025/324x324/250121552.jpg,2024-25
Mateo Kovačić,Croatia,MIDFIELDER,ATTACKING_MIDFIELDER,32,1994-05-06,6,308,1,0,0,1,0,Manchester City,MCI,https://img.uefa.com/imgml/TP/teams/logos/240x240/52919.png,250023551,https://img.uefa.com/imgml/TP/players/1/2025/324x324/250023551.jpg,2024-25
Ebrima Colley,Gambia,FORWARD,WINGER,26,2000-02-01,7,306,0,0,0,2,0,BSC Young Boys,YB,https://img.uefa.com/imgml/TP/teams/logos/240x240/50031.png,250132730,https://img.uefa.com/imgml/TP/players/1/2025/324x324/250132730.jpg,2024-25
Douglas Luiz,Brazil,MIDFIELDER,UNKNOWN,28,1998-05-09,6,306,0,0,0,0,0,Juventus,JUV,https://img.uefa.com/imgml/TP/teams/logos/240x240/50139.png,250121972,https://img.uefa.com/imgml/TP/players/1/2025/324x324/250121972.jpg,2024-25
Hákon Arnar Haraldsson,Iceland,MIDFIELDER,UNKNOWN,23,2003-04-10,6,304,2,0,0,0,0,LOSC Lille,LIL,https://img.uefa.com/imgml/TP/teams/logos/240x240/75797.png,250128943,https://img.uefa.com/imgml/TP/players/1/2025/324x324/250128943.jpg,2024-25
Juan Miranda,Spain,DEFENDER,UNKNOWN,26,2000-01-19,5,304,0,0,0,0,0,Bologna FC 1909,BOL,https://img.uefa.com/imgml/TP/teams/logos/240x240/52969.png,250103562,https://img.uefa.com/imgml/TP/players/1/2025/324x324/250103562.jpg,2024-25
Jonas Urbig,Germany,GOALKEEPER,UNKNOWN,22,2003-08-08,4,302,0,0,0,0,0,FC Bayern München,BAY,https://img.uefa.com/imgml/TP/teams/logos/240x240/50037.png,250153936,https://img.uefa.com/imgml/TP/players/1/2025/324x324/250153936.jpg,2024-25
Lukáš Sadílek,Czechia,MIDFIELDER,UNKNOWN,30,1996-05-23,6,301,0,1,0,0,0,AC Sparta Praha,SPA,https://img.uefa.com/imgml/TP/teams/logos/240x240/50033.png,250055109,https://img.uefa.com/imgml/TP/players/1/2025/324x324/250055109.jpg,2024-25
Lucas Gourna-Douath,France,MIDFIELDER,UNKNOWN,22,2003-08-05,6,301,0,0,0,2,0,FC Salzburg,SAL,https://img.uefa.com/imgml/TP/teams/logos/240x240/50030.png,250128398,https://img.uefa.com/imgml/TP/players/1/2025/324x324/250128398.jpg,2024-25
Gavi,Spain,MIDFIELDER,UNKNOWN,21,2004-08-05,10,299,0,0,0,1,0,FC Barcelona,BAR,https://img.uefa.com/imgml/TP/teams/logos/240x240/50080.png,250139255,https://img.uefa.com/imgml/TP/players/1/2025/324x324/250139255.jpg,2024-25
Tammy Abraham,England,FORWARD,UNKNOWN,28,1997-10-02,9,298,2,1,0,0,0,AC Milan,MIL,https://img.uefa.com/imgml/TP/teams/logos/240x240/50058.png,250067629,https://img.uefa.com/imgml/TP/players/1/2025/324x324/250067629.jpg,2024-25
Alan Virginius,France,FORWARD,UNKNOWN,23,2003-01-03,7,298,0,1,0,0,0,BSC Young Boys,YB,https://img.uefa.com/imgml/TP/teams/logos/240x240/50031.png,250128409,https://img.uefa.com/imgml/TP/players/1/2025/324x324/250128409.jpg,2024-25
Julien Duranville,Belgium,MIDFIELDER,UNKNOWN,20,2006-05-05,9,297,0,0,0,0,0,Borussia Dortmund,BVB,https://img.uefa.com/imgml/TP/teams/logos/240x240/52758.png,250172227,https://img.uefa.com/imgml/TP/players/1/2025/324x324/250172227.jpg,2024-25
Raheem Sterling,England,MIDFIELDER,WINGER,31,1994-12-08,6,297,0,2,0,3,0,Arsenal FC,ARS,https://img.uefa.com/imgml/TP/teams/logos/240x240/52280.png,250024795,https://img.uefa.com/imgml/TP/players/1/2025/324x324/250024795.jpg,2024-25
Matteo Ruggeri,Italy,DEFENDER,UNKNOWN,23,2002-07-11,6,297,0,0,0,0,0,Atalanta BC,ATA,https://img.uefa.com/imgml/TP/teams/logos/240x240/52816.png,250127239,https://img.uefa.com/imgml/TP/players/1/2025/324x324/250127239.jpg,2024-25
Jaroslav Zelený,Czechia,DEFENDER,FULL_BACK,33,1992-08-20,5,297,0,0,0,1,0,AC Sparta Praha,SPA,https://img.uefa.com/imgml/TP/teams/logos/240x240/50033.png,250026229,https://img.uefa.com/imgml/TP/players/1/2025/324x324/250026229.jpg,2024-25
Eric Dier,England,DEFENDER,DEFENSIVE_MIDFIELDER,32,1994-01-15,6,296,1,0,0,1,0,FC Bayern München,BAY,https://img.uefa.com/imgml/TP/teams/logos/240x240/50037.png,250050416,https://img.uefa.com/imgml/TP/players/1/2025/324x324/250050416.jpg,2024-25
Christian Mawissa,France,DEFENDER,UNKNOWN,21,2005-04-18,6,295,0,1,0,3,1,AS Monaco,MON,https://img.uefa.com/imgml/TP/teams/logos/240x240/50023.png,250172340,https://img.uefa.com/imgml/TP/players/1/2025/324x324/250172340.jpg,2024-25
Jerry St. Juste,Netherlands,DEFENDER,UNKNOWN,29,1996-10-19,6,291,0,0,0,1,0,Sporting Clube de Portugal,SPO,https://img.uefa.com/imgml/TP/teams/logos/240x240/50149.png,250087967,https://img.uefa.com/imgml/TP/players/1/2025/324x324/250087967.jpg,2024-25
Aleksandar Pavlović,Germany,MIDFIELDER,UNKNOWN,22,2004-05-03,5,291,0,0,0,0,0,FC Bayern München,BAY,https://img.uefa.com/imgml/TP/teams/logos/240x240/50037.png,250163777,https://img.uefa.com/imgml/TP/players/1/2025/324x324/250163777.jpg,2024-25
Lazar Samardžić,Serbia,MIDFIELDER,UNKNOWN,24,2002-02-24,8,290,1,1,0,1,0,Atalanta BC,ATA,https://img.uefa.com/imgml/TP/teams/logos/240x240/52816.png,250124849,https://img.uefa.com/imgml/TP/players/1/2025/324x324/250124849.jpg,2024-25
Alexander Sørloth,Norway,FORWARD,STRIKER,30,1995-12-05,8,290,0,0,0,0,0,Atlético de Madrid,ATM,https://img.uefa.com/imgml/TP/teams/logos/240x240/50124.png,250061361,https://img.uefa.com/imgml/TP/players/1/2025/324x324/250061361.jpg,2024-25
Marlon Gomes,Brazil,MIDFIELDER,UNKNOWN,22,2003-12-14,7,289,1,0,0,2,0,FC Shakhtar Donetsk,SHK,https://img.uefa.com/imgml/TP/teams/logos/240x240/52707.png,250193518,https://img.uefa.com/imgml/TP/players/1/2025/324x324/250193518.jpg,2024-25
Arijan Ademi,North Macedonia,MIDFIELDER,DEFENSIVE_MIDFIELDER,35,1991-05-29,6,289,0,0,0,2,0,GNK Dinamo,DIN,https://img.uefa.com/imgml/TP/teams/logos/240x240/50164.png,250005231,https://img.uefa.com/imgml/TP/players/1/2025/324x324/250005231.jpg,2024-25
Lewis Ferguson,Scotland,MIDFIELDER,UNKNOWN,26,1999-08-24,5,289,0,0,0,2,0,Bologna FC 1909,BOL,https://img.uefa.com/imgml/TP/teams/logos/240x240/52969.png,250116699,https://img.uefa.com/imgml/TP/players/1/2025/324x324/250116699.jpg,2024-25
Soungoutou Magassa,France,MIDFIELDER,UNKNOWN,22,2003-10-08,7,288,1,0,0,0,0,AS Monaco,MON,https://img.uefa.com/imgml/TP/teams/logos/240x240/50023.png,250174830,https://img.uefa.com/imgml/TP/players/1/2025/324x324/250174830.jpg,2024-25
Nathan Aké,Netherlands,DEFENDER,UNKNOWN,31,1995-02-18,4,287,0,0,0,0,0,Manchester City,MCI,https://img.uefa.com/imgml/TP/teams/logos/240x240/52919.png,250027008,https://img.uefa.com/imgml/TP/players/1/2025/324x324/250027008.jpg,2024-25
Sharani Zuberu,Ghana,DEFENDER,UNKNOWN,26,2000-01-07,5,283,0,0,0,0,0,ŠK Slovan Bratislava,SLB,https://img.uefa.com/imgml/TP/teams/logos/240x240/52797.png,250132309,https://img.uefa.com/imgml/TP/players/1/2025/324x324/250132309.jpg,2024-25
Niklas Süle,Germany,DEFENDER,UNKNOWN,30,1995-09-03,5,283,0,0,0,0,0,Borussia Dortmund,BVB,https://img.uefa.com/imgml/TP/teams/logos/240x240/52758.png,250041781,https://img.uefa.com/imgml/TP/players/1/2025/324x324/250041781.jpg,2024-25
Hendry Blank,Germany,DEFENDER,UNKNOWN,21,2004-08-21,4,283,0,0,0,1,0,FC Salzburg,SAL,https://img.uefa.com/imgml/TP/teams/logos/240x240/50030.png,250154302,https://img.uefa.com/imgml/TP/players/1/2025/324x324/250154302.jpg,2024-25
Darian Males,Switzerland,MIDFIELDER,STRIKER,25,2001-05-03,7,282,0,0,0,1,0,BSC Young Boys,YB,https://img.uefa.com/imgml/TP/teams/logos/240x240/50031.png,250132465,https://img.uefa.com/imgml/TP/players/1/2025/324x324/250132465.jpg,2024-25
Ruben Loftus-Cheek,England,MIDFIELDER,CENTRAL_MIDFIELDER,30,1996-01-23,6,282,0,0,0,0,0,AC Milan,MIL,https://img.uefa.com/imgml/TP/teams/logos/240x240/50058.png,250056566,https://img.uefa.com/imgml/TP/players/1/2025/324x324/250056566.jpg,2024-25
Éder Militão,Brazil,DEFENDER,FULL_BACK,28,1998-01-18,4,282,0,0,0,2,0,Real Madrid C.F.,RMA,https://img.uefa.com/imgml/TP/teams/logos/240x240/50051.png,250121965,https://img.uefa.com/imgml/TP/players/1/2025/324x324/250121965.jpg,2024-25
Kyle Walker,England,DEFENDER,FULL_BACK,36,1990-05-28,4,282,0,0,0,0,0,AC Milan,MIL,https://img.uefa.com/imgml/TP/teams/logos/240x240/50058.png,250010259,https://img.uefa.com/imgml/TP/players/1/2025/324x324/250010259.jpg,2024-25
Cristhian Stuani,Uruguay,FORWARD,UNKNOWN,39,1986-10-12,8,281,0,0,0,3,0,Girona FC,GIR,https://img.uefa.com/imgml/TP/teams/logos/240x240/2602798.png,250049573,https://img.uefa.com/imgml/TP/players/1/2025/324x324/250049573.jpg,2024-25
Jordan Lotomba,Switzerland,DEFENDER,UNKNOWN,27,1998-09-29,5,281,0,1,0,0,0,Feyenoord,FEY,https://img.uefa.com/imgml/TP/teams/logos/240x240/52749.png,250200313,https://img.uefa.com/imgml/TP/players/1/2025/324x324/250200313.jpg,2024-25
Gregory Wüthrich,Switzerland,DEFENDER,CENTRE_BACK,31,1994-12-04,4,280,0,0,0,0,0,SK Sturm Graz,SGR,https://img.uefa.com/imgml/TP/teams/logos/240x240/50111.png,250054393,https://img.uefa.com/imgml/TP/players/1/2025/324x324/250054393.jpg,2024-25
Conor Bradley,Northern Ireland,DEFENDER,UNKNOWN,22,2003-07-09,5,278,0,1,0,0,0,Liverpool FC,LIV,https://img.uefa.com/imgml/TP/teams/logos/240x240/7889.png,250135607,https://img.uefa.com/imgml/TP/players/1/2025/324x324/250135607.jpg,2024-25
Eric García,Spain,DEFENDER,CENTRE_BACK,25,2001-01-09,9,277,2,0,0,0,1,FC Barcelona,BAR,https://img.uefa.com/imgml/TP/teams/logos/240x240/50080.png,250103561,https://img.uefa.com/imgml/TP/players/1/2025/324x324/250103561.jpg,2024-25
Samuel Chukwueze,Nigeria,FORWARD,WINGER,27,1999-05-22,7,277,0,1,0,2,0,AC Milan,MIL,https://img.uefa.com/imgml/TP/teams/logos/240x240/50058.png,250122746,https://img.uefa.com/imgml/TP/players/1/2025/324x324/250122746.jpg,2024-25
Bojan Miovski,North Macedonia,FORWARD,UNKNOWN,26,1999-06-24,4,276,0,0,0,0,0,Girona FC,GIR,https://img.uefa.com/imgml/TP/teams/logos/240x240/2602798.png,250113373,https://img.uefa.com/imgml/TP/players/1/2025/324x324/250113373.jpg,2024-25
Giovanni Reyna,USA,MIDFIELDER,UNKNOWN,23,2002-11-13,9,275,0,1,0,0,0,Borussia Dortmund,BVB,https://img.uefa.com/imgml/TP/teams/logos/240x240/52758.png,250134661,https://img.uefa.com/imgml/TP/players/1/2025/324x324/250134661.jpg,2024-25
Robert Andrich,Germany,MIDFIELDER,UNKNOWN,31,1994-09-22,7,273,0,1,0,2,0,Bayer 04 Leverkusen,LEV,https://img.uefa.com/imgml/TP/teams/logos/240x240/50109.png,250055957,https://img.uefa.com/imgml/TP/players/1/2025/324x324/250055957.jpg,2024-25
Amadou Onana,Belgium,MIDFIELDER,UNKNOWN,24,2001-08-16,5,272,1,0,0,0,0,Aston Villa,AVL,https://img.uefa.com/imgml/TP/teams/logos/240x240/52683.png,250117708,https://img.uefa.com/imgml/TP/players/1/2025/324x324/250117708.jpg,2024-25
Axel Witsel,Belgium,MIDFIELDER,DEFENSIVE_MIDFIELDER,37,1989-01-12,4,271,0,0,0,1,0,Atlético de Madrid,ATM,https://img.uefa.com/imgml/TP/teams/logos/240x240/50124.png,103335,https://img.uefa.com/imgml/TP/players/1/2025/324x324/103335.jpg,2024-25
Angelo Preciado,Ecuador,DEFENDER,UNKNOWN,28,1998-02-18,3,270,0,0,0,1,0,AC Sparta Praha,SPA,https://img.uefa.com/imgml/TP/teams/logos/240x240/50033.png,250160568,https://img.uefa.com/imgml/TP/players/1/2025/324x324/250160568.jpg,2024-25
Ivan Guteša,Serbia,GOALKEEPER,UNKNOWN,24,2002-04-04,3,270,0,0,0,1,0,FK Crvena Zvezda,ZVE,https://img.uefa.com/imgml/TP/teams/logos/240x240/50069.png,250139028,https://img.uefa.com/imgml/TP/players/1/2025/324x324/250139028.jpg,2024-25
Tanguy Zoukrou,France,DEFENDER,UNKNOWN,23,2003-05-07,3,270,0,0,0,0,0,BSC Young Boys,YB,https://img.uefa.com/imgml/TP/teams/logos/240x240/50031.png,250169265,https://img.uefa.com/imgml/TP/players/1/2025/324x324/250169265.jpg,2024-25
Omri Glazer,Israel,GOALKEEPER,UNKNOWN,30,1996-03-11,3,270,0,0,0,0,0,FK Crvena Zvezda,ZVE,https://img.uefa.com/imgml/TP/teams/logos/240x240/50069.png,250080461,https://img.uefa.com/imgml/TP/players/1/2025/324x324/250080461.jpg,2024-25
Samy Mmaee,Morocco,DEFENDER,CENTRE_BACK,29,1996-09-08,3,270,0,0,0,0,0,GNK Dinamo,DIN,https://img.uefa.com/imgml/TP/teams/logos/240x240/50164.png,250073778,https://img.uefa.com/imgml/TP/players/1/2025/324x324/250073778.jpg,2024-25
Danijel Zagorac,Croatia,GOALKEEPER,GOALKEEPER,39,1987-02-07,3,270,0,0,0,0,0,GNK Dinamo,DIN,https://img.uefa.com/imgml/TP/teams/logos/240x240/50164.png,250029377,https://img.uefa.com/imgml/TP/players/1/2025/324x324/250029377.jpg,2024-25
Randal Kolo Muani,France,FORWARD,UNKNOWN,27,1998-12-05,6,269,0,0,0,0,0,Juventus,JUV,https://img.uefa.com/imgml/TP/teams/logos/240x240/50139.png,250146926,https://img.uefa.com/imgml/TP/players/1/2025/324x324/250146926.jpg,2024-25
El Chadaille Bitshiabu,France,DEFENDER,UNKNOWN,21,2005-05-16,4,268,0,0,0,0,0,RB Leipzig,RBL,https://img.uefa.com/imgml/TP/teams/logos/240x240/2603790.png,250153851,https://img.uefa.com/imgml/TP/players/1/2025/324x324/250153851.jpg,2024-25
Luka Stojković,Croatia,MIDFIELDER,UNKNOWN,22,2003-10-28,6,267,0,0,0,0,0,GNK Dinamo,DIN,https://img.uefa.com/imgml/TP/teams/logos/240x240/50164.png,250129735,https://img.uefa.com/imgml/TP/players/1/2025/324x324/250129735.jpg,2024-25
Odilon Kossounou,Ivory Coast,DEFENDER,CENTRE_BACK,25,2001-01-04,4,267,0,1,0,1,0,Atalanta BC,ATA,https://img.uefa.com/imgml/TP/teams/logos/240x240/52816.png,250132810,https://img.uefa.com/imgml/TP/players/1/2025/324x324/250132810.jpg,2024-25
Fran García,Spain,DEFENDER,FULL_BACK,26,1999-08-14,9,266,0,0,0,0,0,Real Madrid C.F.,RMA,https://img.uefa.com/imgml/TP/teams/logos/240x240/50051.png,250091175,https://img.uefa.com/imgml/TP/players/1/2025/324x324/250091175.jpg,2024-25
David Raum,Germany,DEFENDER,UNKNOWN,28,1998-04-22,4,266,0,1,0,2,0,RB Leipzig,RBL,https://img.uefa.com/imgml/TP/teams/logos/240x240/2603790.png,250110361,https://img.uefa.com/imgml/TP/players/1/2025/324x324/250110361.jpg,2024-25
Lukáš Haraslín,Slovakia,MIDFIELDER,UNKNOWN,30,1996-05-26,6,265,0,1,0,0,0,AC Sparta Praha,SPA,https://img.uefa.com/imgml/TP/teams/logos/240x240/50033.png,250058722,https://img.uefa.com/imgml/TP/players/1/2025/324x324/250058722.jpg,2024-25
Petar Sučić,Croatia,MIDFIELDER,UNKNOWN,22,2003-10-25,3,265,2,0,0,0,0,GNK Dinamo,DIN,https://img.uefa.com/imgml/TP/teams/logos/240x240/50164.png,250135339,https://img.uefa.com/imgml/TP/players/1/2025/324x324/250135339.jpg,2024-25
Ángel Correa,Argentina,FORWARD,WINGER,31,1995-03-09,8,264,3,1,0,2,0,Atlético de Madrid,ATM,https://img.uefa.com/imgml/TP/teams/logos/240x240/50124.png,250086315,https://img.uefa.com/imgml/TP/players/1/2025/324x324/250086315.jpg,2024-25
Julián Carranza,Argentina,FORWARD,UNKNOWN,26,2000-05-22,7,264,1,0,0,1,0,Feyenoord,FEY,https://img.uefa.com/imgml/TP/teams/logos/240x240/52749.png,250196664,https://img.uefa.com/imgml/TP/players/1/2025/324x324/250196664.jpg,2024-25
Leandro Barreiro,Luxembourg,MIDFIELDER,UNKNOWN,26,2000-01-03,9,262,0,0,0,2,0,SL Benfica,BEN,https://img.uefa.com/imgml/TP/teams/logos/240x240/50147.png,250089626,https://img.uefa.com/imgml/TP/players/1/2025/324x324/250089626.jpg,2024-25
Marco Asensio,Spain,FORWARD,ATTACKING_MIDFIELDER,30,1996-01-21,8,262,3,0,1,0,0,Aston Villa,AVL,https://img.uefa.com/imgml/TP/teams/logos/240x240/52683.png,250080570,https://img.uefa.com/imgml/TP/players/1/2025/324x324/250080570.jpg,2024-25
Kevin Kampl,Slovenia,MIDFIELDER,CENTRAL_MIDFIELDER,35,1990-10-09,5,262,0,1,0,0,0,RB Leipzig,RBL,https://img.uefa.com/imgml/TP/teams/logos/240x240/2603790.png,250014636,https://img.uefa.com/imgml/TP/players/1/2025/324x324/250014636.jpg,2024-25
Armando Obispo,Curacao,DEFENDER,CENTRE_BACK,27,1999-03-05,6,261,0,0,0,0,0,PSV Eindhoven,PSV,https://img.uefa.com/imgml/TP/teams/logos/240x240/50062.png,250088117,https://img.uefa.com/imgml/TP/players/1/2025/324x324/250088117.jpg,2024-25
Matias Fernandez-Pardo,Belgium,FORWARD,UNKNOWN,21,2005-02-03,7,260,0,1,0,0,0,LOSC Lille,LIL,https://img.uefa.com/imgml/TP/teams/logos/240x240/75797.png,250166916,https://img.uefa.com/imgml/TP/players/1/2025/324x324/250166916.jpg,2024-25
Gabriel Jesus,Brazil,FORWARD,STRIKER,29,1997-04-03,5,260,0,1,0,1,0,Arsenal FC,ARS,https://img.uefa.com/imgml/TP/teams/logos/240x240/52280.png,250106649,https://img.uefa.com/imgml/TP/players/1/2025/324x324/250106649.jpg,2024-25
Julien Le Cardinal,France,DEFENDER,UNKNOWN,28,1997-08-03,4,256,1,0,0,4,0,Stade Brestois 29,BRE,https://img.uefa.com/imgml/TP/teams/logos/240x240/2601306.png,250186123,https://img.uefa.com/imgml/TP/players/1/2025/324x324/250186123.jpg,2024-25
Siemen Voet,Belgium,DEFENDER,UNKNOWN,26,2000-02-03,3,256,0,0,0,0,0,ŠK Slovan Bratislava,SLB,https://img.uefa.com/imgml/TP/teams/logos/240x240/52797.png,250102417,https://img.uefa.com/imgml/TP/players/1/2025/324x324/250102417.jpg,2024-25
Peter Olayinka,Nigeria,FORWARD,STRIKER,30,1995-11-16,3,251,0,0,0,0,0,FK Crvena Zvezda,ZVE,https://img.uefa.com/imgml/TP/teams/logos/240x240/50069.png,250086263,https://img.uefa.com/imgml/TP/players/1/2025/324x324/250086263.jpg,2024-25
Juraj Kucka,Slovakia,MIDFIELDER,DEFENSIVE_MIDFIELDER,39,1987-02-26,3,251,0,0,0,0,0,ŠK Slovan Bratislava,SLB,https://img.uefa.com/imgml/TP/teams/logos/240x240/52797.png,1905643,https://img.uefa.com/imgml/TP/players/1/2025/324x324/1905643.jpg,2024-25
Tommaso Pobega,Italy,MIDFIELDER,CENTRAL_MIDFIELDER,26,1999-07-15,5,249,1,0,0,0,0,Bologna FC 1909,BOL,https://img.uefa.com/imgml/TP/teams/logos/240x240/52969.png,250112117,https://img.uefa.com/imgml/TP/players/1/2025/324x324/250112117.jpg,2024-25
Yáser Asprilla,Colombia,MIDFIELDER,UNKNOWN,22,2003-11-19,6,245,0,0,0,0,0,Girona FC,GIR,https://img.uefa.com/imgml/TP/teams/logos/240x240/2602798.png,250185976,https://img.uefa.com/imgml/TP/players/1/2025/324x324/250185976.jpg,2024-25
Givairo Read,Netherlands,DEFENDER,UNKNOWN,20,2006-06-02,3,244,0,0,0,0,1,Feyenoord,FEY,https://img.uefa.com/imgml/TP/teams/logos/240x240/52749.png,250183808,https://img.uefa.com/imgml/TP/players/1/2025/324x324/250183808.jpg,2024-25
Victor Boniface,Nigeria,FORWARD,UNKNOWN,25,2000-12-23,4,243,1,0,0,0,0,Bayer 04 Leverkusen,LEV,https://img.uefa.com/imgml/TP/teams/logos/240x240/50109.png,250141861,https://img.uefa.com/imgml/TP/players/1/2025/324x324/250141861.jpg,2024-25
Zeki Amdouni,Switzerland,FORWARD,UNKNOWN,25,2000-12-04,11,240,1,0,0,2,0,SL Benfica,BEN,https://img.uefa.com/imgml/TP/teams/logos/240x240/50147.png,250162865,https://img.uefa.com/imgml/TP/players/1/2025/324x324/250162865.jpg,2024-25
Fabian Rieder,Switzerland,MIDFIELDER,ATTACKING_MIDFIELDER,24,2002-02-16,8,240,1,3,0,1,0,VfB Stuttgart,STU,https://img.uefa.com/imgml/TP/teams/logos/240x240/50107.png,250117806,https://img.uefa.com/imgml/TP/players/1/2025/324x324/250117806.jpg,2024-25
Jhon Durán,Colombia,FORWARD,UNKNOWN,22,2003-12-13,7,239,3,0,0,2,0,Aston Villa,AVL,https://img.uefa.com/imgml/TP/teams/logos/240x240/52683.png,250188372,https://img.uefa.com/imgml/TP/players/1/2025/324x324/250188372.jpg,2024-25
Kyriani Sabbe,Belgium,DEFENDER,UNKNOWN,21,2005-01-26,6,239,1,0,0,0,1,Club Brugge KV,BRU,https://img.uefa.com/imgml/TP/teams/logos/240x240/50043.png,250138985,https://img.uefa.com/imgml/TP/players/1/2025/324x324/250138985.jpg,2024-25
Iván Fresneda,Spain,DEFENDER,UNKNOWN,21,2004-09-28,3,239,0,0,0,0,0,Sporting Clube de Portugal,SPO,https://img.uefa.com/imgml/TP/teams/logos/240x240/50149.png,250179137,https://img.uefa.com/imgml/TP/players/1/2025/324x324/250179137.jpg,2024-25
Paulo Bernardo,Portugal,MIDFIELDER,CENTRAL_MIDFIELDER,24,2002-01-24,8,238,0,0,0,1,0,Celtic FC,CEL,https://img.uefa.com/imgml/TP/teams/logos/240x240/50050.png,250117406,https://img.uefa.com/imgml/TP/players/1/2025/324x324/250117406.jpg,2024-25
Donyell Malen,Netherlands,FORWARD,STRIKER,27,1999-01-19,5,238,2,1,0,1,0,Borussia Dortmund,BVB,https://img.uefa.com/imgml/TP/teams/logos/240x240/52758.png,250081555,https://img.uefa.com/imgml/TP/players/1/2025/324x324/250081555.jpg,2024-25
Diogo Jota,Portugal,FORWARD,STRIKER,29,1996-12-04,4,237,0,0,0,0,0,Liverpool FC,LIV,https://img.uefa.com/imgml/TP/teams/logos/240x240/7889.png,250080471,https://img.uefa.com/imgml/TP/players/1/2025/324x324/250080471.jpg,2024-25
João Simões,Portugal,MIDFIELDER,UNKNOWN,19,2007-01-06,5,235,0,1,0,1,0,Sporting Clube de Portugal,SPO,https://img.uefa.com/imgml/TP/teams/logos/240x240/50149.png,250180059,https://img.uefa.com/imgml/TP/players/1/2025/324x324/250180059.jpg,2024-25
Yan Couto,Brazil,DEFENDER,UNKNOWN,24,2002-06-03,8,232,0,0,0,2,0,Borussia Dortmund,BVB,https://img.uefa.com/imgml/TP/teams/logos/240x240/52758.png,250163731,https://img.uefa.com/imgml/TP/players/1/2025/324x324/250163731.jpg,2024-25
Cédric Itten,Switzerland,FORWARD,STRIKER,29,1996-12-27,7,232,0,0,0,0,0,BSC Young Boys,YB,https://img.uefa.com/imgml/TP/teams/logos/240x240/50031.png,250064273,https://img.uefa.com/imgml/TP/players/1/2025/324x324/250064273.jpg,2024-25
Danilo,Brazil,DEFENDER,UNKNOWN,34,1991-07-15,4,231,0,0,0,2,1,Juventus,JUV,https://img.uefa.com/imgml/TP/teams/logos/240x240/50139.png,250039931,https://img.uefa.com/imgml/TP/players/1/2025/324x324/250039931.jpg,2024-25
Robin Le Normand,Spain,DEFENDER,CENTRE_BACK,29,1996-11-11,5,230,0,0,0,1,0,Atlético de Madrid,ATM,https://img.uefa.com/imgml/TP/teams/logos/240x240/50124.png,250112513,https://img.uefa.com/imgml/TP/players/1/2025/324x324/250112513.jpg,2024-25
Emil Holm,Sweden,DEFENDER,UNKNOWN,26,2000-05-13,4,230,0,0,0,2,0,Bologna FC 1909,BOL,https://img.uefa.com/imgml/TP/teams/logos/240x240/52969.png,250127502,https://img.uefa.com/imgml/TP/players/1/2025/324x324/250127502.jpg,2024-25
Jarell Quansah,England,DEFENDER,UNKNOWN,23,2003-01-29,4,229,0,0,0,0,0,Liverpool FC,LIV,https://img.uefa.com/imgml/TP/teams/logos/240x240/7889.png,250128391,https://img.uefa.com/imgml/TP/players/1/2025/324x324/250128391.jpg,2024-25
Ismaily,Brazil,DEFENDER,FULL_BACK,36,1990-01-11,4,228,0,1,0,0,0,LOSC Lille,LIL,https://img.uefa.com/imgml/TP/teams/logos/240x240/75797.png,250053792,https://img.uefa.com/imgml/TP/players/1/2025/324x324/250053792.jpg,2024-25
Samuel Mbangula,Belgium,FORWARD,UNKNOWN,22,2004-01-16,7,225,1,0,0,0,0,Juventus,JUV,https://img.uefa.com/imgml/TP/teams/logos/240x240/50139.png,250137395,https://img.uefa.com/imgml/TP/players/1/2025/324x324/250137395.jpg,2024-25
Takuya Ogiwara,Japan,DEFENDER,UNKNOWN,26,1999-11-23,3,225,1,0,0,1,0,GNK Dinamo,DIN,https://img.uefa.com/imgml/TP/teams/logos/240x240/50164.png,250193541,https://img.uefa.com/imgml/TP/players/1/2025/324x324/250193541.jpg,2024-25
Ethan Nwaneri,England,MIDFIELDER,UNKNOWN,19,2007-03-21,7,223,2,0,0,0,0,Arsenal FC,ARS,https://img.uefa.com/imgml/TP/teams/logos/240x240/52280.png,250170117,https://img.uefa.com/imgml/TP/players/1/2025/324x324/250170117.jpg,2024-25
Tyrell Malacia,Netherlands,DEFENDER,CENTRE_BACK,26,1999-08-17,3,222,0,0,0,1,0,PSV Eindhoven,PSV,https://img.uefa.com/imgml/TP/teams/logos/240x240/50062.png,250091161,https://img.uefa.com/imgml/TP/players/1/2025/324x324/250091161.jpg,2024-25
Danylo Sikan,Ukraine,FORWARD,STRIKER,25,2001-04-16,5,221,1,0,0,0,0,FC Shakhtar Donetsk,SHK,https://img.uefa.com/imgml/TP/teams/logos/240x240/52707.png,250115487,https://img.uefa.com/imgml/TP/players/1/2025/324x324/250115487.jpg,2024-25
Nicolò Casale,Italy,DEFENDER,UNKNOWN,28,1998-02-14,4,218,0,0,0,1,0,Bologna FC 1909,BOL,https://img.uefa.com/imgml/TP/teams/logos/240x240/52969.png,250138626,https://img.uefa.com/imgml/TP/players/1/2025/324x324/250138626.jpg,2024-25
Eduardo Quaresma,Portugal,DEFENDER,CENTRE_BACK,24,2002-03-02,5,215,0,0,0,0,0,Sporting Clube de Portugal,SPO,https://img.uefa.com/imgml/TP/teams/logos/240x240/50149.png,250117415,https://img.uefa.com/imgml/TP/players/1/2025/324x324/250117415.jpg,2024-25
Lukas Kačavenda,Croatia,MIDFIELDER,UNKNOWN,23,2003-03-02,6,214,0,0,0,3,0,GNK Dinamo,DIN,https://img.uefa.com/imgml/TP/teams/logos/240x240/50164.png,250163186,https://img.uefa.com/imgml/TP/players/1/2025/324x324/250163186.jpg,2024-25
Amine Adli,Morocco,FORWARD,UNKNOWN,26,2000-05-10,5,211,0,0,0,0,0,Bayer 04 Leverkusen,LEV,https://img.uefa.com/imgml/TP/teams/logos/240x240/50109.png,250163447,https://img.uefa.com/imgml/TP/players/1/2025/324x324/250163447.jpg,2024-25
Rafael Tolói,Italy,DEFENDER,CENTRE_BACK,35,1990-10-10,4,211,0,0,0,1,1,Atalanta BC,ATA,https://img.uefa.com/imgml/TP/teams/logos/240x240/52816.png,250112488,https://img.uefa.com/imgml/TP/players/1/2025/324x324/250112488.jpg,2024-25
Kacper Urbański,Poland,MIDFIELDER,UNKNOWN,21,2004-09-07,4,211,0,0,0,0,0,Bologna FC 1909,BOL,https://img.uefa.com/imgml/TP/teams/logos/240x240/52969.png,250166754,https://img.uefa.com/imgml/TP/players/1/2025/324x324/250166754.jpg,2024-25
Krépin Diatta,Senegal,MIDFIELDER,WINGER,27,1999-02-25,4,211,0,0,0,0,0,AS Monaco,MON,https://img.uefa.com/imgml/TP/teams/logos/240x240/50023.png,250121536,https://img.uefa.com/imgml/TP/players/1/2025/324x324/250121536.jpg,2024-25
Alex Valle,Spain,DEFENDER,UNKNOWN,22,2004-04-25,5,210,0,1,0,0,0,Celtic FC,CEL,https://img.uefa.com/imgml/TP/teams/logos/240x240/50050.png,250164785,https://img.uefa.com/imgml/TP/players/1/2025/324x324/250164785.jpg,2024-25
Vinícius Tobías,Brazil,DEFENDER,UNKNOWN,22,2004-02-23,3,210,0,0,0,1,0,FC Shakhtar Donetsk,SHK,https://img.uefa.com/imgml/TP/teams/logos/240x240/52707.png,250176491,https://img.uefa.com/imgml/TP/players/1/2025/324x324/250176491.jpg,2024-25
Mattia Perin,Italy,GOALKEEPER,GOALKEEPER,33,1992-11-10,3,210,0,0,0,1,0,Juventus,JUV,https://img.uefa.com/imgml/TP/teams/logos/240x240/50139.png,250007075,https://img.uefa.com/imgml/TP/players/1/2025/324x324/250007075.jpg,2024-25
Lloyd Kelly,England,DEFENDER,UNKNOWN,27,1998-10-06,2,210,0,0,0,0,0,Juventus,JUV,https://img.uefa.com/imgml/TP/teams/logos/240x240/50139.png,250130510,https://img.uefa.com/imgml/TP/players/1/2025/324x324/250130510.jpg,2024-25
Gonçalo Ramos,Portugal,FORWARD,STRIKER,24,2001-06-20,12,206,3,1,0,0,0,Paris Saint-Germain,PSG,https://img.uefa.com/imgml/TP/teams/logos/240x240/52747.png,250116654,https://img.uefa.com/imgml/TP/players/1/2025/324x324/250116654.jpg,2024-25
Nicolò Fagioli,Italy,MIDFIELDER,UNKNOWN,25,2001-02-12,4,206,0,0,0,0,0,Juventus,JUV,https://img.uefa.com/imgml/TP/teams/logos/240x240/50139.png,250113237,https://img.uefa.com/imgml/TP/players/1/2025/324x324/250113237.jpg,2024-25
Pedrinho,Brazil,MIDFIELDER,WINGER,28,1998-04-13,4,205,0,0,0,0,0,FC Shakhtar Donetsk,SHK,https://img.uefa.com/imgml/TP/teams/logos/240x240/52707.png,250144964,https://img.uefa.com/imgml/TP/players/1/2025/324x324/250144964.jpg,2024-25
Marko Arnautović,Austria,FORWARD,WINGER,37,1989-04-19,7,203,1,0,0,2,0,FC Internazionale Milano,INT,https://img.uefa.com/imgml/TP/teams/logos/240x240/50138.png,1903428,https://img.uefa.com/imgml/TP/players/1/2025/324x324/1903428.jpg,2024-25
Stefan Bajcetic,Spain,MIDFIELDER,UNKNOWN,21,2004-10-22,6,202,0,0,0,0,0,FC Salzburg,SAL,https://img.uefa.com/imgml/TP/teams/logos/240x240/50030.png,250154416,https://img.uefa.com/imgml/TP/players/1/2025/324x324/250154416.jpg,2024-25
Róbert Mak,Slovakia,FORWARD,WINGER,35,1991-03-08,7,201,0,0,0,0,0,ŠK Slovan Bratislava,SLB,https://img.uefa.com/imgml/TP/teams/logos/240x240/52797.png,107044,https://img.uefa.com/imgml/TP/players/1/2025/324x324/107044.jpg,2024-25
Pedro Gonçalves,Portugal,MIDFIELDER,UNKNOWN,27,1998-06-28,3,200,0,2,0,1,0,Sporting Clube de Portugal,SPO,https://img.uefa.com/imgml/TP/teams/logos/240x240/50149.png,250143328,https://img.uefa.com/imgml/TP/players/1/2025/324x324/250143328.jpg,2024-25
Oleksandr Zinchenko,Ukraine,DEFENDER,FULL_BACK,29,1996-12-15,6,194,1,0,0,0,0,Arsenal FC,ARS,https://img.uefa.com/imgml/TP/teams/logos/240x240/52280.png,250056861,https://img.uefa.com/imgml/TP/players/1/2025/324x324/250056861.jpg,2024-25
Jurij Medveděv,Czechia,DEFENDER,FULL_BACK,29,1996-06-18,4,193,0,1,0,0,0,ŠK Slovan Bratislava,SLB,https://img.uefa.com/imgml/TP/teams/logos/240x240/52797.png,250064310,https://img.uefa.com/imgml/TP/players/1/2025/324x324/250064310.jpg,2024-25
Bruno Petković,Croatia,FORWARD,STRIKER,31,1994-09-16,3,193,2,0,0,1,0,GNK Dinamo,DIN,https://img.uefa.com/imgml/TP/teams/logos/240x240/50164.png,250063394,https://img.uefa.com/imgml/TP/players/1/2025/324x324/250063394.jpg,2024-25
Jeremy Doku,Belgium,MIDFIELDER,STRIKER,24,2002-05-27,4,192,0,1,0,0,0,Manchester City,MCI,https://img.uefa.com/imgml/TP/teams/logos/240x240/52919.png,250113142,https://img.uefa.com/imgml/TP/players/1/2025/324x324/250113142.jpg,2024-25
Tomi Horvat,Slovenia,MIDFIELDER,UNKNOWN,27,1999-03-24,7,191,0,0,0,1,0,SK Sturm Graz,SGR,https://img.uefa.com/imgml/TP/teams/logos/240x240/50111.png,250019616,https://img.uefa.com/imgml/TP/players/1/2025/324x324/250019616.jpg,2024-25
Dario Špikić,Croatia,FORWARD,UNKNOWN,27,1999-03-22,5,185,1,0,0,0,0,GNK Dinamo,DIN,https://img.uefa.com/imgml/TP/teams/logos/240x240/50164.png,250092194,https://img.uefa.com/imgml/TP/players/1/2025/324x324/250092194.jpg,2024-25
Arjan Malić,Bosnia and Herzegovina,MIDFIELDER,UNKNOWN,20,2005-08-28,3,183,1,0,0,0,0,SK Sturm Graz,SGR,https://img.uefa.com/imgml/TP/teams/logos/240x240/50111.png,250192873,https://img.uefa.com/imgml/TP/players/1/2025/324x324/250192873.jpg,2024-25
Hugo Vetlesen,Norway,MIDFIELDER,UNKNOWN,26,2000-02-29,7,182,0,1,0,2,0,Club Brugge KV,BRU,https://img.uefa.com/imgml/TP/teams/logos/240x240/50043.png,250115134,https://img.uefa.com/imgml/TP/players/1/2025/324x324/250115134.jpg,2024-25
Jeyland Mitchell,Costa Rica,DEFENDER,UNKNOWN,21,2004-09-29,7,181,0,0,0,2,0,Feyenoord,FEY,https://img.uefa.com/imgml/TP/teams/logos/240x240/52749.png,250198120,https://img.uefa.com/imgml/TP/players/1/2025/324x324/250198120.jpg,2024-25
Dálcio Gomes,Portugal,MIDFIELDER,UNKNOWN,30,1996-05-22,5,180,0,0,0,0,0,FK Crvena Zvezda,ZVE,https://img.uefa.com/imgml/TP/teams/logos/240x240/50069.png,250082469,https://img.uefa.com/imgml/TP/players/1/2025/324x324/250082469.jpg,2024-25
 Abdoulaye Ndiaye,Senegal,DEFENDER,UNKNOWN,24,2002-04-10,2,180,0,0,0,1,0,Stade Brestois 29,BRE,https://img.uefa.com/imgml/TP/teams/logos/240x240/2601306.png,250163224,https://img.uefa.com/imgml/TP/players/1/2025/324x324/250163224.jpg,2024-25
Maarten Vandevoordt,Belgium,GOALKEEPER,GOALKEEPER,24,2002-02-26,2,180,0,0,0,1,0,RB Leipzig,RBL,https://img.uefa.com/imgml/TP/teams/logos/240x240/2603790.png,250118787,https://img.uefa.com/imgml/TP/players/1/2025/324x324/250118787.jpg,2024-25
João Félix,Portugal,FORWARD,STRIKER,26,1999-11-10,2,180,0,0,0,1,0,AC Milan,MIL,https://img.uefa.com/imgml/TP/teams/logos/240x240/50058.png,250101463,https://img.uefa.com/imgml/TP/players/1/2025/324x324/250101463.jpg,2024-25
Daniil Khudiakov,Russia,GOALKEEPER,UNKNOWN,22,2004-01-09,2,180,0,0,0,0,0,SK Sturm Graz,SGR,https://img.uefa.com/imgml/TP/teams/logos/240x240/50111.png,250165547,https://img.uefa.com/imgml/TP/players/1/2025/324x324/250165547.jpg,2024-25
Philipp Köhn,Switzerland,GOALKEEPER,GOALKEEPER,28,1998-04-02,2,180,0,0,0,0,0,AS Monaco,MON,https://img.uefa.com/imgml/TP/teams/logos/240x240/50023.png,250090955,https://img.uefa.com/imgml/TP/players/1/2025/324x324/250090955.jpg,2024-25
Matvei Safonov,Russia,GOALKEEPER,GOALKEEPER,27,1999-02-25,2,180,0,0,0,0,0,Paris Saint-Germain,PSG,https://img.uefa.com/imgml/TP/teams/logos/240x240/52747.png,250090101,https://img.uefa.com/imgml/TP/players/1/2025/324x324/250090101.jpg,2024-25
Andriy Lunin,Ukraine,GOALKEEPER,GOALKEEPER,27,1999-02-11,2,180,0,0,0,0,0,Real Madrid C.F.,RMA,https://img.uefa.com/imgml/TP/teams/logos/240x240/50051.png,250089824,https://img.uefa.com/imgml/TP/players/1/2025/324x324/250089824.jpg,2024-25
Marko Ilić,Serbia,GOALKEEPER,UNKNOWN,28,1998-02-03,2,180,0,0,0,0,0,FK Crvena Zvezda,ZVE,https://img.uefa.com/imgml/TP/teams/logos/240x240/50069.png,250079112,https://img.uefa.com/imgml/TP/players/1/2025/324x324/250079112.jpg,2024-25
Rui Silva,Portugal,GOALKEEPER,GOALKEEPER,32,1994-02-07,2,180,0,0,0,0,0,Sporting Clube de Portugal,SPO,https://img.uefa.com/imgml/TP/teams/logos/240x240/50149.png,250062141,https://img.uefa.com/imgml/TP/players/1/2025/324x324/250062141.jpg,2024-25
Stefan Ortega,Germany,GOALKEEPER,UNKNOWN,33,1992-11-06,2,180,0,0,0,0,0,Manchester City,MCI,https://img.uefa.com/imgml/TP/teams/logos/240x240/52919.png,250028705,https://img.uefa.com/imgml/TP/players/1/2025/324x324/250028705.jpg,2024-25
Dani Carvajal,Spain,DEFENDER,FULL_BACK,34,1992-01-11,2,180,0,0,0,0,0,Real Madrid C.F.,RMA,https://img.uefa.com/imgml/TP/teams/logos/240x240/50051.png,250024448,https://img.uefa.com/imgml/TP/players/1/2025/324x324/250024448.jpg,2024-25
Vanja Drkušić,Slovenia,DEFENDER,UNKNOWN,26,1999-10-30,2,179,0,0,0,0,0,FK Crvena Zvezda,ZVE,https://img.uefa.com/imgml/TP/teams/logos/240x240/50069.png,250089688,https://img.uefa.com/imgml/TP/players/1/2025/324x324/250089688.jpg,2024-25
Luka Ivanušec,Croatia,FORWARD,ATTACKING_MIDFIELDER,27,1998-11-26,4,177,0,0,0,0,0,Feyenoord,FEY,https://img.uefa.com/imgml/TP/teams/logos/240x240/52749.png,250098468,https://img.uefa.com/imgml/TP/players/1/2025/324x324/250098468.jpg,2024-25
Gustaf Nilsson,Sweden,FORWARD,UNKNOWN,29,1997-05-23,7,175,1,0,1,1,0,Club Brugge KV,BRU,https://img.uefa.com/imgml/TP/teams/logos/240x240/50043.png,250090719,https://img.uefa.com/imgml/TP/players/1/2025/324x324/250090719.jpg,2024-25
David Alaba,Austria,DEFENDER,FULL_BACK,33,1992-06-24,5,175,0,0,0,1,0,Real Madrid C.F.,RMA,https://img.uefa.com/imgml/TP/teams/logos/240x240/50051.png,1906540,https://img.uefa.com/imgml/TP/players/1/2025/324x324/1906540.jpg,2024-25
João Palhinha,Portugal,MIDFIELDER,DEFENSIVE_MIDFIELDER,30,1995-07-09,5,173,0,0,0,0,0,FC Bayern München,BAY,https://img.uefa.com/imgml/TP/teams/logos/240x240/50037.png,250067295,https://img.uefa.com/imgml/TP/players/1/2025/324x324/250067295.jpg,2024-25
Ricardo Esgaio,Portugal,DEFENDER,FULL_BACK,33,1993-05-16,4,170,0,0,0,0,0,Sporting Clube de Portugal,SPO,https://img.uefa.com/imgml/TP/teams/logos/240x240/50149.png,250014114,https://img.uefa.com/imgml/TP/players/1/2025/324x324/250014114.jpg,2024-25
Felício Milson,Angola,MIDFIELDER,UNKNOWN,26,1999-10-12,5,169,2,0,0,0,0,FK Crvena Zvezda,ZVE,https://img.uefa.com/imgml/TP/teams/logos/240x240/50069.png,250187067,https://img.uefa.com/imgml/TP/players/1/2025/324x324/250187067.jpg,2024-25
Harvey Elliott,England,MIDFIELDER,UNKNOWN,23,2003-04-04,5,168,3,0,0,2,0,Liverpool FC,LIV,https://img.uefa.com/imgml/TP/teams/logos/240x240/7889.png,250127426,https://img.uefa.com/imgml/TP/players/1/2025/324x324/250127426.jpg,2024-25
Nuno Santos,Portugal,FORWARD,UNKNOWN,31,1995-02-13,2,164,1,0,0,0,0,Sporting Clube de Portugal,SPO,https://img.uefa.com/imgml/TP/teams/logos/240x240/50149.png,250064482,https://img.uefa.com/imgml/TP/players/1/2025/324x324/250064482.jpg,2024-25
Ricardo Pepi,USA,FORWARD,UNKNOWN,23,2003-01-09,7,163,2,1,0,0,0,PSV Eindhoven,PSV,https://img.uefa.com/imgml/TP/teams/logos/240x240/50062.png,250187620,https://img.uefa.com/imgml/TP/players/1/2025/324x324/250187620.jpg,2024-25
Irakli Azarov,Georgia,DEFENDER,UNKNOWN,24,2002-02-21,2,162,0,0,0,0,0,FC Shakhtar Donetsk,SHK,https://img.uefa.com/imgml/TP/teams/logos/240x240/52707.png,250108031,https://img.uefa.com/imgml/TP/players/1/2025/324x324/250108031.jpg,2024-25
Angel Gomes,England,MIDFIELDER,CENTRAL_MIDFIELDER,25,2000-08-31,4,161,1,0,0,2,1,LOSC Lille,LIL,https://img.uefa.com/imgml/TP/teams/logos/240x240/75797.png,250104089,https://img.uefa.com/imgml/TP/players/1/2025/324x324/250104089.jpg,2024-25
Ermal Krasniqi,Kosovo,MIDFIELDER,UNKNOWN,27,1998-09-07,7,158,0,0,0,1,0,AC Sparta Praha,SPA,https://img.uefa.com/imgml/TP/teams/logos/240x240/50033.png,250142158,https://img.uefa.com/imgml/TP/players/1/2025/324x324/250142158.jpg,2024-25
Juan Cabal,Colombia,DEFENDER,UNKNOWN,25,2001-01-08,2,158,0,0,0,1,0,Juventus,JUV,https://img.uefa.com/imgml/TP/teams/logos/240x240/50139.png,250194564,https://img.uefa.com/imgml/TP/players/1/2025/324x324/250194564.jpg,2024-25
Elias Cobbaut,Belgium,DEFENDER,FULL_BACK,28,1997-11-24,2,158,0,0,0,0,0,AC Sparta Praha,SPA,https://img.uefa.com/imgml/TP/teams/logos/240x240/50033.png,250107509,https://img.uefa.com/imgml/TP/players/1/2025/324x324/250107509.jpg,2024-25
Nemanja Radonjić,Serbia,MIDFIELDER,WINGER,30,1996-02-15,4,157,3,0,0,0,0,FK Crvena Zvezda,ZVE,https://img.uefa.com/imgml/TP/teams/logos/240x240/50069.png,250055216,https://img.uefa.com/imgml/TP/players/1/2025/324x324/250055216.jpg,2024-25
Anrie Chase,Japan,DEFENDER,UNKNOWN,22,2004-03-24,5,156,0,0,0,1,0,VfB Stuttgart,STU,https://img.uefa.com/imgml/TP/teams/logos/240x240/50107.png,250198501,https://img.uefa.com/imgml/TP/players/1/2025/324x324/250198501.jpg,2024-25
Samuel Dahl,Sweden,DEFENDER,UNKNOWN,23,2003-03-04,3,155,0,0,0,0,0,SL Benfica,BEN,https://img.uefa.com/imgml/TP/teams/logos/240x240/50147.png,250130428,https://img.uefa.com/imgml/TP/players/1/2025/324x324/250130428.jpg,2024-25
Idjessi Metsoko,France,FORWARD,UNKNOWN,24,2002-03-14,7,154,1,0,0,0,0,ŠK Slovan Bratislava,SLB,https://img.uefa.com/imgml/TP/teams/logos/240x240/52797.png,250198274,https://img.uefa.com/imgml/TP/players/1/2025/324x324/250198274.jpg,2024-25
Bruno Duarte,Brazil,FORWARD,STRIKER,30,1996-03-24,7,153,0,0,0,0,0,FK Crvena Zvezda,ZVE,https://img.uefa.com/imgml/TP/teams/logos/240x240/50069.png,250133390,https://img.uefa.com/imgml/TP/players/1/2025/324x324/250133390.jpg,2024-25
Yussuf Poulsen,Denmark,FORWARD,STRIKER,31,1994-06-15,6,153,1,0,0,0,0,RB Leipzig,RBL,https://img.uefa.com/imgml/TP/teams/logos/240x240/2603790.png,250022869,https://img.uefa.com/imgml/TP/players/1/2025/324x324/250022869.jpg,2024-25
Hyunjun Yang,Korea Republic,MIDFIELDER,UNKNOWN,24,2002-05-25,6,153,0,1,0,0,0,Celtic FC,CEL,https://img.uefa.com/imgml/TP/teams/logos/240x240/50050.png,250181428,https://img.uefa.com/imgml/TP/players/1/2025/324x324/250181428.jpg,2024-25
Daouda Guindo,Mali,DEFENDER,UNKNOWN,23,2002-10-14,4,153,1,0,0,1,0,FC Salzburg,SAL,https://img.uefa.com/imgml/TP/teams/logos/240x240/50030.png,250161142,https://img.uefa.com/imgml/TP/players/1/2025/324x324/250161142.jpg,2024-25
Couhaib Driouech,Netherlands,FORWARD,UNKNOWN,24,2002-04-17,5,152,1,0,0,0,0,PSV Eindhoven,PSV,https://img.uefa.com/imgml/TP/teams/logos/240x240/50062.png,250197264,https://img.uefa.com/imgml/TP/players/1/2025/324x324/250197264.jpg,2024-25
Abel Ruiz,Spain,FORWARD,STRIKER,26,2000-01-28,3,147,0,0,0,0,0,Girona FC,GIR,https://img.uefa.com/imgml/TP/teams/logos/240x240/2602798.png,250087542,https://img.uefa.com/imgml/TP/players/1/2025/324x324/250087542.jpg,2024-25
Adamo Nagalo,Burkina Faso,DEFENDER,UNKNOWN,23,2002-09-22,5,145,0,0,0,0,0,PSV Eindhoven,PSV,https://img.uefa.com/imgml/TP/teams/logos/240x240/50062.png,250187793,https://img.uefa.com/imgml/TP/players/1/2025/324x324/250187793.jpg,2024-25
Yannik Keitel,Germany,MIDFIELDER,UNKNOWN,26,2000-02-15,4,145,1,0,0,1,0,VfB Stuttgart,STU,https://img.uefa.com/imgml/TP/teams/logos/240x240/50107.png,250104101,https://img.uefa.com/imgml/TP/players/1/2025/324x324/250104101.jpg,2024-25
Vladimír Weiss,Slovakia,MIDFIELDER,WINGER,36,1989-11-30,3,145,0,0,0,1,0,ŠK Slovan Bratislava,SLB,https://img.uefa.com/imgml/TP/teams/logos/240x240/52797.png,102153,https://img.uefa.com/imgml/TP/players/1/2025/324x324/102153.jpg,2024-25
Renato Sanches,Portugal,MIDFIELDER,CENTRAL_MIDFIELDER,28,1997-08-18,4,144,0,0,0,1,0,SL Benfica,BEN,https://img.uefa.com/imgml/TP/teams/logos/240x240/50147.png,250058218,https://img.uefa.com/imgml/TP/players/1/2025/324x324/250058218.jpg,2024-25
Lassina Traoré,Burkina Faso,FORWARD,STRIKER,25,2001-01-12,6,143,0,0,0,1,0,FC Shakhtar Donetsk,SHK,https://img.uefa.com/imgml/TP/teams/logos/240x240/52707.png,250128222,https://img.uefa.com/imgml/TP/players/1/2025/324x324/250128222.jpg,2024-25
Rodrigo Riquelme,Spain,MIDFIELDER,UNKNOWN,26,2000-04-02,5,143,0,0,0,0,0,Atlético de Madrid,ATM,https://img.uefa.com/imgml/TP/teams/logos/240x240/50124.png,250101313,https://img.uefa.com/imgml/TP/players/1/2025/324x324/250101313.jpg,2024-25
Arda Güler,Türkiye,MIDFIELDER,UNKNOWN,21,2005-02-25,7,142,0,0,0,0,0,Real Madrid C.F.,RMA,https://img.uefa.com/imgml/TP/teams/logos/240x240/50051.png,250161881,https://img.uefa.com/imgml/TP/players/1/2025/324x324/250161881.jpg,2024-25
Lucas Beraldo,Italy,DEFENDER,UNKNOWN,22,2003-11-24,4,142,0,0,0,0,0,Paris Saint-Germain,PSG,https://img.uefa.com/imgml/TP/teams/logos/240x240/52747.png,250193442,https://img.uefa.com/imgml/TP/players/1/2025/324x324/250193442.jpg,2024-25
Guélor Kanga,Gabon,MIDFIELDER,ATTACKING_MIDFIELDER,35,1990-09-01,5,141,1,0,0,0,0,FK Crvena Zvezda,ZVE,https://img.uefa.com/imgml/TP/teams/logos/240x240/50069.png,250056982,https://img.uefa.com/imgml/TP/players/1/2025/324x324/250056982.jpg,2024-25
Casper Nielsen,Denmark,MIDFIELDER,UNKNOWN,32,1994-04-29,6,140,1,0,0,1,0,Club Brugge KV,BRU,https://img.uefa.com/imgml/TP/teams/logos/240x240/50043.png,250061589,https://img.uefa.com/imgml/TP/players/1/2025/324x324/250061589.jpg,2024-25
Wataru Endo,Japan,DEFENDER,UNKNOWN,33,1993-02-09,6,140,0,0,0,0,0,Liverpool FC,LIV,https://img.uefa.com/imgml/TP/teams/logos/240x240/7889.png,250097935,https://img.uefa.com/imgml/TP/players/1/2025/324x324/250097935.jpg,2024-25
Lamare Bogarde,Netherlands,DEFENDER,UNKNOWN,22,2004-01-05,4,140,0,0,0,0,0,Aston Villa,AVL,https://img.uefa.com/imgml/TP/teams/logos/240x240/52683.png,250139057,https://img.uefa.com/imgml/TP/players/1/2025/324x324/250139057.jpg,2024-25
El Bilal Touré,Mali,FORWARD,UNKNOWN,24,2001-10-03,4,139,1,0,0,0,0,VfB Stuttgart,STU,https://img.uefa.com/imgml/TP/teams/logos/240x240/50107.png,250144297,https://img.uefa.com/imgml/TP/players/1/2025/324x324/250144297.jpg,2024-25
Meschack Elia,DR Congo,FORWARD,STRIKER,28,1997-08-06,5,138,0,0,0,2,0,BSC Young Boys,YB,https://img.uefa.com/imgml/TP/teams/logos/240x240/50031.png,250141610,https://img.uefa.com/imgml/TP/players/1/2025/324x324/250141610.jpg,2024-25
Mohamed Bayo,Rep of Guinea,FORWARD,UNKNOWN,28,1998-06-04,3,138,0,0,0,0,0,LOSC Lille,LIL,https://img.uefa.com/imgml/TP/teams/logos/240x240/75797.png,250197958,https://img.uefa.com/imgml/TP/players/1/2025/324x324/250197958.jpg,2024-25
Endrick,Brazil,FORWARD,UNKNOWN,19,2006-07-21,9,136,1,0,0,2,0,Real Madrid C.F.,RMA,https://img.uefa.com/imgml/TP/teams/logos/240x240/50051.png,250194573,https://img.uefa.com/imgml/TP/players/1/2025/324x324/250194573.jpg,2024-25
Lovro Zvonarek,Croatia,MIDFIELDER,UNKNOWN,21,2005-05-08,6,136,0,0,0,0,0,SK Sturm Graz,SGR,https://img.uefa.com/imgml/TP/teams/logos/240x240/50111.png,250168465,https://img.uefa.com/imgml/TP/players/1/2025/324x324/250168465.jpg,2024-25
Alaa Ghram,Tunisia,DEFENDER,UNKNOWN,24,2001-07-24,2,135,0,0,0,1,0,FC Shakhtar Donetsk,SHK,https://img.uefa.com/imgml/TP/teams/logos/240x240/52707.png,250194557,https://img.uefa.com/imgml/TP/players/1/2025/324x324/250194557.jpg,2024-25
Pascal Stenzel,Germany,DEFENDER,UNKNOWN,30,1996-03-20,5,131,0,0,0,1,0,VfB Stuttgart,STU,https://img.uefa.com/imgml/TP/teams/logos/240x240/50107.png,250063957,https://img.uefa.com/imgml/TP/players/1/2025/324x324/250063957.jpg,2024-25
Jonas Hofmann,Germany,MIDFIELDER,WINGER,33,1992-07-14,4,131,0,1,0,0,0,Bayer 04 Leverkusen,LEV,https://img.uefa.com/imgml/TP/teams/logos/240x240/50109.png,250057117,https://img.uefa.com/imgml/TP/players/1/2025/324x324/250057117.jpg,2024-25
Amady Camara,Mali,FORWARD,UNKNOWN,21,2005-05-28,4,131,0,0,0,0,0,SK Sturm Graz,SGR,https://img.uefa.com/imgml/TP/teams/logos/240x240/50111.png,250193506,https://img.uefa.com/imgml/TP/players/1/2025/324x324/250193506.jpg,2024-25
Jakub Pešek,Czechia,MIDFIELDER,WINGER,32,1993-06-24,2,130,0,0,0,1,0,AC Sparta Praha,SPA,https://img.uefa.com/imgml/TP/teams/logos/240x240/50033.png,250144288,https://img.uefa.com/imgml/TP/players/1/2025/324x324/250144288.jpg,2024-25
Jens Odgaard,Denmark,FORWARD,UNKNOWN,27,1999-03-31,5,128,0,1,0,1,0,Bologna FC 1909,BOL,https://img.uefa.com/imgml/TP/teams/logos/240x240/52969.png,250089276,https://img.uefa.com/imgml/TP/players/1/2025/324x324/250089276.jpg,2024-25
Mario Hermoso,Spain,DEFENDER,UNKNOWN,30,1995-06-18,2,128,0,0,0,1,0,Bayer 04 Leverkusen,LEV,https://img.uefa.com/imgml/TP/teams/logos/240x240/50109.png,250063940,https://img.uefa.com/imgml/TP/players/1/2025/324x324/250063940.jpg,2024-25
Nicolò Zaniolo,Italy,FORWARD,ATTACKING_MIDFIELDER,26,1999-07-02,7,127,1,0,0,1,0,Atalanta BC,ATA,https://img.uefa.com/imgml/TP/teams/logos/240x240/52816.png,250107324,https://img.uefa.com/imgml/TP/players/1/2025/324x324/250107324.jpg,2024-25
Axel Disasi,France,DEFENDER,UNKNOWN,28,1998-03-11,3,126,0,0,0,0,0,Aston Villa,AVL,https://img.uefa.com/imgml/TP/teams/logos/240x240/52683.png,250155947,https://img.uefa.com/imgml/TP/players/1/2025/324x324/250155947.jpg,2024-25
Justin Bijlow,Netherlands,GOALKEEPER,GOALKEEPER,28,1998-01-22,2,126,0,0,0,0,0,Feyenoord,FEY,https://img.uefa.com/imgml/TP/teams/logos/240x240/52749.png,250069830,https://img.uefa.com/imgml/TP/players/1/2025/324x324/250069830.jpg,2024-25
Marco Brescianini,Italy,MIDFIELDER,CENTRAL_MIDFIELDER,26,2000-01-20,6,124,1,0,0,1,0,Atalanta BC,ATA,https://img.uefa.com/imgml/TP/teams/logos/240x240/52816.png,250123020,https://img.uefa.com/imgml/TP/players/1/2025/324x324/250123020.jpg,2024-25
Emiliano Buendía,Argentina,FORWARD,UNKNOWN,29,1996-12-25,6,122,0,0,0,1,0,Bayer 04 Leverkusen,LEV,https://img.uefa.com/imgml/TP/teams/logos/240x240/50109.png,250080569,https://img.uefa.com/imgml/TP/players/1/2025/324x324/250080569.jpg,2024-25
Taras Stepanenko,Ukraine,MIDFIELDER,DEFENSIVE_MIDFIELDER,36,1989-08-08,6,121,0,0,0,2,0,FC Shakhtar Donetsk,SHK,https://img.uefa.com/imgml/TP/teams/logos/240x240/52707.png,1902685,https://img.uefa.com/imgml/TP/players/1/2025/324x324/1902685.jpg,2024-25
Kieran Tierney,Scotland,DEFENDER,FULL_BACK,28,1997-06-05,5,120,0,0,0,0,0,Arsenal FC,ARS,https://img.uefa.com/imgml/TP/teams/logos/240x240/52280.png,250067541,https://img.uefa.com/imgml/TP/players/1/2025/324x324/250067541.jpg,2024-25
Joe Gomez,England,DEFENDER,UNKNOWN,29,1997-05-23,4,119,0,0,0,1,0,Liverpool FC,LIV,https://img.uefa.com/imgml/TP/teams/logos/240x240/7889.png,250058215,https://img.uefa.com/imgml/TP/players/1/2025/324x324/250058215.jpg,2024-25
Jaden Philogene,England,MIDFIELDER,UNKNOWN,24,2002-02-08,3,119,0,0,0,0,0,Aston Villa,AVL,https://img.uefa.com/imgml/TP/teams/logos/240x240/52683.png,250188435,https://img.uefa.com/imgml/TP/players/1/2025/324x324/250188435.jpg,2024-25
Michał Skóraś,Poland,FORWARD,WINGER,26,2000-02-15,5,118,0,0,0,2,0,Club Brugge KV,BRU,https://img.uefa.com/imgml/TP/teams/logos/240x240/50043.png,250105686,https://img.uefa.com/imgml/TP/players/1/2025/324x324/250105686.jpg,2024-25
Lucas Hernández,France,DEFENDER,CENTRE_BACK,30,1996-02-14,5,116,0,0,0,0,0,Paris Saint-Germain,PSG,https://img.uefa.com/imgml/TP/teams/logos/240x240/52747.png,250063803,https://img.uefa.com/imgml/TP/players/1/2025/324x324/250063803.jpg,2024-25
Tiago Santos,Portugal,DEFENDER,UNKNOWN,23,2002-07-23,2,116,0,0,0,0,0,LOSC Lille,LIL,https://img.uefa.com/imgml/TP/teams/logos/240x240/75797.png,250188246,https://img.uefa.com/imgml/TP/players/1/2025/324x324/250188246.jpg,2024-25
Jeffrey Schlupp,Germany,MIDFIELDER,WINGER,33,1992-12-23,2,115,0,0,0,0,0,Celtic FC,CEL,https://img.uefa.com/imgml/TP/teams/logos/240x240/50050.png,250070692,https://img.uefa.com/imgml/TP/players/1/2025/324x324/250070692.jpg,2024-25
César Azpilicueta,Spain,DEFENDER,FULL_BACK,36,1989-08-28,2,112,0,0,0,1,0,Atlético de Madrid,ATM,https://img.uefa.com/imgml/TP/teams/logos/240x240/50124.png,103827,https://img.uefa.com/imgml/TP/players/1/2025/324x324/103827.jpg,2024-25
Jahmai Simpson-Pusey,England,DEFENDER,UNKNOWN,20,2005-11-04,2,112,0,0,0,0,0,Manchester City,MCI,https://img.uefa.com/imgml/TP/teams/logos/240x240/52919.png,250182606,https://img.uefa.com/imgml/TP/players/1/2025/324x324/250182606.jpg,2024-25
George Ilenikhena,Nigeria,FORWARD,UNKNOWN,19,2006-08-16,6,111,2,0,0,0,0,AS Monaco,MON,https://img.uefa.com/imgml/TP/teams/logos/240x240/50023.png,250188225,https://img.uefa.com/imgml/TP/players/1/2025/324x324/250188225.jpg,2024-25
Ramiz Zerrouki,Algeria,MIDFIELDER,UNKNOWN,28,1998-05-26,4,111,0,0,0,0,0,Feyenoord,FEY,https://img.uefa.com/imgml/TP/teams/logos/240x240/52749.png,250174849,https://img.uefa.com/imgml/TP/players/1/2025/324x324/250174849.jpg,2024-25
Július Szöke,Slovakia,MIDFIELDER,UNKNOWN,30,1995-08-18,3,110,0,0,0,0,0,ŠK Slovan Bratislava,SLB,https://img.uefa.com/imgml/TP/teams/logos/240x240/52797.png,250041564,https://img.uefa.com/imgml/TP/players/1/2025/324x324/250041564.jpg,2024-25
Niklas Beste,Germany,DEFENDER,UNKNOWN,27,1999-01-04,5,109,0,2,0,0,0,SL Benfica,BEN,https://img.uefa.com/imgml/TP/teams/logos/240x240/50147.png,250089209,https://img.uefa.com/imgml/TP/players/1/2025/324x324/250089209.jpg,2024-25
Arthur,Brazil,DEFENDER,UNKNOWN,23,2003-03-17,5,108,0,0,0,0,0,Bayer 04 Leverkusen,LEV,https://img.uefa.com/imgml/TP/teams/logos/240x240/50109.png,250188129,https://img.uefa.com/imgml/TP/players/1/2025/324x324/250188129.jpg,2024-25
James McAtee,England,MIDFIELDER,UNKNOWN,23,2002-10-18,5,107,1,0,0,1,0,Manchester City,MCI,https://img.uefa.com/imgml/TP/teams/logos/240x240/52919.png,250135615,https://img.uefa.com/imgml/TP/players/1/2025/324x324/250135615.jpg,2024-25
Federico Chiesa,Italy,FORWARD,ATTACKING_MIDFIELDER,28,1997-10-25,3,107,0,1,0,0,0,Liverpool FC,LIV,https://img.uefa.com/imgml/TP/teams/logos/240x240/7889.png,250090398,https://img.uefa.com/imgml/TP/players/1/2025/324x324/250090398.jpg,2024-25
Isaac Babadi,Netherlands,MIDFIELDER,UNKNOWN,21,2005-04-06,4,104,0,1,0,2,0,PSV Eindhoven,PSV,https://img.uefa.com/imgml/TP/teams/logos/240x240/50062.png,250169763,https://img.uefa.com/imgml/TP/players/1/2025/324x324/250169763.jpg,2024-25
Martin Terrier,France,FORWARD,WINGER,29,1997-03-04,4,104,0,1,0,0,0,Bayer 04 Leverkusen,LEV,https://img.uefa.com/imgml/TP/teams/logos/240x240/50109.png,250099459,https://img.uefa.com/imgml/TP/players/1/2025/324x324/250099459.jpg,2024-25
Sacha Boey,France,DEFENDER,FULL_BACK,25,2000-09-13,3,103,0,0,0,0,0,FC Bayern München,BAY,https://img.uefa.com/imgml/TP/teams/logos/240x240/50037.png,250136348,https://img.uefa.com/imgml/TP/players/1/2025/324x324/250136348.jpg,2024-25
Noah Okafor,Switzerland,FORWARD,WINGER,26,2000-05-24,5,102,0,1,0,0,0,AC Milan,MIL,https://img.uefa.com/imgml/TP/teams/logos/240x240/50058.png,250101696,https://img.uefa.com/imgml/TP/players/1/2025/324x324/250101696.jpg,2024-25
Renato Veiga,Portugal,DEFENDER,UNKNOWN,22,2003-07-29,2,102,0,0,0,0,0,Juventus,JUV,https://img.uefa.com/imgml/TP/teams/logos/240x240/50139.png,250164935,https://img.uefa.com/imgml/TP/players/1/2025/324x324/250164935.jpg,2024-25
Ross Barkley,England,MIDFIELDER,ATTACKING_MIDFIELDER,32,1993-12-05,6,99,1,0,0,1,0,Aston Villa,AVL,https://img.uefa.com/imgml/TP/teams/logos/240x240/52683.png,250007655,https://img.uefa.com/imgml/TP/players/1/2025/324x324/250007655.jpg,2024-25
Jhon Solís,Colombia,MIDFIELDER,UNKNOWN,21,2004-10-03,5,99,0,0,0,0,0,Girona FC,GIR,https://img.uefa.com/imgml/TP/teams/logos/240x240/2602798.png,250196665,https://img.uefa.com/imgml/TP/players/1/2025/324x324/250196665.jpg,2024-25
Issa Kaboré,Burkina Faso,DEFENDER,UNKNOWN,25,2001-05-12,2,98,0,0,0,2,0,SL Benfica,BEN,https://img.uefa.com/imgml/TP/teams/logos/240x240/50147.png,250171045,https://img.uefa.com/imgml/TP/players/1/2025/324x324/250171045.jpg,2024-25
Erencan Yardımcı,Türkiye,FORWARD,UNKNOWN,24,2002-02-04,5,97,0,0,0,1,0,SK Sturm Graz,SGR,https://img.uefa.com/imgml/TP/teams/logos/240x240/50111.png,250123910,https://img.uefa.com/imgml/TP/players/1/2025/324x324/250123910.jpg,2024-25
Omar Marmoush,Egypt,FORWARD,STRIKER,27,1999-02-07,2,96,0,0,0,0,0,Manchester City,MCI,https://img.uefa.com/imgml/TP/teams/logos/240x240/52919.png,250139217,https://img.uefa.com/imgml/TP/players/1/2025/324x324/250139217.jpg,2024-25
Bremer,Brazil,DEFENDER,UNKNOWN,29,1997-03-18,2,96,0,0,0,0,0,Juventus,JUV,https://img.uefa.com/imgml/TP/teams/logos/240x240/50139.png,250132322,https://img.uefa.com/imgml/TP/players/1/2025/324x324/250132322.jpg,2024-25
Cristian Portu,Spain,MIDFIELDER,WINGER,34,1992-05-21,5,94,0,0,0,2,0,Girona FC,GIR,https://img.uefa.com/imgml/TP/teams/logos/240x240/2602798.png,250006998,https://img.uefa.com/imgml/TP/players/1/2025/324x324/250006998.jpg,2024-25
Folarin Balogun,USA,FORWARD,STRIKER,24,2001-07-03,3,93,0,0,0,1,0,AS Monaco,MON,https://img.uefa.com/imgml/TP/teams/logos/240x240/50023.png,250118797,https://img.uefa.com/imgml/TP/players/1/2025/324x324/250118797.jpg,2024-25
Ameen Al-Dakhil,Belgium,DEFENDER,UNKNOWN,24,2002-03-06,3,93,0,0,0,0,0,VfB Stuttgart,STU,https://img.uefa.com/imgml/TP/teams/logos/240x240/50107.png,250127149,https://img.uefa.com/imgml/TP/players/1/2025/324x324/250127149.jpg,2024-25
Benjamin Rollheiser,Argentina,FORWARD,UNKNOWN,26,2000-03-24,6,92,0,0,0,0,0,SL Benfica,BEN,https://img.uefa.com/imgml/TP/teams/logos/240x240/50147.png,250193531,https://img.uefa.com/imgml/TP/players/1/2025/324x324/250193531.jpg,2024-25
Chris-Kévin Nadje,Ivory Coast,MIDFIELDER,UNKNOWN,24,2001-08-14,3,91,0,0,0,0,1,Feyenoord,FEY,https://img.uefa.com/imgml/TP/teams/logos/240x240/52749.png,250196663,https://img.uefa.com/imgml/TP/players/1/2025/324x324/250196663.jpg,2024-25
Mathys Tel,France,FORWARD,UNKNOWN,21,2005-04-27,3,91,0,0,0,0,0,FC Bayern München,BAY,https://img.uefa.com/imgml/TP/teams/logos/240x240/50037.png,250140936,https://img.uefa.com/imgml/TP/players/1/2025/324x324/250140936.jpg,2024-25
Petar Ratkov,Serbia,FORWARD,UNKNOWN,22,2003-08-18,4,90,0,0,0,0,0,FC Salzburg,SAL,https://img.uefa.com/imgml/TP/teams/logos/240x240/50030.png,250172594,https://img.uefa.com/imgml/TP/players/1/2025/324x324/250172594.jpg,2024-25
Milan Rodić,Serbia,DEFENDER,FULL_BACK,35,1991-04-02,3,90,0,0,0,1,0,FK Crvena Zvezda,ZVE,https://img.uefa.com/imgml/TP/teams/logos/240x240/50069.png,1906511,https://img.uefa.com/imgml/TP/players/1/2025/324x324/1906511.jpg,2024-25
Nico González,Spain,MIDFIELDER,UNKNOWN,24,2002-01-03,1,90,1,0,0,1,0,Manchester City,MCI,https://img.uefa.com/imgml/TP/teams/logos/240x240/52919.png,250123952,https://img.uefa.com/imgml/TP/players/1/2025/324x324/250123952.jpg,2024-25
Antal Yaakobishvili,Hungary,DEFENDER,UNKNOWN,21,2004-07-12,1,90,0,0,0,1,0,Girona FC,GIR,https://img.uefa.com/imgml/TP/teams/logos/240x240/2602798.png,250183894,https://img.uefa.com/imgml/TP/players/1/2025/324x324/250183894.jpg,2024-25
Rui Patrício,Portugal,GOALKEEPER,GOALKEEPER,38,1988-02-15,1,90,0,0,0,0,0,Atalanta BC,ATA,https://img.uefa.com/imgml/TP/teams/logos/240x240/52816.png,93443,https://img.uefa.com/imgml/TP/players/1/2025/324x324/93443.jpg,2024-25
Luck Zogbé,Ivory Coast,DEFENDER,UNKNOWN,21,2005-03-24,1,90,0,0,0,0,0,Stade Brestois 29,BRE,https://img.uefa.com/imgml/TP/teams/logos/240x240/2601306.png,250196590,https://img.uefa.com/imgml/TP/players/1/2025/324x324/250196590.jpg,2024-25
Grégoire Coudert,France,GOALKEEPER,UNKNOWN,27,1999-04-03,1,90,0,0,0,0,0,Stade Brestois 29,BRE,https://img.uefa.com/imgml/TP/teams/logos/240x240/2601306.png,250196587,https://img.uefa.com/imgml/TP/players/1/2025/324x324/250196587.jpg,2024-25
Federico Ravaglia,Italy,GOALKEEPER,UNKNOWN,26,1999-11-11,1,90,0,0,0,0,0,Bologna FC 1909,BOL,https://img.uefa.com/imgml/TP/teams/logos/240x240/52969.png,250196542,https://img.uefa.com/imgml/TP/players/1/2025/324x324/250196542.jpg,2024-25
Abdukodir Khusanov,Uzbekistan,DEFENDER,UNKNOWN,22,2004-02-29,1,90,0,0,0,0,0,Manchester City,MCI,https://img.uefa.com/imgml/TP/teams/logos/240x240/52919.png,250187698,https://img.uefa.com/imgml/TP/players/1/2025/324x324/250187698.jpg,2024-25
Tygo Land,Netherlands,MIDFIELDER,UNKNOWN,20,2006-01-11,1,90,0,0,0,0,0,PSV Eindhoven,PSV,https://img.uefa.com/imgml/TP/teams/logos/240x240/50062.png,250180112,https://img.uefa.com/imgml/TP/players/1/2025/324x324/250180112.jpg,2024-25
Alexander Meyer,Germany,GOALKEEPER,UNKNOWN,35,1991-04-13,1,90,0,0,0,0,0,Borussia Dortmund,BVB,https://img.uefa.com/imgml/TP/teams/logos/240x240/52758.png,250174737,https://img.uefa.com/imgml/TP/players/1/2025/324x324/250174737.jpg,2024-25
Adam Ševínský,Czechia,DEFENDER,UNKNOWN,21,2004-06-19,1,90,0,0,0,0,0,AC Sparta Praha,SPA,https://img.uefa.com/imgml/TP/teams/logos/240x240/50033.png,250164861,https://img.uefa.com/imgml/TP/players/1/2025/324x324/250164861.jpg,2024-25
James McConnell,England,MIDFIELDER,UNKNOWN,21,2004-09-13,1,90,0,0,0,0,0,Liverpool FC,LIV,https://img.uefa.com/imgml/TP/teams/logos/240x240/7889.png,250154426,https://img.uefa.com/imgml/TP/players/1/2025/324x324/250154426.jpg,2024-25
Maurits Kjærgaard,Denmark,MIDFIELDER,UNKNOWN,22,2003-06-26,1,90,0,0,0,0,0,FC Salzburg,SAL,https://img.uefa.com/imgml/TP/teams/logos/240x240/50030.png,250129343,https://img.uefa.com/imgml/TP/players/1/2025/324x324/250129343.jpg,2024-25
Mathias Ross,Denmark,DEFENDER,UNKNOWN,25,2001-01-15,1,90,0,0,0,0,0,AC Sparta Praha,SPA,https://img.uefa.com/imgml/TP/teams/logos/240x240/50033.png,250116069,https://img.uefa.com/imgml/TP/players/1/2025/324x324/250116069.jpg,2024-25
Daniel Peretz,Israel,GOALKEEPER,GOALKEEPER,25,2000-07-10,1,90,0,0,0,0,0,FC Bayern München,BAY,https://img.uefa.com/imgml/TP/teams/logos/240x240/50037.png,250105664,https://img.uefa.com/imgml/TP/players/1/2025/324x324/250105664.jpg,2024-25
Josep Martínez,Spain,GOALKEEPER,UNKNOWN,28,1998-05-27,1,90,0,0,0,0,0,FC Internazionale Milano,INT,https://img.uefa.com/imgml/TP/teams/logos/240x240/50138.png,250096761,https://img.uefa.com/imgml/TP/players/1/2025/324x324/250096761.jpg,2024-25
Pau López,Spain,GOALKEEPER,GOALKEEPER,31,1994-12-13,1,90,0,0,0,0,0,Girona FC,GIR,https://img.uefa.com/imgml/TP/teams/logos/240x240/2602798.png,250086637,https://img.uefa.com/imgml/TP/players/1/2025/324x324/250086637.jpg,2024-25
Rodri,Spain,MIDFIELDER,DEFENSIVE_MIDFIELDER,29,1996-06-22,1,90,0,0,0,0,0,Manchester City,MCI,https://img.uefa.com/imgml/TP/teams/logos/240x240/52919.png,250082664,https://img.uefa.com/imgml/TP/players/1/2025/324x324/250082664.jpg,2024-25
Joël Drommel,Netherlands,GOALKEEPER,UNKNOWN,29,1996-11-16,1,90,0,0,0,0,0,PSV Eindhoven,PSV,https://img.uefa.com/imgml/TP/teams/logos/240x240/50062.png,250081931,https://img.uefa.com/imgml/TP/players/1/2025/324x324/250081931.jpg,2024-25
Fabian Bredlow,Germany,GOALKEEPER,UNKNOWN,31,1995-03-02,1,90,0,0,0,0,0,VfB Stuttgart,STU,https://img.uefa.com/imgml/TP/teams/logos/240x240/50107.png,250070418,https://img.uefa.com/imgml/TP/players/1/2025/324x324/250070418.jpg,2024-25
Neto,Brazil,GOALKEEPER,GOALKEEPER,36,1989-07-19,1,90,0,0,0,0,0,Arsenal FC,ARS,https://img.uefa.com/imgml/TP/teams/logos/240x240/52280.png,250061507,https://img.uefa.com/imgml/TP/players/1/2025/324x324/250061507.jpg,2024-25
Marc-André ter Stegen,Germany,GOALKEEPER,GOALKEEPER,34,1992-04-30,1,90,0,0,0,0,0,FC Barcelona,BAR,https://img.uefa.com/imgml/TP/teams/logos/240x240/50080.png,250007631,https://img.uefa.com/imgml/TP/players/1/2025/324x324/250007631.jpg,2024-25
Markus Solbakken,Norway,MIDFIELDER,UNKNOWN,25,2000-07-25,4,86,0,0,0,0,0,AC Sparta Praha,SPA,https://img.uefa.com/imgml/TP/teams/logos/240x240/50033.png,250126267,https://img.uefa.com/imgml/TP/players/1/2025/324x324/250126267.jpg,2024-25
Luka Ilić,Serbia,MIDFIELDER,CENTRAL_MIDFIELDER,26,1999-07-02,5,85,0,0,0,0,0,FK Crvena Zvezda,ZVE,https://img.uefa.com/imgml/TP/teams/logos/240x240/50069.png,250097337,https://img.uefa.com/imgml/TP/players/1/2025/324x324/250097337.jpg,2024-25
André Silva,Portugal,FORWARD,STRIKER,30,1995-11-06,4,85,0,0,0,0,0,RB Leipzig,RBL,https://img.uefa.com/imgml/TP/teams/logos/240x240/2603790.png,250042521,https://img.uefa.com/imgml/TP/players/1/2025/324x324/250042521.jpg,2024-25
Jota,Portugal,FORWARD,STRIKER,27,1999-03-30,2,85,0,0,0,0,0,Celtic FC,CEL,https://img.uefa.com/imgml/TP/teams/logos/240x240/50050.png,250087566,https://img.uefa.com/imgml/TP/players/1/2025/324x324/250087566.jpg,2024-25
Newertton,Brazil,MIDFIELDER,UNKNOWN,21,2005-06-03,4,84,0,0,0,0,0,FC Shakhtar Donetsk,SHK,https://img.uefa.com/imgml/TP/teams/logos/240x240/52707.png,250187671,https://img.uefa.com/imgml/TP/players/1/2025/324x324/250187671.jpg,2024-25
Jordan Amavi,France,DEFENDER,FULL_BACK,32,1994-03-09,1,84,0,0,0,0,0,Stade Brestois 29,BRE,https://img.uefa.com/imgml/TP/teams/logos/240x240/2601306.png,250063617,https://img.uefa.com/imgml/TP/players/1/2025/324x324/250063617.jpg,2024-25
Leandro Morgalla,Germany,DEFENDER,UNKNOWN,21,2004-09-13,3,83,0,0,0,0,0,FC Salzburg,SAL,https://img.uefa.com/imgml/TP/teams/logos/240x240/50030.png,250178782,https://img.uefa.com/imgml/TP/players/1/2025/324x324/250178782.jpg,2024-25
Jayden Danns,England,FORWARD,UNKNOWN,20,2006-01-16,1,83,0,0,0,0,0,Liverpool FC,LIV,https://img.uefa.com/imgml/TP/teams/logos/240x240/7889.png,250165085,https://img.uefa.com/imgml/TP/players/1/2025/324x324/250165085.jpg,2024-25
Calvin Stengs,Netherlands,FORWARD,WINGER,27,1998-12-18,3,80,0,0,0,0,0,Feyenoord,FEY,https://img.uefa.com/imgml/TP/teams/logos/240x240/52749.png,250105284,https://img.uefa.com/imgml/TP/players/1/2025/324x324/250105284.jpg,2024-25
Zepiqueno Redmond,Netherlands,FORWARD,UNKNOWN,19,2006-06-22,2,80,0,0,0,0,0,Feyenoord,FEY,https://img.uefa.com/imgml/TP/teams/logos/240x240/52749.png,250180111,https://img.uefa.com/imgml/TP/players/1/2025/324x324/250180111.jpg,2024-25
Selvi Clua,Spain,MIDFIELDER,UNKNOWN,21,2005-01-29,1,79,0,0,0,0,0,Girona FC,GIR,https://img.uefa.com/imgml/TP/teams/logos/240x240/2602798.png,250199902,https://img.uefa.com/imgml/TP/players/1/2025/324x324/250199902.jpg,2024-25
Ethan Mbappé,France,MIDFIELDER,UNKNOWN,19,2006-12-29,2,78,0,0,0,0,0,LOSC Lille,LIL,https://img.uefa.com/imgml/TP/teams/logos/240x240/75797.png,250189110,https://img.uefa.com/imgml/TP/players/1/2025/324x324/250189110.jpg,2024-25
Jonas Martin,France,MIDFIELDER,UNKNOWN,36,1990-04-09,5,77,0,0,0,0,0,Stade Brestois 29,BRE,https://img.uefa.com/imgml/TP/teams/logos/240x240/2601306.png,250020850,https://img.uefa.com/imgml/TP/players/1/2025/324x324/250020850.jpg,2024-25
Carney Chukwuemeka,Austria,MIDFIELDER,UNKNOWN,22,2003-10-20,3,77,0,0,0,0,0,Borussia Dortmund,BVB,https://img.uefa.com/imgml/TP/teams/logos/240x240/52758.png,250169276,https://img.uefa.com/imgml/TP/players/1/2025/324x324/250169276.jpg,2024-25
Arthur Cabral,Brazil,FORWARD,STRIKER,28,1998-04-25,6,76,1,0,0,0,1,SL Benfica,BEN,https://img.uefa.com/imgml/TP/teams/logos/240x240/50147.png,250134190,https://img.uefa.com/imgml/TP/players/1/2025/324x324/250134190.jpg,2024-25
Ismaël Bennacer,Algeria,MIDFIELDER,DEFENSIVE_MIDFIELDER,28,1997-12-01,1,75,0,1,0,0,0,AC Milan,MIL,https://img.uefa.com/imgml/TP/teams/logos/240x240/50058.png,250087665,https://img.uefa.com/imgml/TP/players/1/2025/324x324/250087665.jpg,2024-25
Gabriel Teixeira,Brazil,MIDFIELDER,UNKNOWN,25,2001-04-01,2,73,0,0,0,0,0,Sporting Clube de Portugal,SPO,https://img.uefa.com/imgml/TP/teams/logos/240x240/50149.png,250205706,https://img.uefa.com/imgml/TP/players/1/2025/324x324/250205706.jpg,2024-25
Branko Pavić,Croatia,MIDFIELDER,UNKNOWN,19,2006-11-07,1,73,0,0,0,0,0,GNK Dinamo,DIN,https://img.uefa.com/imgml/TP/teams/logos/240x240/50164.png,250172062,https://img.uefa.com/imgml/TP/players/1/2025/324x324/250172062.jpg,2024-25
Hugo Siquet,Belgium,DEFENDER,FULL_BACK,23,2002-07-09,4,70,0,0,0,0,0,Club Brugge KV,BRU,https://img.uefa.com/imgml/TP/teams/logos/240x240/50043.png,250128898,https://img.uefa.com/imgml/TP/players/1/2025/324x324/250128898.jpg,2024-25
Marcus Edwards,England,FORWARD,WINGER,27,1998-12-03,1,68,0,0,0,0,0,Sporting Clube de Portugal,SPO,https://img.uefa.com/imgml/TP/teams/logos/240x240/50149.png,250079522,https://img.uefa.com/imgml/TP/players/1/2025/324x324/250079522.jpg,2024-25
Ibrahim Salah,Belgium,FORWARD,UNKNOWN,24,2001-08-30,6,67,0,0,0,1,0,Stade Brestois 29,BRE,https://img.uefa.com/imgml/TP/teams/logos/240x240/2601306.png,250175393,https://img.uefa.com/imgml/TP/players/1/2025/324x324/250175393.jpg,2024-25
Jordan Teze,Netherlands,DEFENDER,FULL_BACK,26,1999-09-30,3,66,0,0,0,0,0,AS Monaco,MON,https://img.uefa.com/imgml/TP/teams/logos/240x240/50023.png,250088122,https://img.uefa.com/imgml/TP/players/1/2025/324x324/250088122.jpg,2024-25
Marco Palestra,Italy,DEFENDER,UNKNOWN,21,2005-03-03,3,65,0,0,0,0,0,Atalanta BC,ATA,https://img.uefa.com/imgml/TP/teams/logos/240x240/52816.png,250189174,https://img.uefa.com/imgml/TP/players/1/2025/324x324/250189174.jpg,2024-25
Aymen Sliti,Netherlands,FORWARD,UNKNOWN,20,2006-03-24,1,63,0,0,0,0,0,Feyenoord,FEY,https://img.uefa.com/imgml/TP/teams/logos/240x240/52749.png,250180110,https://img.uefa.com/imgml/TP/players/1/2025/324x324/250180110.jpg,2024-25
Anthony Ralston,Scotland,DEFENDER,FULL_BACK,27,1998-11-16,3,62,0,0,0,1,0,Celtic FC,CEL,https://img.uefa.com/imgml/TP/teams/logos/240x240/50050.png,250096737,https://img.uefa.com/imgml/TP/players/1/2025/324x324/250096737.jpg,2024-25
Arbër Hoxha,Albania,FORWARD,UNKNOWN,27,1998-10-06,5,60,0,0,0,0,0,GNK Dinamo,DIN,https://img.uefa.com/imgml/TP/teams/logos/240x240/50164.png,250110159,https://img.uefa.com/imgml/TP/players/1/2025/324x324/250110159.jpg,2024-25
James Forrest,Scotland,MIDFIELDER,WINGER,34,1991-07-07,4,60,0,1,0,0,0,Celtic FC,CEL,https://img.uefa.com/imgml/TP/teams/logos/240x240/50050.png,1909868,https://img.uefa.com/imgml/TP/players/1/2025/324x324/1909868.jpg,2024-25
Filippo Terracciano,Italy,DEFENDER,UNKNOWN,23,2003-02-08,2,60,0,0,0,0,0,AC Milan,MIL,https://img.uefa.com/imgml/TP/teams/logos/240x240/50058.png,250171100,https://img.uefa.com/imgml/TP/players/1/2025/324x324/250171100.jpg,2024-25
Andrea Belotti,Italy,FORWARD,UNKNOWN,32,1993-12-20,4,55,0,0,0,0,0,SL Benfica,BEN,https://img.uefa.com/imgml/TP/teams/logos/240x240/50147.png,250050378,https://img.uefa.com/imgml/TP/players/1/2025/324x324/250050378.jpg,2024-25
Leonidas Stergiou,Switzerland,DEFENDER,UNKNOWN,24,2002-03-03,4,53,0,0,0,0,0,VfB Stuttgart,STU,https://img.uefa.com/imgml/TP/teams/logos/240x240/50107.png,250119144,https://img.uefa.com/imgml/TP/players/1/2025/324x324/250119144.jpg,2024-25
Romeo Vermant,Belgium,FORWARD,UNKNOWN,22,2004-01-24,5,52,0,0,0,0,0,Club Brugge KV,BRU,https://img.uefa.com/imgml/TP/teams/logos/240x240/50043.png,250138982,https://img.uefa.com/imgml/TP/players/1/2025/324x324/250138982.jpg,2024-25
Al-Musrati,Portugal,MIDFIELDER,DEFENSIVE_MIDFIELDER,30,1996-04-06,1,52,0,0,0,2,1,AS Monaco,MON,https://img.uefa.com/imgml/TP/teams/logos/240x240/50023.png,250132338,https://img.uefa.com/imgml/TP/players/1/2025/324x324/250132338.jpg,2024-25
Takumu Kawamura,Japan,MIDFIELDER,UNKNOWN,26,1999-08-28,3,51,0,0,0,0,0,FC Salzburg,SAL,https://img.uefa.com/imgml/TP/teams/logos/240x240/50030.png,250200233,https://img.uefa.com/imgml/TP/players/1/2025/324x324/250200233.jpg,2024-25
Pau Víctor,Spain,FORWARD,UNKNOWN,24,2001-11-26,6,49,0,0,0,1,0,FC Barcelona,BAR,https://img.uefa.com/imgml/TP/teams/logos/240x240/50080.png,250193534,https://img.uefa.com/imgml/TP/players/1/2025/324x324/250193534.jpg,2024-25
Héctor Fort,Spain,DEFENDER,UNKNOWN,19,2006-08-02,2,49,0,0,0,0,0,FC Barcelona,BAR,https://img.uefa.com/imgml/TP/teams/logos/240x240/50080.png,250171667,https://img.uefa.com/imgml/TP/players/1/2025/324x324/250171667.jpg,2024-25
Luke McCowan,Scotland,MIDFIELDER,UNKNOWN,28,1997-12-09,3,48,0,0,0,0,0,Celtic FC,CEL,https://img.uefa.com/imgml/TP/teams/logos/240x240/50050.png,250200307,https://img.uefa.com/imgml/TP/players/1/2025/324x324/250200307.jpg,2024-25
Kryštof Daněk,Czechia,MIDFIELDER,UNKNOWN,23,2003-01-05,3,48,0,0,0,0,0,AC Sparta Praha,SPA,https://img.uefa.com/imgml/TP/teams/logos/240x240/50033.png,250130771,https://img.uefa.com/imgml/TP/players/1/2025/324x324/250130771.jpg,2024-25
Senny Mayulu,France,MIDFIELDER,UNKNOWN,20,2006-05-17,4,47,2,0,0,0,0,Paris Saint-Germain,PSG,https://img.uefa.com/imgml/TP/teams/logos/240x240/52747.png,250177597,https://img.uefa.com/imgml/TP/players/1/2025/324x324/250177597.jpg,2024-25
Gjivai Zechiel,Netherlands,MIDFIELDER,UNKNOWN,22,2004-06-01,2,46,0,0,0,0,0,Feyenoord,FEY,https://img.uefa.com/imgml/TP/teams/logos/240x240/52749.png,250178067,https://img.uefa.com/imgml/TP/players/1/2025/324x324/250178067.jpg,2024-25
Ousmane Toure,France,DEFENDER,UNKNOWN,21,2005-02-18,1,45,0,0,0,1,0,LOSC Lille,LIL,https://img.uefa.com/imgml/TP/teams/logos/240x240/75797.png,250165236,https://img.uefa.com/imgml/TP/players/1/2025/324x324/250165236.jpg,2024-25
Javi Serrano,Spain,MIDFIELDER,UNKNOWN,23,2003-01-16,1,45,0,0,0,1,0,Atlético de Madrid,ATM,https://img.uefa.com/imgml/TP/teams/logos/240x240/50124.png,250136445,https://img.uefa.com/imgml/TP/players/1/2025/324x324/250136445.jpg,2024-25
Martin Erlić,Croatia,DEFENDER,UNKNOWN,28,1998-01-24,1,45,0,0,0,1,0,Bologna FC 1909,BOL,https://img.uefa.com/imgml/TP/teams/logos/240x240/52969.png,250081634,https://img.uefa.com/imgml/TP/players/1/2025/324x324/250081634.jpg,2024-25
Sven Ulreich,Germany,GOALKEEPER,UNKNOWN,37,1988-08-03,1,45,0,0,0,0,1,FC Bayern München,BAY,https://img.uefa.com/imgml/TP/teams/logos/240x240/50037.png,1902445,https://img.uefa.com/imgml/TP/players/1/2025/324x324/1902445.jpg,2024-25
John Mellberg,Sweden,DEFENDER,UNKNOWN,19,2006-07-30,1,45,0,0,0,0,0,FC Salzburg,SAL,https://img.uefa.com/imgml/TP/teams/logos/240x240/50030.png,250180309,https://img.uefa.com/imgml/TP/players/1/2025/324x324/250180309.jpg,2024-25
Alexandre Brito,Portugal,MIDFIELDER,UNKNOWN,20,2005-07-19,1,45,0,0,0,0,0,Sporting Clube de Portugal,SPO,https://img.uefa.com/imgml/TP/teams/logos/240x240/50149.png,250177504,https://img.uefa.com/imgml/TP/players/1/2025/324x324/250177504.jpg,2024-25
Indrit Tuci,Albania,FORWARD,UNKNOWN,25,2000-09-14,2,42,0,0,0,0,0,AC Sparta Praha,SPA,https://img.uefa.com/imgml/TP/teams/logos/240x240/50033.png,250138623,https://img.uefa.com/imgml/TP/players/1/2025/324x324/250138623.jpg,2024-25
Lukas Klostermann,Germany,DEFENDER,FULL_BACK,30,1996-06-03,3,41,0,0,0,0,0,RB Leipzig,RBL,https://img.uefa.com/imgml/TP/teams/logos/240x240/2603790.png,250058260,https://img.uefa.com/imgml/TP/players/1/2025/324x324/250058260.jpg,2024-25
Ansu Fati,Spain,FORWARD,UNKNOWN,23,2002-10-31,4,40,0,0,0,0,0,FC Barcelona,BAR,https://img.uefa.com/imgml/TP/teams/logos/240x240/50080.png,250117471,https://img.uefa.com/imgml/TP/players/1/2025/324x324/250117471.jpg,2024-25
Miguel Chaiwa,Zambia,MIDFIELDER,UNKNOWN,21,2004-06-07,2,39,0,0,0,1,0,BSC Young Boys,YB,https://img.uefa.com/imgml/TP/teams/logos/240x240/50031.png,250174331,https://img.uefa.com/imgml/TP/players/1/2025/324x324/250174331.jpg,2024-25
Tyler Morton,England,MIDFIELDER,UNKNOWN,23,2002-10-31,1,39,0,0,0,1,0,Liverpool FC,LIV,https://img.uefa.com/imgml/TP/teams/logos/240x240/7889.png,250124400,https://img.uefa.com/imgml/TP/players/1/2025/324x324/250124400.jpg,2024-25
Lorenzo Torriani,Italy,GOALKEEPER,UNKNOWN,21,2005-01-31,1,39,0,0,0,0,0,AC Milan,MIL,https://img.uefa.com/imgml/TP/teams/logos/240x240/50058.png,250177333,https://img.uefa.com/imgml/TP/players/1/2025/324x324/250177333.jpg,2024-25
Nicola Zalewski,Poland,MIDFIELDER,ATTACKING_MIDFIELDER,24,2002-01-23,2,38,0,0,0,2,0,FC Internazionale Milano,INT,https://img.uefa.com/imgml/TP/teams/logos/240x240/50138.png,250124155,https://img.uefa.com/imgml/TP/players/1/2025/324x324/250124155.jpg,2024-25
Jarzinho Malanga,Germany,FORWARD,UNKNOWN,19,2006-07-10,3,37,0,0,0,0,0,VfB Stuttgart,STU,https://img.uefa.com/imgml/TP/teams/logos/240x240/50107.png,250180810,https://img.uefa.com/imgml/TP/players/1/2025/324x324/250180810.jpg,2024-25
Lucas Michal,France,FORWARD,UNKNOWN,20,2005-06-22,3,37,0,0,0,0,0,AS Monaco,MON,https://img.uefa.com/imgml/TP/teams/logos/240x240/50023.png,250168060,https://img.uefa.com/imgml/TP/players/1/2025/324x324/250168060.jpg,2024-25
Francesco Camarda,Italy,FORWARD,UNKNOWN,18,2008-03-10,4,36,0,1,0,1,0,AC Milan,MIL,https://img.uefa.com/imgml/TP/teams/logos/240x240/50058.png,250182794,https://img.uefa.com/imgml/TP/players/1/2025/324x324/250182794.jpg,2024-25
Sergi Dominguez,Spain,DEFENDER,UNKNOWN,21,2005-04-01,2,35,0,0,0,0,0,FC Barcelona,BAR,https://img.uefa.com/imgml/TP/teams/logos/240x240/50080.png,250164781,https://img.uefa.com/imgml/TP/players/1/2025/324x324/250164781.jpg,2024-25
Afonso Moreira,Portugal,FORWARD,UNKNOWN,21,2005-03-19,1,35,0,0,0,0,0,Sporting Clube de Portugal,SPO,https://img.uefa.com/imgml/TP/teams/logos/240x240/50149.png,250164940,https://img.uefa.com/imgml/TP/players/1/2025/324x324/250164940.jpg,2024-25
Giorgio Scalvini,Italy,DEFENDER,UNKNOWN,22,2003-12-11,1,35,0,0,0,0,0,Atalanta BC,ATA,https://img.uefa.com/imgml/TP/teams/logos/240x240/52816.png,250129755,https://img.uefa.com/imgml/TP/players/1/2025/324x324/250129755.jpg,2024-25
Luis Palma,Honduras,MIDFIELDER,UNKNOWN,26,2000-01-17,2,34,0,0,0,0,0,Celtic FC,CEL,https://img.uefa.com/imgml/TP/teams/logos/240x240/50050.png,250174602,https://img.uefa.com/imgml/TP/players/1/2025/324x324/250174602.jpg,2024-25
Eljif Elmas,North Macedonia,MIDFIELDER,CENTRAL_MIDFIELDER,26,1999-09-24,3,33,0,0,0,0,0,RB Leipzig,RBL,https://img.uefa.com/imgml/TP/teams/logos/240x240/2603790.png,250091841,https://img.uefa.com/imgml/TP/players/1/2025/324x324/250091841.jpg,2024-25
Hiroki Ito,Japan,DEFENDER,UNKNOWN,27,1999-05-12,2,33,0,0,0,0,0,FC Bayern München,BAY,https://img.uefa.com/imgml/TP/teams/logos/240x240/50037.png,250181455,https://img.uefa.com/imgml/TP/players/1/2025/324x324/250181455.jpg,2024-25
Hirving Lozano,Mexico,FORWARD,WINGER,30,1995-07-30,2,33,0,0,0,0,0,PSV Eindhoven,PSV,https://img.uefa.com/imgml/TP/teams/logos/240x240/50062.png,250106789,https://img.uefa.com/imgml/TP/players/1/2025/324x324/250106789.jpg,2024-25
Stefan Hierländer,Austria,MIDFIELDER,UNKNOWN,35,1991-02-03,6,32,0,0,0,0,0,SK Sturm Graz,SGR,https://img.uefa.com/imgml/TP/teams/logos/240x240/50111.png,1906553,https://img.uefa.com/imgml/TP/players/1/2025/324x324/1906553.jpg,2024-25
Alen Mustafić,Bosnia and Herzegovina,MIDFIELDER,UNKNOWN,26,1999-07-05,4,32,0,0,0,0,0,ŠK Slovan Bratislava,SLB,https://img.uefa.com/imgml/TP/teams/logos/240x240/52797.png,250116759,https://img.uefa.com/imgml/TP/players/1/2025/324x324/250116759.jpg,2024-25
Zaid Romero,Argentina,DEFENDER,UNKNOWN,26,1999-12-15,1,32,0,0,0,0,0,Club Brugge KV,BRU,https://img.uefa.com/imgml/TP/teams/logos/240x240/50043.png,250196593,https://img.uefa.com/imgml/TP/players/1/2025/324x324/250196593.jpg,2024-25
João Rego,Portugal,FORWARD,UNKNOWN,20,2005-06-20,4,30,0,0,0,1,0,SL Benfica,BEN,https://img.uefa.com/imgml/TP/teams/logos/240x240/50147.png,250165027,https://img.uefa.com/imgml/TP/players/1/2025/324x324/250165027.jpg,2024-25
Salih Özcan,Türkiye,MIDFIELDER,ATTACKING_MIDFIELDER,28,1998-01-11,3,29,0,0,0,0,0,Borussia Dortmund,BVB,https://img.uefa.com/imgml/TP/teams/logos/240x240/52758.png,250081693,https://img.uefa.com/imgml/TP/players/1/2025/324x324/250081693.jpg,2024-25
Kosta Nedeljković,Serbia,DEFENDER,UNKNOWN,20,2005-12-16,2,29,0,0,0,0,0,Aston Villa,AVL,https://img.uefa.com/imgml/TP/teams/logos/240x240/52683.png,250164008,https://img.uefa.com/imgml/TP/players/1/2025/324x324/250164008.jpg,2024-25
Michel Aebischer,Switzerland,MIDFIELDER,CENTRAL_MIDFIELDER,29,1997-01-06,1,29,0,0,0,1,0,Bologna FC 1909,BOL,https://img.uefa.com/imgml/TP/teams/logos/240x240/52969.png,250099399,https://img.uefa.com/imgml/TP/players/1/2025/324x324/250099399.jpg,2024-25
Rhodri Smith,Switzerland,DEFENDER,UNKNOWN,19,2006-09-09,1,28,0,0,0,0,0,BSC Young Boys,YB,https://img.uefa.com/imgml/TP/teams/logos/240x240/50031.png,250176187,https://img.uefa.com/imgml/TP/players/1/2025/324x324/250176187.jpg,2024-25
Davide Bartesaghi,Italy,DEFENDER,UNKNOWN,20,2005-12-29,1,27,0,0,0,0,0,AC Milan,MIL,https://img.uefa.com/imgml/TP/teams/logos/240x240/50058.png,250177381,https://img.uefa.com/imgml/TP/players/1/2025/324x324/250177381.jpg,2024-25
Abdu Conté,Portugal,DEFENDER,UNKNOWN,28,1998-03-24,1,27,0,0,0,0,0,BSC Young Boys,YB,https://img.uefa.com/imgml/TP/teams/logos/240x240/50031.png,250077644,https://img.uefa.com/imgml/TP/players/1/2025/324x324/250077644.jpg,2024-25
Trey Nyoni,England,FORWARD,UNKNOWN,18,2007-06-30,1,26,0,0,0,0,0,Liverpool FC,LIV,https://img.uefa.com/imgml/TP/teams/logos/240x240/7889.png,250200248,https://img.uefa.com/imgml/TP/players/1/2025/324x324/250200248.jpg,2024-25
Eliot Matazo,Belgium,MIDFIELDER,UNKNOWN,24,2002-02-15,3,25,0,0,0,0,0,AS Monaco,MON,https://img.uefa.com/imgml/TP/teams/logos/240x240/50023.png,250118912,https://img.uefa.com/imgml/TP/players/1/2025/324x324/250118912.jpg,2024-25
Aleksandar Katai,Serbia,MIDFIELDER,WINGER,35,1991-02-06,2,24,0,0,0,0,0,FK Crvena Zvezda,ZVE,https://img.uefa.com/imgml/TP/teams/logos/240x240/50069.png,250029862,https://img.uefa.com/imgml/TP/players/1/2025/324x324/250029862.jpg,2024-25
Assan Ouedraogo,Germany,MIDFIELDER,UNKNOWN,20,2006-05-09,2,23,0,0,0,0,0,RB Leipzig,RBL,https://img.uefa.com/imgml/TP/teams/logos/240x240/2603790.png,250170137,https://img.uefa.com/imgml/TP/players/1/2025/324x324/250170137.jpg,2024-25
Chuba Akpom,Nigeria,FORWARD,STRIKER,30,1995-10-09,1,23,0,0,0,0,0,LOSC Lille,LIL,https://img.uefa.com/imgml/TP/teams/logos/240x240/75797.png,250042691,https://img.uefa.com/imgml/TP/players/1/2025/324x324/250042691.jpg,2024-25
Martin Suchomel,Czechia,DEFENDER,UNKNOWN,23,2002-09-11,3,22,0,0,0,0,0,AC Sparta Praha,SPA,https://img.uefa.com/imgml/TP/teams/logos/240x240/50033.png,250154458,https://img.uefa.com/imgml/TP/players/1/2025/324x324/250154458.jpg,2024-25
Vasilije Adžić,Montenegro,MIDFIELDER,UNKNOWN,20,2006-05-12,1,22,0,0,0,0,0,Juventus,JUV,https://img.uefa.com/imgml/TP/teams/logos/240x240/50139.png,250166680,https://img.uefa.com/imgml/TP/players/1/2025/324x324/250166680.jpg,2024-25
Kassoum Ouattara,France,DEFENDER,UNKNOWN,21,2004-10-14,2,20,0,0,0,0,0,AS Monaco,MON,https://img.uefa.com/imgml/TP/teams/logos/240x240/50023.png,250183510,https://img.uefa.com/imgml/TP/players/1/2025/324x324/250183510.jpg,2024-25
Pablo Torre,Spain,MIDFIELDER,UNKNOWN,23,2003-04-03,2,20,0,0,0,0,0,FC Barcelona,BAR,https://img.uefa.com/imgml/TP/teams/logos/240x240/50080.png,250168996,https://img.uefa.com/imgml/TP/players/1/2025/324x324/250168996.jpg,2024-25
Bartol Franjić,Croatia,DEFENDER,DEFENSIVE_MIDFIELDER,26,2000-01-14,2,20,0,0,0,0,0,FC Shakhtar Donetsk,SHK,https://img.uefa.com/imgml/TP/teams/logos/240x240/52707.png,250104128,https://img.uefa.com/imgml/TP/players/1/2025/324x324/250104128.jpg,2024-25
André Gomes,Portugal,MIDFIELDER,CENTRAL_MIDFIELDER,32,1993-07-30,2,20,0,0,0,0,0,LOSC Lille,LIL,https://img.uefa.com/imgml/TP/teams/logos/240x240/75797.png,250017709,https://img.uefa.com/imgml/TP/players/1/2025/324x324/250017709.jpg,2024-25
Patric Pfeiffer,Germany,DEFENDER,UNKNOWN,26,1999-08-20,1,20,0,0,0,0,0,BSC Young Boys,YB,https://img.uefa.com/imgml/TP/teams/logos/240x240/50031.png,250199218,https://img.uefa.com/imgml/TP/players/1/2025/324x324/250199218.jpg,2024-25
Fredrik Oppegård,Norway,DEFENDER,FULL_BACK,23,2002-08-07,1,19,0,0,0,0,0,PSV Eindhoven,PSV,https://img.uefa.com/imgml/TP/teams/logos/240x240/50062.png,250127024,https://img.uefa.com/imgml/TP/players/1/2025/324x324/250127024.jpg,2024-25
Artem Stepanov,Ukraine,FORWARD,UNKNOWN,18,2007-08-10,2,18,0,0,0,0,0,Bayer 04 Leverkusen,LEV,https://img.uefa.com/imgml/TP/teams/logos/240x240/50109.png,250176485,https://img.uefa.com/imgml/TP/players/1/2025/324x324/250176485.jpg,2024-25
Nathanaël Mbuku,DR Congo,FORWARD,UNKNOWN,24,2002-03-16,2,18,0,0,0,0,0,GNK Dinamo,DIN,https://img.uefa.com/imgml/TP/teams/logos/240x240/50164.png,250118962,https://img.uefa.com/imgml/TP/players/1/2025/324x324/250118962.jpg,2024-25
Presnel Kimpembe,France,DEFENDER,UNKNOWN,30,1995-08-13,1,18,0,0,0,0,0,Paris Saint-Germain,PSG,https://img.uefa.com/imgml/TP/teams/logos/240x240/52747.png,250064583,https://img.uefa.com/imgml/TP/players/1/2025/324x324/250064583.jpg,2024-25
Ben Godfrey,England,DEFENDER,UNKNOWN,28,1998-01-15,2,17,0,0,0,0,0,Atalanta BC,ATA,https://img.uefa.com/imgml/TP/teams/logos/240x240/52816.png,250133903,https://img.uefa.com/imgml/TP/players/1/2025/324x324/250133903.jpg,2024-25
Bjorn Meijer,Netherlands,DEFENDER,UNKNOWN,23,2003-03-18,2,16,0,0,0,0,0,Club Brugge KV,BRU,https://img.uefa.com/imgml/TP/teams/logos/240x240/50043.png,250187320,https://img.uefa.com/imgml/TP/players/1/2025/324x324/250187320.jpg,2024-25
Juan Córdoba,Colombia,FORWARD,UNKNOWN,22,2003-07-11,1,16,0,0,0,0,0,GNK Dinamo,DIN,https://img.uefa.com/imgml/TP/teams/logos/240x240/50164.png,250199225,https://img.uefa.com/imgml/TP/players/1/2025/324x324/250199225.jpg,2024-25
Wessel Kuhn,Netherlands,DEFENDER,UNKNOWN,19,2006-09-16,1,16,0,0,0,0,0,PSV Eindhoven,PSV,https://img.uefa.com/imgml/TP/teams/logos/240x240/50062.png,250180113,https://img.uefa.com/imgml/TP/players/1/2025/324x324/250180113.jpg,2024-25
Artur Gajdoš,Slovakia,MIDFIELDER,UNKNOWN,22,2004-01-20,4,15,0,0,0,0,0,ŠK Slovan Bratislava,SLB,https://img.uefa.com/imgml/TP/teams/logos/240x240/52797.png,250139101,https://img.uefa.com/imgml/TP/players/1/2025/324x324/250139101.jpg,2024-25
Giacomo De Pieri,Italy,FORWARD,UNKNOWN,19,2006-12-29,1,14,0,0,0,0,0,FC Internazionale Milano,INT,https://img.uefa.com/imgml/TP/teams/logos/240x240/50138.png,250185034,https://img.uefa.com/imgml/TP/players/1/2025/324x324/250185034.jpg,2024-25
Francis Onyeka,Germany,MIDFIELDER,UNKNOWN,19,2007-04-29,1,14,0,0,0,0,0,Bayer 04 Leverkusen,LEV,https://img.uefa.com/imgml/TP/teams/logos/240x240/50109.png,250176477,https://img.uefa.com/imgml/TP/players/1/2025/324x324/250176477.jpg,2024-25
Cole Campbell,Iceland,MIDFIELDER,UNKNOWN,20,2006-02-20,1,14,0,0,0,0,0,Borussia Dortmund,BVB,https://img.uefa.com/imgml/TP/teams/logos/240x240/52758.png,250159294,https://img.uefa.com/imgml/TP/players/1/2025/324x324/250159294.jpg,2024-25
Jeanuël Belocian,France,DEFENDER,UNKNOWN,21,2005-02-17,2,12,0,0,0,0,0,Bayer 04 Leverkusen,LEV,https://img.uefa.com/imgml/TP/teams/logos/240x240/50109.png,250161761,https://img.uefa.com/imgml/TP/players/1/2025/324x324/250161761.jpg,2024-25
Min-su Kim,Korea Republic,FORWARD,UNKNOWN,20,2006-01-19,1,12,0,0,0,0,0,Girona FC,GIR,https://img.uefa.com/imgml/TP/teams/logos/240x240/2602798.png,250199913,https://img.uefa.com/imgml/TP/players/1/2025/324x324/250199913.jpg,2024-25
Jastin García,Spain,FORWARD,UNKNOWN,22,2004-01-15,1,12,0,0,0,0,0,Girona FC,GIR,https://img.uefa.com/imgml/TP/teams/logos/240x240/2602798.png,250198122,https://img.uefa.com/imgml/TP/players/1/2025/324x324/250198122.jpg,2024-25
Jacobo Ramón,Spain,DEFENDER,UNKNOWN,21,2005-01-06,1,12,0,0,0,0,0,Real Madrid C.F.,RMA,https://img.uefa.com/imgml/TP/teams/logos/240x240/50051.png,250176488,https://img.uefa.com/imgml/TP/players/1/2025/324x324/250176488.jpg,2024-25
Lukáš Pauschek,Slovakia,DEFENDER,UNKNOWN,33,1992-12-09,1,12,0,0,0,0,0,ŠK Slovan Bratislava,SLB,https://img.uefa.com/imgml/TP/teams/logos/240x240/52797.png,250004986,https://img.uefa.com/imgml/TP/players/1/2025/324x324/250004986.jpg,2024-25
Daniel Cummings,Scotland,FORWARD,UNKNOWN,20,2006-04-14,1,11,0,0,0,0,0,Celtic FC,CEL,https://img.uefa.com/imgml/TP/teams/logos/240x240/50050.png,250176942,https://img.uefa.com/imgml/TP/players/1/2025/324x324/250176942.jpg,2024-25
Matúš Vojtko,Slovakia,DEFENDER,UNKNOWN,25,2000-10-05,1,11,0,0,0,0,0,ŠK Slovan Bratislava,SLB,https://img.uefa.com/imgml/TP/teams/logos/240x240/52797.png,250107089,https://img.uefa.com/imgml/TP/players/1/2025/324x324/250107089.jpg,2024-25
David Pavelka,Czechia,MIDFIELDER,DEFENSIVE_MIDFIELDER,35,1991-05-18,1,11,0,0,0,0,0,AC Sparta Praha,SPA,https://img.uefa.com/imgml/TP/teams/logos/240x240/50033.png,250022366,https://img.uefa.com/imgml/TP/players/1/2025/324x324/250022366.jpg,2024-25
Esmir Bajraktarević,Bosnia and Herzegovina,FORWARD,UNKNOWN,21,2005-03-10,1,10,0,0,0,0,0,PSV Eindhoven,PSV,https://img.uefa.com/imgml/TP/teams/logos/240x240/50062.png,250200525,https://img.uefa.com/imgml/TP/players/1/2025/324x324/250200525.jpg,2024-25
Nico O’Reilly,England,MIDFIELDER,UNKNOWN,21,2005-03-21,1,10,0,0,0,0,0,Manchester City,MCI,https://img.uefa.com/imgml/TP/teams/logos/240x240/52919.png,250165221,https://img.uefa.com/imgml/TP/players/1/2025/324x324/250165221.jpg,2024-25
Facundo Gonzalez,Italy,DEFENDER,UNKNOWN,22,2003-06-06,2,9,0,0,0,0,0,Feyenoord,FEY,https://img.uefa.com/imgml/TP/teams/logos/240x240/52749.png,250197800,https://img.uefa.com/imgml/TP/players/1/2025/324x324/250197800.jpg,2024-25
Thomas Lemar,France,MIDFIELDER,UNKNOWN,30,1995-11-12,1,9,0,0,0,0,0,Atlético de Madrid,ATM,https://img.uefa.com/imgml/TP/teams/logos/240x240/50124.png,250042778,https://img.uefa.com/imgml/TP/players/1/2025/324x324/250042778.jpg,2024-25
Yegor Prutsev,Serbia,MIDFIELDER,UNKNOWN,23,2002-12-23,1,8,0,0,0,0,0,FK Crvena Zvezda,ZVE,https://img.uefa.com/imgml/TP/teams/logos/240x240/50069.png,250186116,https://img.uefa.com/imgml/TP/players/1/2025/324x324/250186116.jpg,2024-25
Lucas Anjos,Portugal,FORWARD,UNKNOWN,21,2004-07-07,1,8,0,0,0,0,0,Sporting Clube de Portugal,SPO,https://img.uefa.com/imgml/TP/teams/logos/240x240/50149.png,250164893,https://img.uefa.com/imgml/TP/players/1/2025/324x324/250164893.jpg,2024-25
Dane Murray,Scotland,DEFENDER,UNKNOWN,22,2003-06-26,1,8,0,0,0,0,0,Celtic FC,CEL,https://img.uefa.com/imgml/TP/teams/logos/240x240/50050.png,250128488,https://img.uefa.com/imgml/TP/players/1/2025/324x324/250128488.jpg,2024-25
Thomas Berenbruch,Italy,MIDFIELDER,UNKNOWN,21,2005-05-31,1,7,0,0,0,0,0,FC Internazionale Milano,INT,https://img.uefa.com/imgml/TP/teams/logos/240x240/50138.png,250176212,https://img.uefa.com/imgml/TP/players/1/2025/324x324/250176212.jpg,2024-25
Andreas  Christensen,Denmark,DEFENDER,CENTRE_BACK,30,1996-04-10,1,7,0,0,0,0,0,FC Barcelona,BAR,https://img.uefa.com/imgml/TP/teams/logos/240x240/50080.png,250041718,https://img.uefa.com/imgml/TP/players/1/2025/324x324/250041718.jpg,2024-25
Benjamin Boakye,Germany,FORWARD,UNKNOWN,21,2005-03-07,1,6,0,0,0,0,0,VfB Stuttgart,STU,https://img.uefa.com/imgml/TP/teams/logos/240x240/50107.png,250201738,https://img.uefa.com/imgml/TP/players/1/2025/324x324/250201738.jpg,2024-25
Andres Cuenca,Spain,DEFENDER,UNKNOWN,18,2007-06-11,1,6,0,0,0,0,0,FC Barcelona,BAR,https://img.uefa.com/imgml/TP/teams/logos/240x240/50080.png,250190378,https://img.uefa.com/imgml/TP/players/1/2025/324x324/250190378.jpg,2024-25
Matteo Cocchi,Italy,DEFENDER,UNKNOWN,19,2007-02-01,1,6,0,0,0,0,0,FC Internazionale Milano,INT,https://img.uefa.com/imgml/TP/teams/logos/240x240/50138.png,250179669,https://img.uefa.com/imgml/TP/players/1/2025/324x324/250179669.jpg,2024-25
Viggo Gebel,Germany,MIDFIELDER,UNKNOWN,18,2007-11-22,1,5,0,0,0,0,0,RB Leipzig,RBL,https://img.uefa.com/imgml/TP/teams/logos/240x240/2603790.png,250189610,https://img.uefa.com/imgml/TP/players/1/2025/324x324/250189610.jpg,2024-25
Amara Nallo,England,DEFENDER,UNKNOWN,19,2006-11-18,1,4,0,0,0,0,1,Liverpool FC,LIV,https://img.uefa.com/imgml/TP/teams/logos/240x240/7889.png,250200268,https://img.uefa.com/imgml/TP/players/1/2025/324x324/250200268.jpg,2024-25
Tommaso Corazza,Italy,DEFENDER,UNKNOWN,21,2004-06-29,1,2,0,0,0,0,0,Bologna FC 1909,BOL,https://img.uefa.com/imgml/TP/teams/logos/240x240/52969.png,250196544,https://img.uefa.com/imgml/TP/players/1/2025/324x324/250196544.jpg,2024-25
Adam Aznou,Morocco,DEFENDER,UNKNOWN,20,2006-06-02,1,2,0,0,0,0,0,FC Bayern München,BAY,https://img.uefa.com/imgml/TP/teams/logos/240x240/50037.png,250171659,https://img.uefa.com/imgml/TP/players/1/2025/324x324/250171659.jpg,2024-25
Arijon Ibrahimović,Germany,MIDFIELDER,UNKNOWN,20,2005-12-11,1,2,0,0,0,0,0,FC Bayern München,BAY,https://img.uefa.com/imgml/TP/teams/logos/240x240/50037.png,250139387,https://img.uefa.com/imgml/TP/players/1/2025/324x324/250139387.jpg,2024-25
Younes Lachaab,France,FORWARD,UNKNOWN,21,2005-01-06,1,1,0,0,0,0,0,LOSC Lille,LIL,https://img.uefa.com/imgml/TP/teams/logos/240x240/75797.png,250201731,https://img.uefa.com/imgml/TP/players/1/2025/324x324/250201731.jpg,2024-25
Leon Jakirović,Croatia,DEFENDER,UNKNOWN,18,2008-01-16,1,1,0,0,0,0,0,GNK Dinamo,DIN,https://img.uefa.com/imgml/TP/teams/logos/240x240/50164.png,250190210,https://img.uefa.com/imgml/TP/players/1/2025/324x324/250190210.jpg,2024-25
Konstantin Schopp,Austria,DEFENDER,UNKNOWN,20,2005-12-30,1,1,0,0,0,0,0,SK Sturm Graz,SGR,https://img.uefa.com/imgml/TP/teams/logos/240x240/50111.png,250189107,https://img.uefa.com/imgml/TP/players/1/2025/324x324/250189107.jpg,2024-25
Nathan Butler-Oyedeji,England,FORWARD,UNKNOWN,23,2003-01-04,1,1,0,0,0,0,0,Arsenal FC,ARS,https://img.uefa.com/imgml/TP/teams/logos/240x240/52280.png,250178076,https://img.uefa.com/imgml/TP/players/1/2025/324x324/250178076.jpg,2024-25
Leon Grgic,Croatia,FORWARD,UNKNOWN,20,2006-01-22,1,1,0,0,0,0,0,SK Sturm Graz,SGR,https://img.uefa.com/imgml/TP/teams/logos/240x240/50111.png,250169918,https://img.uefa.com/imgml/TP/players/1/2025/324x324/250169918.jpg,2024-25
Lukáš Penxa,Czechia,DEFENDER,UNKNOWN,21,2004-06-06,1,1,0,0,0,0,0,AC Sparta Praha,SPA,https://img.uefa.com/imgml/TP/teams/logos/240x240/50033.png,250164853,https://img.uefa.com/imgml/TP/players/1/2025/324x324/250164853.jpg,2024-25
Jonas Rouhi,Sweden,DEFENDER,UNKNOWN,22,2004-01-07,1,1,0,0,0,0,0,Juventus,JUV,https://img.uefa.com/imgml/TP/teams/logos/240x240/50139.png,250154309,https://img.uefa.com/imgml/TP/players/1/2025/324x324/250154309.jpg,2024-25
Ayman Azhil,Germany,MIDFIELDER,DEFENSIVE_MIDFIELDER,25,2001-04-10,1,1,0,0,0,0,0,Borussia Dortmund,BVB,https://img.uefa.com/imgml/TP/teams/logos/240x240/52758.png,250134952,https://img.uefa.com/imgml/TP/players/1/2025/324x324/250134952.jpg,2024-25
Dan-Axel Zagadou,France,DEFENDER,FULL_BACK,27,1999-06-03,1,1,0,0,0,0,0,VfB Stuttgart,STU,https://img.uefa.com/imgml/TP/teams/logos/240x240/50107.png,250087431,https://img.uefa.com/imgml/TP/players/1/2025/324x324/250087431.jpg,2024-25
Scott Carson,England,GOALKEEPER,UNKNOWN,40,1985-09-03,0,0,0,0,0,0,0,Manchester City,MCI,https://img.uefa.com/imgml/TP/teams/logos/240x240/52919.png,69178,https://img.uefa.com/imgml/TP/players/1/2025/324x324/69178.jpg,2024-25
Morgan Costarelli,France,DEFENDER,UNKNOWN,21,2005-04-28,0,0,0,0,0,0,0,LOSC Lille,LIL,https://img.uefa.com/imgml/TP/teams/logos/240x240/75797.png,250204164,https://img.uefa.com/imgml/TP/players/1/2025/324x324/250204164.jpg,2024-25
Lucas García,Spain,GOALKEEPER,UNKNOWN,21,2004-06-18,0,0,0,0,0,0,0,Girona FC,GIR,https://img.uefa.com/imgml/TP/teams/logos/240x240/2602798.png,250202692,https://img.uefa.com/imgml/TP/players/1/2025/324x324/250202692.jpg,2024-25
Oriol Comas,Spain,DEFENDER,UNKNOWN,22,2003-08-26,0,0,0,0,0,0,0,Girona FC,GIR,https://img.uefa.com/imgml/TP/teams/logos/240x240/2602798.png,250202691,https://img.uefa.com/imgml/TP/players/1/2025/324x324/250202691.jpg,2024-25
Isaac Cossier,France,DEFENDER,UNKNOWN,19,2006-11-30,0,0,0,0,0,0,0,LOSC Lille,LIL,https://img.uefa.com/imgml/TP/teams/logos/240x240/75797.png,250201718,https://img.uefa.com/imgml/TP/players/1/2025/324x324/250201718.jpg,2024-25
Lennart Karl,Germany,MIDFIELDER,UNKNOWN,18,2008-02-22,0,0,0,0,0,0,0,FC Bayern München,BAY,https://img.uefa.com/imgml/TP/teams/logos/240x240/50037.png,250201120,https://img.uefa.com/imgml/TP/players/1/2025/324x324/250201120.jpg,2024-25
Paris   Irie,France,DEFENDER,UNKNOWN,20,2006-04-10,0,0,0,0,0,0,0,Stade Brestois 29,BRE,https://img.uefa.com/imgml/TP/teams/logos/240x240/2601306.png,250201026,https://img.uefa.com/imgml/TP/players/1/2025/324x324/250201026.jpg,2024-25
Shandre Campbell,South Africa,FORWARD,UNKNOWN,20,2005-07-15,0,0,0,0,0,0,0,Club Brugge KV,BRU,https://img.uefa.com/imgml/TP/teams/logos/240x240/50043.png,250200314,https://img.uefa.com/imgml/TP/players/1/2025/324x324/250200314.jpg,2024-25
Pau García,Spain,GOALKEEPER,UNKNOWN,18,2007-06-15,0,0,0,0,0,0,0,Girona FC,GIR,https://img.uefa.com/imgml/TP/teams/logos/240x240/2602798.png,250199905,https://img.uefa.com/imgml/TP/players/1/2025/324x324/250199905.jpg,2024-25
Jordi Danso,Gambia,GOALKEEPER,UNKNOWN,19,2007-04-23,0,0,0,0,0,0,0,Girona FC,GIR,https://img.uefa.com/imgml/TP/teams/logos/240x240/2602798.png,250199903,https://img.uefa.com/imgml/TP/players/1/2025/324x324/250199903.jpg,2024-25
Marc Aznar,Spain,DEFENDER,UNKNOWN,20,2006-01-10,0,0,0,0,0,0,0,Girona FC,GIR,https://img.uefa.com/imgml/TP/teams/logos/240x240/2602798.png,250199900,https://img.uefa.com/imgml/TP/players/1/2025/324x324/250199900.jpg,2024-25
Juan Arango,Spain,FORWARD,UNKNOWN,19,2006-06-27,0,0,0,0,0,0,0,Girona FC,GIR,https://img.uefa.com/imgml/TP/teams/logos/240x240/2602798.png,250199899,https://img.uefa.com/imgml/TP/players/1/2025/324x324/250199899.jpg,2024-25
Christopher Olivier,Austria,DEFENDER,UNKNOWN,20,2006-01-31,0,0,0,0,0,0,0,VfB Stuttgart,STU,https://img.uefa.com/imgml/TP/teams/logos/240x240/50107.png,250199543,https://img.uefa.com/imgml/TP/players/1/2025/324x324/250199543.jpg,2024-25
Federico Cassa,Italy,FORWARD,UNKNOWN,20,2006-02-01,0,0,0,0,0,0,0,Atalanta BC,ATA,https://img.uefa.com/imgml/TP/teams/logos/240x240/52816.png,250199039,https://img.uefa.com/imgml/TP/players/1/2025/324x324/250199039.jpg,2024-25
Luca Raimund,Germany,MIDFIELDER,UNKNOWN,21,2005-04-09,0,0,0,0,0,0,0,VfB Stuttgart,STU,https://img.uefa.com/imgml/TP/teams/logos/240x240/50107.png,250198502,https://img.uefa.com/imgml/TP/players/1/2025/324x324/250198502.jpg,2024-25
Noah Jauny,Republic of Ireland,GOALKEEPER,UNKNOWN,21,2004-08-26,0,0,0,0,0,0,0,Stade Brestois 29,BRE,https://img.uefa.com/imgml/TP/teams/logos/240x240/2601306.png,250198498,https://img.uefa.com/imgml/TP/players/1/2025/324x324/250198498.jpg,2024-25
Nestory Irankunda,Australia,FORWARD,UNKNOWN,20,2006-02-09,0,0,0,0,0,0,0,FC Bayern München,BAY,https://img.uefa.com/imgml/TP/teams/logos/240x240/50037.png,250198116,https://img.uefa.com/imgml/TP/players/1/2025/324x324/250198116.jpg,2024-25
Ben Hawighorst,Germany,DEFENDER,UNKNOWN,18,2008-03-01,0,0,0,0,0,0,0,Bayer 04 Leverkusen,LEV,https://img.uefa.com/imgml/TP/teams/logos/240x240/50109.png,250197868,https://img.uefa.com/imgml/TP/players/1/2025/324x324/250197868.jpg,2024-25
Gianluca Prestianni,Argentina,FORWARD,UNKNOWN,20,2006-01-31,0,0,0,0,0,0,0,SL Benfica,BEN,https://img.uefa.com/imgml/TP/teams/logos/240x240/50147.png,250197866,https://img.uefa.com/imgml/TP/players/1/2025/324x324/250197866.jpg,2024-25
Ibrahim Sulemana,Ghana,MIDFIELDER,UNKNOWN,23,2003-05-22,0,0,0,0,0,0,0,Atalanta BC,ATA,https://img.uefa.com/imgml/TP/teams/logos/240x240/52816.png,250197864,https://img.uefa.com/imgml/TP/players/1/2025/324x324/250197864.jpg,2024-25
Maxim Mateáš,Slovakia,MIDFIELDER,UNKNOWN,18,2008-05-12,0,0,0,0,0,0,0,ŠK Slovan Bratislava,SLB,https://img.uefa.com/imgml/TP/teams/logos/240x240/52797.png,250196897,https://img.uefa.com/imgml/TP/players/1/2025/324x324/250196897.jpg,2024-25
Axel Camblan,France,FORWARD,UNKNOWN,22,2003-08-30,0,0,0,0,0,0,0,Stade Brestois 29,BRE,https://img.uefa.com/imgml/TP/teams/logos/240x240/2601306.png,250196584,https://img.uefa.com/imgml/TP/players/1/2025/324x324/250196584.jpg,2024-25
Elvis Isaac,Nigeria,FORWARD,UNKNOWN,23,2002-08-15,0,0,0,0,0,0,0,ŠK Slovan Bratislava,SLB,https://img.uefa.com/imgml/TP/teams/logos/240x240/52797.png,250196581,https://img.uefa.com/imgml/TP/players/1/2025/324x324/250196581.jpg,2024-25
Pietro Comi,Italy,DEFENDER,UNKNOWN,20,2005-06-11,0,0,0,0,0,0,0,Atalanta BC,ATA,https://img.uefa.com/imgml/TP/teams/logos/240x240/52816.png,250195173,https://img.uefa.com/imgml/TP/players/1/2025/324x324/250195173.jpg,2024-25
Jacob Hödl,Austria,MIDFIELDER,UNKNOWN,19,2007-01-31,0,0,0,0,0,0,0,SK Sturm Graz,SGR,https://img.uefa.com/imgml/TP/teams/logos/240x240/50111.png,250194271,https://img.uefa.com/imgml/TP/players/1/2025/324x324/250194271.jpg,2024-25
Sam Proctor,England,GOALKEEPER,UNKNOWN,19,2006-12-21,0,0,0,0,0,0,0,Aston Villa,AVL,https://img.uefa.com/imgml/TP/teams/logos/240x240/52683.png,250193951,https://img.uefa.com/imgml/TP/players/1/2025/324x324/250193951.jpg,2024-25
Tobias Van Den Elshout ,Netherlands,MIDFIELDER,UNKNOWN,19,2007-02-02,0,0,0,0,0,0,0,Feyenoord,FEY,https://img.uefa.com/imgml/TP/teams/logos/240x240/52749.png,250193618,https://img.uefa.com/imgml/TP/players/1/2025/324x324/250193618.jpg,2024-25
Andrej Mikoláš,Slovakia,GOALKEEPER,UNKNOWN,21,2004-08-11,0,0,0,0,0,0,0,ŠK Slovan Bratislava,SLB,https://img.uefa.com/imgml/TP/teams/logos/240x240/52797.png,250193593,https://img.uefa.com/imgml/TP/players/1/2025/324x324/250193593.jpg,2024-25
Joe Gauci,Australia,GOALKEEPER,UNKNOWN,25,2000-07-04,0,0,0,0,0,0,0,Aston Villa,AVL,https://img.uefa.com/imgml/TP/teams/logos/240x240/52683.png,250193525,https://img.uefa.com/imgml/TP/players/1/2025/324x324/250193525.jpg,2024-25
Alberto Manzoni,Italy,MIDFIELDER,UNKNOWN,20,2005-06-25,0,0,0,0,0,0,0,Atalanta BC,ATA,https://img.uefa.com/imgml/TP/teams/logos/240x240/52816.png,250193410,https://img.uefa.com/imgml/TP/players/1/2025/324x324/250193410.jpg,2024-25
Diego Aguado,Spain,DEFENDER,UNKNOWN,19,2007-02-07,0,0,0,0,0,0,0,Real Madrid C.F.,RMA,https://img.uefa.com/imgml/TP/teams/logos/240x240/50051.png,250193232,https://img.uefa.com/imgml/TP/players/1/2025/324x324/250193232.jpg,2024-25
Eliot Bujupi,Kosovo,FORWARD,UNKNOWN,19,2006-07-03,0,0,0,0,0,0,0,VfB Stuttgart,STU,https://img.uefa.com/imgml/TP/teams/logos/240x240/50107.png,250192943,https://img.uefa.com/imgml/TP/players/1/2025/324x324/250192943.jpg,2024-25
Mauro Couto,Portugal,FORWARD,UNKNOWN,20,2005-11-15,0,0,0,0,0,0,0,Sporting Clube de Portugal,SPO,https://img.uefa.com/imgml/TP/teams/logos/240x240/50149.png,250192699,https://img.uefa.com/imgml/TP/players/1/2025/324x324/250192699.jpg,2024-25
Lorin Jetzer,Switzerland,DEFENDER,UNKNOWN,20,2006-01-24,0,0,0,0,0,0,0,BSC Young Boys,YB,https://img.uefa.com/imgml/TP/teams/logos/240x240/50031.png,250192639,https://img.uefa.com/imgml/TP/players/1/2025/324x324/250192639.jpg,2024-25
Michael Bresser,Netherlands,DEFENDER,UNKNOWN,19,2007-04-24,0,0,0,0,0,0,0,PSV Eindhoven,PSV,https://img.uefa.com/imgml/TP/teams/logos/240x240/50062.png,250192405,https://img.uefa.com/imgml/TP/players/1/2025/324x324/250192405.jpg,2024-25
Toni Fernandez,Spain,FORWARD,UNKNOWN,17,2008-07-15,0,0,0,0,0,0,0,FC Barcelona,BAR,https://img.uefa.com/imgml/TP/teams/logos/240x240/50080.png,250192269,https://img.uefa.com/imgml/TP/players/1/2025/324x324/250192269.jpg,2024-25
Landry Farré,Spain,DEFENDER,UNKNOWN,19,2007-01-01,0,0,0,0,0,0,0,FC Barcelona,BAR,https://img.uefa.com/imgml/TP/teams/logos/240x240/50080.png,250191898,https://img.uefa.com/imgml/TP/players/1/2025/324x324/250191898.jpg,2024-25
Jimi Gower,England,MIDFIELDER,UNKNOWN,21,2004-10-01,0,0,0,0,0,0,0,Arsenal FC,ARS,https://img.uefa.com/imgml/TP/teams/logos/240x240/52280.png,250190780,https://img.uefa.com/imgml/TP/players/1/2025/324x324/250190780.jpg,2024-25
Maldini Kacurri,Albania,DEFENDER,UNKNOWN,20,2005-10-04,0,0,0,0,0,0,0,Arsenal FC,ARS,https://img.uefa.com/imgml/TP/teams/logos/240x240/52280.png,250190776,https://img.uefa.com/imgml/TP/players/1/2025/324x324/250190776.jpg,2024-25
Jack Porter,England,GOALKEEPER,UNKNOWN,17,2008-07-15,0,0,0,0,0,0,0,Arsenal FC,ARS,https://img.uefa.com/imgml/TP/teams/logos/240x240/52280.png,250190774,https://img.uefa.com/imgml/TP/players/1/2025/324x324/250190774.jpg,2024-25
Max Hudson,Wales,GOALKEEPER,UNKNOWN,18,2007-09-20,0,0,0,0,0,0,0,Manchester City,MCI,https://img.uefa.com/imgml/TP/teams/logos/240x240/52919.png,250190621,https://img.uefa.com/imgml/TP/players/1/2025/324x324/250190621.jpg,2024-25
Guille Fernández,Spain,MIDFIELDER,UNKNOWN,17,2008-06-18,0,0,0,0,0,0,0,FC Barcelona,BAR,https://img.uefa.com/imgml/TP/teams/logos/240x240/50080.png,250190375,https://img.uefa.com/imgml/TP/players/1/2025/324x324/250190375.jpg,2024-25
Ismail Ka,Netherlands,GOALKEEPER,UNKNOWN,20,2006-03-09,0,0,0,0,0,0,0,Feyenoord,FEY,https://img.uefa.com/imgml/TP/teams/logos/240x240/52749.png,250190232,https://img.uefa.com/imgml/TP/players/1/2025/324x324/250190232.jpg,2024-25
Martin James,France,GOALKEEPER,UNKNOWN,18,2008-02-14,0,0,0,0,0,0,0,Paris Saint-Germain,PSG,https://img.uefa.com/imgml/TP/teams/logos/240x240/52747.png,250190124,https://img.uefa.com/imgml/TP/players/1/2025/324x324/250190124.jpg,2024-25
Axel Tape,France,DEFENDER,UNKNOWN,18,2007-08-10,0,0,0,0,0,0,0,Paris Saint-Germain,PSG,https://img.uefa.com/imgml/TP/teams/logos/240x240/52747.png,250190123,https://img.uefa.com/imgml/TP/players/1/2025/324x324/250190123.jpg,2024-25
Ibrahim Mbaye,France,FORWARD,UNKNOWN,18,2008-01-24,0,0,0,0,0,0,0,Paris Saint-Germain,PSG,https://img.uefa.com/imgml/TP/teams/logos/240x240/52747.png,250190117,https://img.uefa.com/imgml/TP/players/1/2025/324x324/250190117.jpg,2024-25
Elias Benkara,Germany,DEFENDER,UNKNOWN,19,2007-04-29,0,0,0,0,0,0,0,Borussia Dortmund,BVB,https://img.uefa.com/imgml/TP/teams/logos/240x240/52758.png,250189876,https://img.uefa.com/imgml/TP/players/1/2025/324x324/250189876.jpg,2024-25
Daniel Yañez,Spain,FORWARD,UNKNOWN,19,2007-03-28,0,0,0,0,0,0,0,Real Madrid C.F.,RMA,https://img.uefa.com/imgml/TP/teams/logos/240x240/50051.png,250189858,https://img.uefa.com/imgml/TP/players/1/2025/324x324/250189858.jpg,2024-25
Lionel Voufack,Germany,DEFENDER,UNKNOWN,18,2007-10-07,0,0,0,0,0,0,0,RB Leipzig,RBL,https://img.uefa.com/imgml/TP/teams/logos/240x240/2603790.png,250189611,https://img.uefa.com/imgml/TP/players/1/2025/324x324/250189611.jpg,2024-25
Faik Sakar,Germany,MIDFIELDER,UNKNOWN,18,2008-01-14,0,0,0,0,0,0,0,RB Leipzig,RBL,https://img.uefa.com/imgml/TP/teams/logos/240x240/2603790.png,250189609,https://img.uefa.com/imgml/TP/players/1/2025/324x324/250189609.jpg,2024-25
Fernando Dickes,Germany,GOALKEEPER,UNKNOWN,18,2007-10-13,0,0,0,0,0,0,0,RB Leipzig,RBL,https://img.uefa.com/imgml/TP/teams/logos/240x240/2603790.png,250189590,https://img.uefa.com/imgml/TP/players/1/2025/324x324/250189590.jpg,2024-25
Gabriele Re Cecconi,Italy,DEFENDER,UNKNOWN,20,2006-04-25,0,0,0,0,0,0,0,FC Internazionale Milano,INT,https://img.uefa.com/imgml/TP/teams/logos/240x240/50138.png,250189476,https://img.uefa.com/imgml/TP/players/1/2025/324x324/250189476.jpg,2024-25
Ayden Heaven,England,DEFENDER,CENTRE_BACK,19,2006-09-22,0,0,0,0,0,0,0,Arsenal FC,ARS,https://img.uefa.com/imgml/TP/teams/logos/240x240/52280.png,250189295,https://img.uefa.com/imgml/TP/players/1/2025/324x324/250189295.jpg,2024-25
Michal Rosiak,Poland,DEFENDER,UNKNOWN,20,2005-10-12,0,0,0,0,0,0,0,Arsenal FC,ARS,https://img.uefa.com/imgml/TP/teams/logos/240x240/52280.png,250189249,https://img.uefa.com/imgml/TP/players/1/2025/324x324/250189249.jpg,2024-25
Ismeal Kabia,Netherlands,FORWARD,UNKNOWN,20,2005-10-12,0,0,0,0,0,0,0,Arsenal FC,ARS,https://img.uefa.com/imgml/TP/teams/logos/240x240/52280.png,250189243,https://img.uefa.com/imgml/TP/players/1/2025/324x324/250189243.jpg,2024-25
Joshua Robinson,England,DEFENDER,UNKNOWN,21,2004-12-20,0,0,0,0,0,0,0,Arsenal FC,ARS,https://img.uefa.com/imgml/TP/teams/logos/240x240/52280.png,250189230,https://img.uefa.com/imgml/TP/players/1/2025/324x324/250189230.jpg,2024-25
Jan Plug,Netherlands,DEFENDER,UNKNOWN,21,2005-04-02,0,0,0,0,0,0,0,Feyenoord,FEY,https://img.uefa.com/imgml/TP/teams/logos/240x240/52749.png,250189189,https://img.uefa.com/imgml/TP/players/1/2025/324x324/250189189.jpg,2024-25
Gerónimo Spina,Argentina,DEFENDER,UNKNOWN,21,2005-02-09,0,0,0,0,0,0,0,Atlético de Madrid,ATM,https://img.uefa.com/imgml/TP/teams/logos/240x240/50124.png,250189136,https://img.uefa.com/imgml/TP/players/1/2025/324x324/250189136.jpg,2024-25
Christoph Wiener-Pucher,Austria,GOALKEEPER,UNKNOWN,19,2006-10-08,0,0,0,0,0,0,0,SK Sturm Graz,SGR,https://img.uefa.com/imgml/TP/teams/logos/240x240/50111.png,250189108,https://img.uefa.com/imgml/TP/players/1/2025/324x324/250189108.jpg,2024-25
Peter Kiedl,Austria,FORWARD,UNKNOWN,22,2004-01-13,0,0,0,0,0,0,0,SK Sturm Graz,SGR,https://img.uefa.com/imgml/TP/teams/logos/240x240/50111.png,250189103,https://img.uefa.com/imgml/TP/players/1/2025/324x324/250189103.jpg,2024-25
Mattia Zanchetta,Italy,MIDFIELDER,UNKNOWN,20,2006-03-18,0,0,0,0,0,0,0,FC Internazionale Milano,INT,https://img.uefa.com/imgml/TP/teams/logos/240x240/50138.png,250188886,https://img.uefa.com/imgml/TP/players/1/2025/324x324/250188886.jpg,2024-25
Lilian Baret,France,MIDFIELDER,UNKNOWN,20,2006-05-25,0,0,0,0,0,0,0,LOSC Lille,LIL,https://img.uefa.com/imgml/TP/teams/logos/240x240/75797.png,250188470,https://img.uefa.com/imgml/TP/players/1/2025/324x324/250188470.jpg,2024-25
Sil Swinkels,Netherlands,DEFENDER,UNKNOWN,22,2004-01-06,0,0,0,0,0,0,0,Aston Villa,AVL,https://img.uefa.com/imgml/TP/teams/logos/240x240/52683.png,250188445,https://img.uefa.com/imgml/TP/players/1/2025/324x324/250188445.jpg,2024-25
Tijn Smolenaars,Netherlands,GOALKEEPER,UNKNOWN,21,2005-02-23,0,0,0,0,0,0,0,PSV Eindhoven,PSV,https://img.uefa.com/imgml/TP/teams/logos/240x240/50062.png,250187771,https://img.uefa.com/imgml/TP/players/1/2025/324x324/250187771.jpg,2024-25
Jesper Uneken,Netherlands,FORWARD,UNKNOWN,21,2004-08-09,0,0,0,0,0,0,0,PSV Eindhoven,PSV,https://img.uefa.com/imgml/TP/teams/logos/240x240/50062.png,250187770,https://img.uefa.com/imgml/TP/players/1/2025/324x324/250187770.jpg,2024-25
Kadan Young,England,MIDFIELDER,UNKNOWN,20,2006-01-19,0,0,0,0,0,0,0,Aston Villa,AVL,https://img.uefa.com/imgml/TP/teams/logos/240x240/52683.png,250185111,https://img.uefa.com/imgml/TP/players/1/2025/324x324/250185111.jpg,2024-25
Samuel Nibombe,Belgium,DEFENDER,UNKNOWN,18,2007-08-15,0,0,0,0,0,0,0,AS Monaco,MON,https://img.uefa.com/imgml/TP/teams/logos/240x240/50023.png,250185049,https://img.uefa.com/imgml/TP/players/1/2025/324x324/250185049.jpg,2024-25
Jonah Kusi-Asare,Sweden,FORWARD,UNKNOWN,18,2007-07-04,0,0,0,0,0,0,0,FC Bayern München,BAY,https://img.uefa.com/imgml/TP/teams/logos/240x240/50037.png,250184864,https://img.uefa.com/imgml/TP/players/1/2025/324x324/250184864.jpg,2024-25
Joan Tincres,France,FORWARD,UNKNOWN,19,2006-06-17,0,0,0,0,0,0,0,AS Monaco,MON,https://img.uefa.com/imgml/TP/teams/logos/240x240/50023.png,250184806,https://img.uefa.com/imgml/TP/players/1/2025/324x324/250184806.jpg,2024-25
Noa Mikić,Croatia,DEFENDER,UNKNOWN,19,2007-01-27,0,0,0,0,0,0,0,GNK Dinamo,DIN,https://img.uefa.com/imgml/TP/teams/logos/240x240/50164.png,250184588,https://img.uefa.com/imgml/TP/players/1/2025/324x324/250184588.jpg,2024-25
Mislav Ćutuk,Croatia,FORWARD,UNKNOWN,19,2007-01-25,0,0,0,0,0,0,0,GNK Dinamo,DIN,https://img.uefa.com/imgml/TP/teams/logos/240x240/50164.png,250184578,https://img.uefa.com/imgml/TP/players/1/2025/324x324/250184578.jpg,2024-25
Oliver Sorg,Austria,DEFENDER,UNKNOWN,18,2007-07-31,0,0,0,0,0,0,0,SK Sturm Graz,SGR,https://img.uefa.com/imgml/TP/teams/logos/240x240/50111.png,250184504,https://img.uefa.com/imgml/TP/players/1/2025/324x324/250184504.jpg,2024-25
Noah Darvich,Germany,MIDFIELDER,UNKNOWN,19,2006-09-25,0,0,0,0,0,0,0,FC Barcelona,BAR,https://img.uefa.com/imgml/TP/teams/logos/240x240/50080.png,250183739,https://img.uefa.com/imgml/TP/players/1/2025/324x324/250183739.jpg,2024-25
Tiago Parente,Portugal,DEFENDER,UNKNOWN,19,2006-06-12,0,0,0,0,0,0,0,SL Benfica,BEN,https://img.uefa.com/imgml/TP/teams/logos/240x240/50147.png,250183477,https://img.uefa.com/imgml/TP/players/1/2025/324x324/250183477.jpg,2024-25
Marko Zebić,Croatia,DEFENDER,UNKNOWN,19,2007-01-08,0,0,0,0,0,0,0,GNK Dinamo,DIN,https://img.uefa.com/imgml/TP/teams/logos/240x240/50164.png,250183467,https://img.uefa.com/imgml/TP/players/1/2025/324x324/250183467.jpg,2024-25
Saimon Bouabre,France,MIDFIELDER,UNKNOWN,20,2006-06-01,0,0,0,0,0,0,0,AS Monaco,MON,https://img.uefa.com/imgml/TP/teams/logos/240x240/50023.png,250183341,https://img.uefa.com/imgml/TP/players/1/2025/324x324/250183341.jpg,2024-25
Salah-Eddine Oulad M'Hand,Netherlands,MIDFIELDER,UNKNOWN,22,2003-08-20,0,0,0,0,0,0,0,Arsenal FC,ARS,https://img.uefa.com/imgml/TP/teams/logos/240x240/52280.png,250182971,https://img.uefa.com/imgml/TP/players/1/2025/324x324/250182971.jpg,2024-25
Thijs Kraaijeveld,Netherlands,MIDFIELDER,UNKNOWN,19,2007-05-03,0,0,0,0,0,0,0,Feyenoord,FEY,https://img.uefa.com/imgml/TP/teams/logos/240x240/52749.png,250182482,https://img.uefa.com/imgml/TP/players/1/2025/324x324/250182482.jpg,2024-25
Leon Klanac,Germany,GOALKEEPER,UNKNOWN,19,2007-03-01,0,0,0,0,0,0,0,FC Bayern München,BAY,https://img.uefa.com/imgml/TP/teams/logos/240x240/50037.png,250182463,https://img.uefa.com/imgml/TP/players/1/2025/324x324/250182463.jpg,2024-25
Eduardo Felicíssimo,Portugal,MIDFIELDER,UNKNOWN,19,2007-01-08,0,0,0,0,0,0,0,Sporting Clube de Portugal,SPO,https://img.uefa.com/imgml/TP/teams/logos/240x240/50149.png,250182436,https://img.uefa.com/imgml/TP/players/1/2025/324x324/250182436.jpg,2024-25
Denilson Santos,Portugal,DEFENDER,UNKNOWN,19,2007-02-02,0,0,0,0,0,0,0,Sporting Clube de Portugal,SPO,https://img.uefa.com/imgml/TP/teams/logos/240x240/50149.png,250182431,https://img.uefa.com/imgml/TP/players/1/2025/324x324/250182431.jpg,2024-25
Hugo Félix,Portugal,MIDFIELDER,UNKNOWN,22,2004-03-03,0,0,0,0,0,0,0,SL Benfica,BEN,https://img.uefa.com/imgml/TP/teams/logos/240x240/50147.png,250182403,https://img.uefa.com/imgml/TP/players/1/2025/324x324/250182403.jpg,2024-25
Gonçalo Oliveira,Portugal,DEFENDER,UNKNOWN,19,2006-07-04,0,0,0,0,0,0,0,SL Benfica,BEN,https://img.uefa.com/imgml/TP/teams/logos/240x240/50147.png,250181477,https://img.uefa.com/imgml/TP/players/1/2025/324x324/250181477.jpg,2024-25
Kerim Alajbegović,Bosnia and Herzegovina,MIDFIELDER,UNKNOWN,18,2007-09-21,0,0,0,0,0,0,0,Bayer 04 Leverkusen,LEV,https://img.uefa.com/imgml/TP/teams/logos/240x240/50109.png,250181052,https://img.uefa.com/imgml/TP/players/1/2025/324x324/250181052.jpg,2024-25
Tomas Baković,Croatia,MIDFIELDER,UNKNOWN,19,2007-03-29,0,0,0,0,0,0,0,GNK Dinamo,DIN,https://img.uefa.com/imgml/TP/teams/logos/240x240/50164.png,250180883,https://img.uefa.com/imgml/TP/players/1/2025/324x324/250180883.jpg,2024-25
Lucas Dominguez,Spain,DEFENDER,UNKNOWN,20,2006-03-02,0,0,0,0,0,0,0,Sporting Clube de Portugal,SPO,https://img.uefa.com/imgml/TP/teams/logos/240x240/50149.png,250179734,https://img.uefa.com/imgml/TP/players/1/2025/324x324/250179734.jpg,2024-25
Lazar Jovanović,Serbia,MIDFIELDER,UNKNOWN,19,2006-11-30,0,0,0,0,0,0,0,FK Crvena Zvezda,ZVE,https://img.uefa.com/imgml/TP/teams/logos/240x240/50069.png,250179564,https://img.uefa.com/imgml/TP/players/1/2025/324x324/250179564.jpg,2024-25
Tyler Meiser,Germany,DEFENDER,UNKNOWN,19,2007-03-01,0,0,0,0,0,0,0,Borussia Dortmund,BVB,https://img.uefa.com/imgml/TP/teams/logos/240x240/52758.png,250179078,https://img.uefa.com/imgml/TP/players/1/2025/324x324/250179078.jpg,2024-25
Oliwier Zych,Poland,GOALKEEPER,UNKNOWN,21,2004-06-28,0,0,0,0,0,0,0,Aston Villa,AVL,https://img.uefa.com/imgml/TP/teams/logos/240x240/52683.png,250178770,https://img.uefa.com/imgml/TP/players/1/2025/324x324/250178770.jpg,2024-25
Kieran Morrison,Northern Ireland,FORWARD,UNKNOWN,19,2006-11-09,0,0,0,0,0,0,0,Liverpool FC,LIV,https://img.uefa.com/imgml/TP/teams/logos/240x240/7889.png,250178246,https://img.uefa.com/imgml/TP/players/1/2025/324x324/250178246.jpg,2024-25
Djomar Giersthove,Netherlands,DEFENDER,UNKNOWN,21,2005-03-05,0,0,0,0,0,0,0,Feyenoord,FEY,https://img.uefa.com/imgml/TP/teams/logos/240x240/52749.png,250178087,https://img.uefa.com/imgml/TP/players/1/2025/324x324/250178087.jpg,2024-25
Mannou Berger,Netherlands,GOALKEEPER,UNKNOWN,21,2004-10-15,0,0,0,0,0,0,0,Feyenoord,FEY,https://img.uefa.com/imgml/TP/teams/logos/240x240/52749.png,250178085,https://img.uefa.com/imgml/TP/players/1/2025/324x324/250178085.jpg,2024-25
Edan Diop,France,MIDFIELDER,UNKNOWN,21,2004-08-28,0,0,0,0,0,0,0,AS Monaco,MON,https://img.uefa.com/imgml/TP/teams/logos/240x240/50023.png,250178063,https://img.uefa.com/imgml/TP/players/1/2025/324x324/250178063.jpg,2024-25
Mamadou Coulibaly,France,MIDFIELDER,UNKNOWN,22,2004-04-21,0,0,0,0,0,0,0,AS Monaco,MON,https://img.uefa.com/imgml/TP/teams/logos/240x240/50023.png,250178062,https://img.uefa.com/imgml/TP/players/1/2025/324x324/250178062.jpg,2024-25
Nicola Bagnolini,Italy,GOALKEEPER,UNKNOWN,22,2004-03-14,0,0,0,0,0,0,0,Bologna FC 1909,BOL,https://img.uefa.com/imgml/TP/teams/logos/240x240/52969.png,250177933,https://img.uefa.com/imgml/TP/players/1/2025/324x324/250177933.jpg,2024-25
Jacob Wright,England,MIDFIELDER,UNKNOWN,20,2005-09-21,0,0,0,0,0,0,0,Manchester City,MCI,https://img.uefa.com/imgml/TP/teams/logos/240x240/52919.png,250177819,https://img.uefa.com/imgml/TP/players/1/2025/324x324/250177819.jpg,2024-25
Miguel Alves,Portugal,DEFENDER,UNKNOWN,20,2005-12-30,0,0,0,0,0,0,0,Sporting Clube de Portugal,SPO,https://img.uefa.com/imgml/TP/teams/logos/240x240/50149.png,250177771,https://img.uefa.com/imgml/TP/players/1/2025/324x324/250177771.jpg,2024-25
Yoram Zague,France,DEFENDER,UNKNOWN,20,2006-05-15,0,0,0,0,0,0,0,Paris Saint-Germain,PSG,https://img.uefa.com/imgml/TP/teams/logos/240x240/52747.png,250177612,https://img.uefa.com/imgml/TP/players/1/2025/324x324/250177612.jpg,2024-25
Naoufel El Hannach,France,DEFENDER,UNKNOWN,19,2006-12-07,0,0,0,0,0,0,0,Paris Saint-Germain,PSG,https://img.uefa.com/imgml/TP/teams/logos/240x240/52747.png,250177593,https://img.uefa.com/imgml/TP/players/1/2025/324x324/250177593.jpg,2024-25
José Silva,Portugal,DEFENDER,UNKNOWN,20,2005-08-20,0,0,0,0,0,0,0,Sporting Clube de Portugal,SPO,https://img.uefa.com/imgml/TP/teams/logos/240x240/50149.png,250177515,https://img.uefa.com/imgml/TP/players/1/2025/324x324/250177515.jpg,2024-25
Rafael Nel,Portugal,FORWARD,UNKNOWN,21,2005-04-03,0,0,0,0,0,0,0,Sporting Clube de Portugal,SPO,https://img.uefa.com/imgml/TP/teams/logos/240x240/50149.png,250177501,https://img.uefa.com/imgml/TP/players/1/2025/324x324/250177501.jpg,2024-25
Valentin Oelz,Austria,GOALKEEPER,UNKNOWN,21,2005-04-24,0,0,0,0,0,0,0,FC Salzburg,SAL,https://img.uefa.com/imgml/TP/teams/logos/240x240/50030.png,250177433,https://img.uefa.com/imgml/TP/players/1/2025/324x324/250177433.jpg,2024-25
Oliver Lukic,Croatia,MIDFIELDER,UNKNOWN,19,2006-09-22,0,0,0,0,0,0,0,FC Salzburg,SAL,https://img.uefa.com/imgml/TP/teams/logos/240x240/50030.png,250177426,https://img.uefa.com/imgml/TP/players/1/2025/324x324/250177426.jpg,2024-25
Leandro Santos,Portugal,DEFENDER,UNKNOWN,20,2005-09-28,0,0,0,0,0,0,0,SL Benfica,BEN,https://img.uefa.com/imgml/TP/teams/logos/240x240/50147.png,250177259,https://img.uefa.com/imgml/TP/players/1/2025/324x324/250177259.jpg,2024-25
Jude Bonnar,Scotland,FORWARD,UNKNOWN,20,2005-11-17,0,0,0,0,0,0,0,Celtic FC,CEL,https://img.uefa.com/imgml/TP/teams/logos/240x240/50050.png,250177257,https://img.uefa.com/imgml/TP/players/1/2025/324x324/250177257.jpg,2024-25
Hugo de Llanos,Spain,MIDFIELDER,UNKNOWN,21,2005-03-18,0,0,0,0,0,0,0,Real Madrid C.F.,RMA,https://img.uefa.com/imgml/TP/teams/logos/240x240/50051.png,250176534,https://img.uefa.com/imgml/TP/players/1/2025/324x324/250176534.jpg,2024-25
Chema Andrés,Spain,MIDFIELDER,UNKNOWN,21,2005-04-25,0,0,0,0,0,0,0,Real Madrid C.F.,RMA,https://img.uefa.com/imgml/TP/teams/logos/240x240/50051.png,250176533,https://img.uefa.com/imgml/TP/players/1/2025/324x324/250176533.jpg,2024-25
Fran González,Spain,GOALKEEPER,UNKNOWN,20,2005-06-24,0,0,0,0,0,0,0,Real Madrid C.F.,RMA,https://img.uefa.com/imgml/TP/teams/logos/240x240/50051.png,250176532,https://img.uefa.com/imgml/TP/players/1/2025/324x324/250176532.jpg,2024-25
Robin Lisewski,Germany,GOALKEEPER,UNKNOWN,20,2006-02-13,0,0,0,0,0,0,0,Borussia Dortmund,BVB,https://img.uefa.com/imgml/TP/teams/logos/240x240/52758.png,250176321,https://img.uefa.com/imgml/TP/players/1/2025/324x324/250176321.jpg,2024-25
Nuha Jatta,Germany,MIDFIELDER,UNKNOWN,20,2006-03-15,0,0,0,0,0,0,0,RB Leipzig,RBL,https://img.uefa.com/imgml/TP/teams/logos/240x240/2603790.png,250176275,https://img.uefa.com/imgml/TP/players/1/2025/324x324/250176275.jpg,2024-25
Leon Koß,Germany,DEFENDER,UNKNOWN,19,2006-09-12,0,0,0,0,0,0,0,RB Leipzig,RBL,https://img.uefa.com/imgml/TP/teams/logos/240x240/2603790.png,250176273,https://img.uefa.com/imgml/TP/players/1/2025/324x324/250176273.jpg,2024-25
Max Schmitt,Germany,GOALKEEPER,UNKNOWN,20,2006-01-18,0,0,0,0,0,0,0,FC Bayern München,BAY,https://img.uefa.com/imgml/TP/teams/logos/240x240/50037.png,250176229,https://img.uefa.com/imgml/TP/players/1/2025/324x324/250176229.jpg,2024-25
Mike Aidoo,Italy,DEFENDER,UNKNOWN,21,2005-05-30,0,0,0,0,0,0,0,FC Internazionale Milano,INT,https://img.uefa.com/imgml/TP/teams/logos/240x240/50138.png,250176213,https://img.uefa.com/imgml/TP/players/1/2025/324x324/250176213.jpg,2024-25
Matteo Motta,Italy,DEFENDER,UNKNOWN,21,2005-02-10,0,0,0,0,0,0,0,FC Internazionale Milano,INT,https://img.uefa.com/imgml/TP/teams/logos/240x240/50138.png,250176205,https://img.uefa.com/imgml/TP/players/1/2025/324x324/250176205.jpg,2024-25
Mats Seiler,Switzerland,DEFENDER,UNKNOWN,20,2005-08-04,0,0,0,0,0,0,0,BSC Young Boys,YB,https://img.uefa.com/imgml/TP/teams/logos/240x240/50031.png,250176188,https://img.uefa.com/imgml/TP/players/1/2025/324x324/250176188.jpg,2024-25
Jashar Dema,Kosovo,MIDFIELDER,UNKNOWN,20,2005-08-10,0,0,0,0,0,0,0,BSC Young Boys,YB,https://img.uefa.com/imgml/TP/teams/logos/240x240/50031.png,250176181,https://img.uefa.com/imgml/TP/players/1/2025/324x324/250176181.jpg,2024-25
Matteo Bignetti,Austria,GOALKEEPER,UNKNOWN,22,2004-05-06,0,0,0,0,0,0,0,SK Sturm Graz,SGR,https://img.uefa.com/imgml/TP/teams/logos/240x240/50111.png,250174995,https://img.uefa.com/imgml/TP/players/1/2025/324x324/250174995.jpg,2024-25
Plamen Andreev,Bulgaria,GOALKEEPER,UNKNOWN,21,2004-12-15,0,0,0,0,0,0,0,Feyenoord,FEY,https://img.uefa.com/imgml/TP/teams/logos/240x240/52749.png,250174135,https://img.uefa.com/imgml/TP/players/1/2025/324x324/250174135.jpg,2024-25
Tajon Buchanan,Canada,FORWARD,WINGER,27,1999-02-08,0,0,0,0,0,0,0,FC Internazionale Milano,INT,https://img.uefa.com/imgml/TP/teams/logos/240x240/50138.png,250173127,https://img.uefa.com/imgml/TP/players/1/2025/324x324/250173127.jpg,2024-25
Tommaso Ravaglioli,Italy,FORWARD,UNKNOWN,20,2006-02-20,0,0,0,0,0,0,0,Bologna FC 1909,BOL,https://img.uefa.com/imgml/TP/teams/logos/240x240/52969.png,250172569,https://img.uefa.com/imgml/TP/players/1/2025/324x324/250172569.jpg,2024-25
Veljko Milosavljević,Serbia,MIDFIELDER,UNKNOWN,18,2007-06-28,0,0,0,0,0,0,0,FK Crvena Zvezda,ZVE,https://img.uefa.com/imgml/TP/teams/logos/240x240/50069.png,250172540,https://img.uefa.com/imgml/TP/players/1/2025/324x324/250172540.jpg,2024-25
Vuk Draškić,Serbia,GOALKEEPER,UNKNOWN,19,2007-05-11,0,0,0,0,0,0,0,FK Crvena Zvezda,ZVE,https://img.uefa.com/imgml/TP/teams/logos/240x240/50069.png,250172534,https://img.uefa.com/imgml/TP/players/1/2025/324x324/250172534.jpg,2024-25
Pol Fortuny,Spain,MIDFIELDER,UNKNOWN,21,2005-03-11,0,0,0,0,0,0,0,Real Madrid C.F.,RMA,https://img.uefa.com/imgml/TP/teams/logos/240x240/50051.png,250172342,https://img.uefa.com/imgml/TP/players/1/2025/324x324/250172342.jpg,2024-25
Daniele Quieto,Italy,FORWARD,UNKNOWN,20,2005-10-22,0,0,0,0,0,0,0,FC Internazionale Milano,INT,https://img.uefa.com/imgml/TP/teams/logos/240x240/50138.png,250171926,https://img.uefa.com/imgml/TP/players/1/2025/324x324/250171926.jpg,2024-25
Enric García,Spain,MIDFIELDER,UNKNOWN,20,2006-02-28,0,0,0,0,0,0,0,Girona FC,GIR,https://img.uefa.com/imgml/TP/teams/logos/240x240/2602798.png,250171662,https://img.uefa.com/imgml/TP/players/1/2025/324x324/250171662.jpg,2024-25
Ricard Artero,Spain,MIDFIELDER,UNKNOWN,23,2003-02-05,0,0,0,0,0,0,0,Girona FC,GIR,https://img.uefa.com/imgml/TP/teams/logos/240x240/2602798.png,250171004,https://img.uefa.com/imgml/TP/players/1/2025/324x324/250171004.jpg,2024-25
Youssef,Spain,DEFENDER,UNKNOWN,20,2005-10-07,0,0,0,0,0,0,0,Real Madrid C.F.,RMA,https://img.uefa.com/imgml/TP/teams/logos/240x240/50051.png,250171003,https://img.uefa.com/imgml/TP/players/1/2025/324x324/250171003.jpg,2024-25
Dennis Seimen,Germany,GOALKEEPER,UNKNOWN,20,2005-12-01,0,0,0,0,0,0,0,VfB Stuttgart,STU,https://img.uefa.com/imgml/TP/teams/logos/240x240/50107.png,250170952,https://img.uefa.com/imgml/TP/players/1/2025/324x324/250170952.jpg,2024-25
Kjell Wätjen,Germany,MIDFIELDER,UNKNOWN,20,2006-02-16,0,0,0,0,0,0,0,Borussia Dortmund,BVB,https://img.uefa.com/imgml/TP/teams/logos/240x240/52758.png,250170141,https://img.uefa.com/imgml/TP/players/1/2025/324x324/250170141.jpg,2024-25
Almugera Kabar,Germany,DEFENDER,UNKNOWN,19,2006-06-06,0,0,0,0,0,0,0,Borussia Dortmund,BVB,https://img.uefa.com/imgml/TP/teams/logos/240x240/52758.png,250170133,https://img.uefa.com/imgml/TP/players/1/2025/324x324/250170133.jpg,2024-25
Tiago Freitas,Portugal,MIDFIELDER,UNKNOWN,19,2006-08-17,0,0,0,0,0,0,0,SL Benfica,BEN,https://img.uefa.com/imgml/TP/teams/logos/240x240/50147.png,250170089,https://img.uefa.com/imgml/TP/players/1/2025/324x324/250170089.jpg,2024-25
João Fonseca,Portugal,DEFENDER,UNKNOWN,19,2006-08-31,0,0,0,0,0,0,0,SL Benfica,BEN,https://img.uefa.com/imgml/TP/teams/logos/240x240/50147.png,250170087,https://img.uefa.com/imgml/TP/players/1/2025/324x324/250170087.jpg,2024-25
Joeri Heerkens,Netherlands,GOALKEEPER,UNKNOWN,20,2006-05-08,0,0,0,0,0,0,0,AC Sparta Praha,SPA,https://img.uefa.com/imgml/TP/teams/logos/240x240/50033.png,250169995,https://img.uefa.com/imgml/TP/players/1/2025/324x324/250169995.jpg,2024-25
Francisco Silva,Portugal,GOALKEEPER,UNKNOWN,20,2005-11-20,0,0,0,0,0,0,0,Sporting Clube de Portugal,SPO,https://img.uefa.com/imgml/TP/teams/logos/240x240/50149.png,250169894,https://img.uefa.com/imgml/TP/players/1/2025/324x324/250169894.jpg,2024-25
Manuel Mendonça,Portugal,MIDFIELDER,UNKNOWN,21,2005-03-24,0,0,0,0,0,0,0,Sporting Clube de Portugal,SPO,https://img.uefa.com/imgml/TP/teams/logos/240x240/50149.png,250169892,https://img.uefa.com/imgml/TP/players/1/2025/324x324/250169892.jpg,2024-25
Luis Gomes,Portugal,FORWARD,UNKNOWN,22,2004-04-24,0,0,0,0,0,0,0,Sporting Clube de Portugal,SPO,https://img.uefa.com/imgml/TP/teams/logos/240x240/50149.png,250169891,https://img.uefa.com/imgml/TP/players/1/2025/324x324/250169891.jpg,2024-25
Áron Yaakobishvili,Hungary,GOALKEEPER,UNKNOWN,20,2006-03-06,0,0,0,0,0,0,0,FC Barcelona,BAR,https://img.uefa.com/imgml/TP/teams/logos/240x240/50080.png,250169577,https://img.uefa.com/imgml/TP/players/1/2025/324x324/250169577.jpg,2024-25
Diego Kochen,USA,GOALKEEPER,UNKNOWN,20,2006-03-19,0,0,0,0,0,0,0,FC Barcelona,BAR,https://img.uefa.com/imgml/TP/teams/logos/240x240/50080.png,250169576,https://img.uefa.com/imgml/TP/players/1/2025/324x324/250169576.jpg,2024-25
Max Alleyne,England,DEFENDER,UNKNOWN,20,2005-07-21,0,0,0,0,0,0,0,Manchester City,MCI,https://img.uefa.com/imgml/TP/teams/logos/240x240/52919.png,250169566,https://img.uefa.com/imgml/TP/players/1/2025/324x324/250169566.jpg,2024-25
Jack Henry-Francis,England,MIDFIELDER,UNKNOWN,22,2003-09-23,0,0,0,0,0,0,0,Arsenal FC,ARS,https://img.uefa.com/imgml/TP/teams/logos/240x240/52280.png,250169289,https://img.uefa.com/imgml/TP/players/1/2025/324x324/250169289.jpg,2024-25
Tay Abed,Spain,FORWARD,UNKNOWN,22,2004-03-08,0,0,0,0,0,0,0,PSV Eindhoven,PSV,https://img.uefa.com/imgml/TP/teams/logos/240x240/50062.png,250169135,https://img.uefa.com/imgml/TP/players/1/2025/324x324/250169135.jpg,2024-25
Filippo Mane,Italy,DEFENDER,UNKNOWN,21,2005-03-08,0,0,0,0,0,0,0,Borussia Dortmund,BVB,https://img.uefa.com/imgml/TP/teams/logos/240x240/52758.png,250168729,https://img.uefa.com/imgml/TP/players/1/2025/324x324/250168729.jpg,2024-25
Noel Aseko,Germany,MIDFIELDER,UNKNOWN,20,2005-11-22,0,0,0,0,0,0,0,FC Bayern München,BAY,https://img.uefa.com/imgml/TP/teams/logos/240x240/50037.png,250168138,https://img.uefa.com/imgml/TP/players/1/2025/324x324/250168138.jpg,2024-25
Travis Patterson,England,DEFENDER,UNKNOWN,20,2005-10-06,0,0,0,0,0,0,0,Aston Villa,AVL,https://img.uefa.com/imgml/TP/teams/logos/240x240/52683.png,250167834,https://img.uefa.com/imgml/TP/players/1/2025/324x324/250167834.jpg,2024-25
Trent Kone-Doherty,Republic of Ireland,FORWARD,UNKNOWN,19,2006-06-30,0,0,0,0,0,0,0,Liverpool FC,LIV,https://img.uefa.com/imgml/TP/teams/logos/240x240/7889.png,250167154,https://img.uefa.com/imgml/TP/players/1/2025/324x324/250167154.jpg,2024-25
Dalibor Večerka,Czechia,DEFENDER,UNKNOWN,23,2003-03-12,0,0,0,0,0,0,0,AC Sparta Praha,SPA,https://img.uefa.com/imgml/TP/teams/logos/240x240/50033.png,250167072,https://img.uefa.com/imgml/TP/players/1/2025/324x324/250167072.jpg,2024-25
Martin Mišovič,Slovakia,FORWARD,UNKNOWN,22,2004-01-22,0,0,0,0,0,0,0,ŠK Slovan Bratislava,SLB,https://img.uefa.com/imgml/TP/teams/logos/240x240/52797.png,250166787,https://img.uefa.com/imgml/TP/players/1/2025/324x324/250166787.jpg,2024-25
Nuno Félix,Portugal,MIDFIELDER,UNKNOWN,22,2004-03-16,0,0,0,0,0,0,0,SL Benfica,BEN,https://img.uefa.com/imgml/TP/teams/logos/240x240/50147.png,250165002,https://img.uefa.com/imgml/TP/players/1/2025/324x324/250165002.jpg,2024-25
André Gomes,Portugal,GOALKEEPER,UNKNOWN,21,2004-10-20,0,0,0,0,0,0,0,SL Benfica,BEN,https://img.uefa.com/imgml/TP/teams/logos/240x240/50147.png,250164989,https://img.uefa.com/imgml/TP/players/1/2025/324x324/250164989.jpg,2024-25
Henrique Arreiol,Portugal,MIDFIELDER,UNKNOWN,20,2005-06-21,0,0,0,0,0,0,0,Sporting Clube de Portugal,SPO,https://img.uefa.com/imgml/TP/teams/logos/240x240/50149.png,250164892,https://img.uefa.com/imgml/TP/players/1/2025/324x324/250164892.jpg,2024-25
Daniel Rus,Czechia,FORWARD,UNKNOWN,20,2006-02-02,0,0,0,0,0,0,0,AC Sparta Praha,SPA,https://img.uefa.com/imgml/TP/teams/logos/240x240/50033.png,250164860,https://img.uefa.com/imgml/TP/players/1/2025/324x324/250164860.jpg,2024-25
Tommy Setford,England,GOALKEEPER,UNKNOWN,20,2006-03-13,0,0,0,0,0,0,0,Arsenal FC,ARS,https://img.uefa.com/imgml/TP/teams/logos/240x240/52280.png,250164740,https://img.uefa.com/imgml/TP/players/1/2025/324x324/250164740.jpg,2024-25
Ander Astralaga,Spain,GOALKEEPER,UNKNOWN,22,2004-03-03,0,0,0,0,0,0,0,FC Barcelona,BAR,https://img.uefa.com/imgml/TP/teams/logos/240x240/50080.png,250164626,https://img.uefa.com/imgml/TP/players/1/2025/324x324/250164626.jpg,2024-25
Rayane Belid,Spain,DEFENDER,UNKNOWN,21,2005-02-11,0,0,0,0,0,0,0,Atlético de Madrid,ATM,https://img.uefa.com/imgml/TP/teams/logos/240x240/50124.png,250164587,https://img.uefa.com/imgml/TP/players/1/2025/324x324/250164587.jpg,2024-25
Gonzalo,Spain,FORWARD,STRIKER,22,2004-03-24,0,0,0,0,0,0,0,Real Madrid C.F.,RMA,https://img.uefa.com/imgml/TP/teams/logos/240x240/50051.png,250164226,https://img.uefa.com/imgml/TP/players/1/2025/324x324/250164226.jpg,2024-25
Louis Mouquet,France,GOALKEEPER,UNKNOWN,21,2004-07-21,0,0,0,0,0,0,0,Paris Saint-Germain,PSG,https://img.uefa.com/imgml/TP/teams/logos/240x240/52747.png,250164169,https://img.uefa.com/imgml/TP/players/1/2025/324x324/250164169.jpg,2024-25
Lapo Nava,Italy,GOALKEEPER,UNKNOWN,22,2004-01-22,0,0,0,0,0,0,0,AC Milan,MIL,https://img.uefa.com/imgml/TP/teams/logos/240x240/50058.png,250164068,https://img.uefa.com/imgml/TP/players/1/2025/324x324/250164068.jpg,2024-25
Kevin Zeroli,Italy,MIDFIELDER,UNKNOWN,21,2005-01-11,0,0,0,0,0,0,0,AC Milan,MIL,https://img.uefa.com/imgml/TP/teams/logos/240x240/50058.png,250164054,https://img.uefa.com/imgml/TP/players/1/2025/324x324/250164054.jpg,2024-25
Salko Hamzic,Austria,GOALKEEPER,UNKNOWN,19,2006-09-17,0,0,0,0,0,0,0,FC Salzburg,SAL,https://img.uefa.com/imgml/TP/teams/logos/240x240/50030.png,250163658,https://img.uefa.com/imgml/TP/players/1/2025/324x324/250163658.jpg,2024-25
Tommaso Del Lungo,Italy,DEFENDER,UNKNOWN,22,2003-11-21,0,0,0,0,0,0,0,Atalanta BC,ATA,https://img.uefa.com/imgml/TP/teams/logos/240x240/52816.png,250163505,https://img.uefa.com/imgml/TP/players/1/2025/324x324/250163505.jpg,2024-25
Jonathan Asp Jensen,Denmark,MIDFIELDER,UNKNOWN,20,2006-01-14,0,0,0,0,0,0,0,FC Bayern München,BAY,https://img.uefa.com/imgml/TP/teams/logos/240x240/50037.png,250162891,https://img.uefa.com/imgml/TP/players/1/2025/324x324/250162891.jpg,2024-25
Yann Lienard,France,GOALKEEPER,GOALKEEPER,23,2003-03-16,0,0,0,0,0,0,0,AS Monaco,MON,https://img.uefa.com/imgml/TP/teams/logos/240x240/50023.png,250162627,https://img.uefa.com/imgml/TP/players/1/2025/324x324/250162627.jpg,2024-25
Vanja Vlahović,Serbia,FORWARD,UNKNOWN,22,2004-03-23,0,0,0,0,0,0,0,Atalanta BC,ATA,https://img.uefa.com/imgml/TP/teams/logos/240x240/52816.png,250162176,https://img.uefa.com/imgml/TP/players/1/2025/324x324/250162176.jpg,2024-25
Diego Callai,Italy,GOALKEEPER,UNKNOWN,21,2004-07-18,0,0,0,0,0,0,0,Sporting Clube de Portugal,SPO,https://img.uefa.com/imgml/TP/teams/logos/240x240/50149.png,250160990,https://img.uefa.com/imgml/TP/players/1/2025/324x324/250160990.jpg,2024-25
Kiril Fesiun,Ukraine,GOALKEEPER,UNKNOWN,23,2002-08-07,0,0,0,0,0,0,0,FC Shakhtar Donetsk,SHK,https://img.uefa.com/imgml/TP/teams/logos/240x240/52707.png,250160835,https://img.uefa.com/imgml/TP/players/1/2025/324x324/250160835.jpg,2024-25
Denys Tvardovskyi,Ukraine,GOALKEEPER,UNKNOWN,22,2003-06-13,0,0,0,0,0,0,0,FC Shakhtar Donetsk,SHK,https://img.uefa.com/imgml/TP/teams/logos/240x240/52707.png,250160801,https://img.uefa.com/imgml/TP/players/1/2025/324x324/250160801.jpg,2024-25
Johnny Kenny,Republic of Ireland,FORWARD,UNKNOWN,22,2003-06-09,0,0,0,0,0,0,0,Celtic FC,CEL,https://img.uefa.com/imgml/TP/teams/logos/240x240/50050.png,250156652,https://img.uefa.com/imgml/TP/players/1/2025/324x324/250156652.jpg,2024-25
Isaac Mabaya,England,DEFENDER,UNKNOWN,21,2004-09-22,0,0,0,0,0,0,0,Liverpool FC,LIV,https://img.uefa.com/imgml/TP/teams/logos/240x240/7889.png,250154425,https://img.uefa.com/imgml/TP/players/1/2025/324x324/250154425.jpg,2024-25
Alessandro Calligaris,Italy,GOALKEEPER,UNKNOWN,21,2005-03-07,0,0,0,0,0,0,0,FC Internazionale Milano,INT,https://img.uefa.com/imgml/TP/teams/logos/240x240/50138.png,250154389,https://img.uefa.com/imgml/TP/players/1/2025/324x324/250154389.jpg,2024-25
Anton Hlushchenko,Ukraine,MIDFIELDER,UNKNOWN,22,2004-04-20,0,0,0,0,0,0,0,FC Shakhtar Donetsk,SHK,https://img.uefa.com/imgml/TP/teams/logos/240x240/52707.png,250154361,https://img.uefa.com/imgml/TP/players/1/2025/324x324/250154361.jpg,2024-25
Marian Faryna,Ukraine,DEFENDER,UNKNOWN,22,2003-08-28,0,0,0,0,0,0,0,FC Shakhtar Donetsk,SHK,https://img.uefa.com/imgml/TP/teams/logos/240x240/52707.png,250154360,https://img.uefa.com/imgml/TP/players/1/2025/324x324/250154360.jpg,2024-25
Giovanni Daffara,Italy,GOALKEEPER,UNKNOWN,21,2004-12-05,0,0,0,0,0,0,0,Juventus,JUV,https://img.uefa.com/imgml/TP/teams/logos/240x240/50139.png,250154332,https://img.uefa.com/imgml/TP/players/1/2025/324x324/250154332.jpg,2024-25
Sergio Mestre,Spain,GOALKEEPER,UNKNOWN,21,2005-02-13,0,0,0,0,0,0,0,Real Madrid C.F.,RMA,https://img.uefa.com/imgml/TP/teams/logos/240x240/50051.png,250154301,https://img.uefa.com/imgml/TP/players/1/2025/324x324/250154301.jpg,2024-25
Jovan Šljivić,Serbia,MIDFIELDER,UNKNOWN,20,2005-10-14,0,0,0,0,0,0,0,FK Crvena Zvezda,ZVE,https://img.uefa.com/imgml/TP/teams/logos/240x240/50069.png,250154150,https://img.uefa.com/imgml/TP/players/1/2025/324x324/250154150.jpg,2024-25
Stefan Leković,Serbia,DEFENDER,UNKNOWN,22,2004-01-09,0,0,0,0,0,0,0,FK Crvena Zvezda,ZVE,https://img.uefa.com/imgml/TP/teams/logos/240x240/50069.png,250153773,https://img.uefa.com/imgml/TP/players/1/2025/324x324/250153773.jpg,2024-25
Jorne Spileers,Belgium,DEFENDER,UNKNOWN,21,2005-01-21,0,0,0,0,0,0,0,Club Brugge KV,BRU,https://img.uefa.com/imgml/TP/teams/logos/240x240/50043.png,250153677,https://img.uefa.com/imgml/TP/players/1/2025/324x324/250153677.jpg,2024-25
Tarek Buchmann,Germany,DEFENDER,UNKNOWN,21,2005-02-28,0,0,0,0,0,0,0,FC Bayern München,BAY,https://img.uefa.com/imgml/TP/teams/logos/240x240/50037.png,250153538,https://img.uefa.com/imgml/TP/players/1/2025/324x324/250153538.jpg,2024-25
Gabriel Vidović,Croatia,MIDFIELDER,UNKNOWN,22,2003-12-01,0,0,0,0,0,0,0,FC Bayern München,BAY,https://img.uefa.com/imgml/TP/teams/logos/240x240/50037.png,250153416,https://img.uefa.com/imgml/TP/players/1/2025/324x324/250153416.jpg,2024-25
Frans Krätzig,Germany,DEFENDER,UNKNOWN,23,2003-01-14,0,0,0,0,0,0,0,VfB Stuttgart,STU,https://img.uefa.com/imgml/TP/teams/logos/240x240/50107.png,250153412,https://img.uefa.com/imgml/TP/players/1/2025/324x324/250153412.jpg,2024-25
Silas Ostrzinski,Germany,GOALKEEPER,GOALKEEPER,22,2003-11-19,0,0,0,0,0,0,0,Borussia Dortmund,BVB,https://img.uefa.com/imgml/TP/teams/logos/240x240/52758.png,250153408,https://img.uefa.com/imgml/TP/players/1/2025/324x324/250153408.jpg,2024-25
Zane Monlouis,England,DEFENDER,UNKNOWN,22,2003-10-16,0,0,0,0,0,0,0,Arsenal FC,ARS,https://img.uefa.com/imgml/TP/teams/logos/240x240/52280.png,250150470,https://img.uefa.com/imgml/TP/players/1/2025/324x324/250150470.jpg,2024-25
Niek Schiks,Netherlands,GOALKEEPER,GOALKEEPER,22,2004-02-03,0,0,0,0,0,0,0,PSV Eindhoven,PSV,https://img.uefa.com/imgml/TP/teams/logos/240x240/50062.png,250148144,https://img.uefa.com/imgml/TP/players/1/2025/324x324/250148144.jpg,2024-25
Adam Montgomery,Scotland,FORWARD,UNKNOWN,23,2002-07-18,0,0,0,0,0,0,0,Celtic FC,CEL,https://img.uefa.com/imgml/TP/teams/logos/240x240/50050.png,250148092,https://img.uefa.com/imgml/TP/players/1/2025/324x324/250148092.jpg,2024-25
Lorenzo Aguado,Spain,DEFENDER,UNKNOWN,23,2002-09-19,0,0,0,0,0,0,0,Real Madrid C.F.,RMA,https://img.uefa.com/imgml/TP/teams/logos/240x240/50051.png,250140925,https://img.uefa.com/imgml/TP/players/1/2025/324x324/250140925.jpg,2024-25
Diogo Prioste,Portugal,MIDFIELDER,UNKNOWN,22,2004-03-26,0,0,0,0,0,0,0,SL Benfica,BEN,https://img.uefa.com/imgml/TP/teams/logos/240x240/50147.png,250138956,https://img.uefa.com/imgml/TP/players/1/2025/324x324/250138956.jpg,2024-25
Diogo Pinto,Portugal,GOALKEEPER,UNKNOWN,21,2004-06-18,0,0,0,0,0,0,0,Sporting Clube de Portugal,SPO,https://img.uefa.com/imgml/TP/teams/logos/240x240/50149.png,250138950,https://img.uefa.com/imgml/TP/players/1/2025/324x324/250138950.jpg,2024-25
Adrian Bajrami,Switzerland,DEFENDER,UNKNOWN,24,2002-04-05,0,0,0,0,0,0,0,SL Benfica,BEN,https://img.uefa.com/imgml/TP/teams/logos/240x240/50147.png,250138635,https://img.uefa.com/imgml/TP/players/1/2025/324x324/250138635.jpg,2024-25
Thomas Kastanaras,Greece,FORWARD,UNKNOWN,23,2003-01-09,0,0,0,0,0,0,0,VfB Stuttgart,STU,https://img.uefa.com/imgml/TP/teams/logos/240x240/50107.png,250138390,https://img.uefa.com/imgml/TP/players/1/2025/324x324/250138390.jpg,2024-25
Adam Hrdina,Slovakia,GOALKEEPER,UNKNOWN,22,2004-02-12,0,0,0,0,0,0,0,ŠK Slovan Bratislava,SLB,https://img.uefa.com/imgml/TP/teams/logos/240x240/52797.png,250138286,https://img.uefa.com/imgml/TP/players/1/2025/324x324/250138286.jpg,2024-25
Joshua Wilson-Esbrand,England,DEFENDER,UNKNOWN,23,2002-12-26,0,0,0,0,0,0,0,Manchester City,MCI,https://img.uefa.com/imgml/TP/teams/logos/240x240/52919.png,250138239,https://img.uefa.com/imgml/TP/players/1/2025/324x324/250138239.jpg,2024-25
Juan Musso,Argentina,GOALKEEPER,UNKNOWN,32,1994-05-06,0,0,0,0,0,0,0,Atlético de Madrid,ATM,https://img.uefa.com/imgml/TP/teams/logos/240x240/50124.png,250137521,https://img.uefa.com/imgml/TP/players/1/2025/324x324/250137521.jpg,2024-25
Tristan van den Heuvel,Netherlands,GOALKEEPER,UNKNOWN,23,2003-05-28,0,0,0,0,0,0,0,Club Brugge KV,BRU,https://img.uefa.com/imgml/TP/teams/logos/240x240/50043.png,250137477,https://img.uefa.com/imgml/TP/players/1/2025/324x324/250137477.jpg,2024-25
Harvey Davies,England,GOALKEEPER,UNKNOWN,22,2003-09-03,0,0,0,0,0,0,0,Liverpool FC,LIV,https://img.uefa.com/imgml/TP/teams/logos/240x240/7889.png,250135608,https://img.uefa.com/imgml/TP/players/1/2025/324x324/250135608.jpg,2024-25
Antonio Gomis,Spain,GOALKEEPER,UNKNOWN,23,2003-03-20,0,0,0,0,0,0,0,Atlético de Madrid,ATM,https://img.uefa.com/imgml/TP/teams/logos/240x240/50124.png,250135499,https://img.uefa.com/imgml/TP/players/1/2025/324x324/250135499.jpg,2024-25
Aitor Gismera,Spain,MIDFIELDER,UNKNOWN,22,2004-02-21,0,0,0,0,0,0,0,Atlético de Madrid,ATM,https://img.uefa.com/imgml/TP/teams/logos/240x240/50124.png,250135497,https://img.uefa.com/imgml/TP/players/1/2025/324x324/250135497.jpg,2024-25
Shiloh 'T Zand,Netherlands,MIDFIELDER,WINGER,23,2003-05-14,0,0,0,0,0,0,0,Feyenoord,FEY,https://img.uefa.com/imgml/TP/teams/logos/240x240/52749.png,250133014,https://img.uefa.com/imgml/TP/players/1/2025/324x324/250133014.jpg,2024-25
Bryan Okoh,Switzerland,DEFENDER,UNKNOWN,23,2003-05-16,0,0,0,0,0,0,0,FC Salzburg,SAL,https://img.uefa.com/imgml/TP/teams/logos/240x240/50030.png,250129928,https://img.uefa.com/imgml/TP/players/1/2025/324x324/250129928.jpg,2024-25
Ilias Kostis,Greece,DEFENDER,UNKNOWN,23,2003-02-27,0,0,0,0,0,0,0,Atlético de Madrid,ATM,https://img.uefa.com/imgml/TP/teams/logos/240x240/50124.png,250129831,https://img.uefa.com/imgml/TP/players/1/2025/324x324/250129831.jpg,2024-25
Jakub Surovčík,Slovakia,GOALKEEPER,UNKNOWN,23,2002-06-28,0,0,0,0,0,0,0,AC Sparta Praha,SPA,https://img.uefa.com/imgml/TP/teams/logos/240x240/50033.png,250127130,https://img.uefa.com/imgml/TP/players/1/2025/324x324/250127130.jpg,2024-25
James Norris,England,MIDFIELDER,UNKNOWN,23,2003-04-04,0,0,0,0,0,0,0,Liverpool FC,LIV,https://img.uefa.com/imgml/TP/teams/logos/240x240/7889.png,250124401,https://img.uefa.com/imgml/TP/players/1/2025/324x324/250124401.jpg,2024-25
Yehor Nazaryna,Ukraine,MIDFIELDER,CENTRAL_MIDFIELDER,28,1997-07-10,0,0,0,0,0,0,0,FC Shakhtar Donetsk,SHK,https://img.uefa.com/imgml/TP/teams/logos/240x240/52707.png,250123440,https://img.uefa.com/imgml/TP/players/1/2025/324x324/250123440.jpg,2024-25
Samuel Soares,Portugal,GOALKEEPER,GOALKEEPER,23,2002-06-15,0,0,0,0,0,0,0,SL Benfica,BEN,https://img.uefa.com/imgml/TP/teams/logos/240x240/50147.png,250117408,https://img.uefa.com/imgml/TP/players/1/2025/324x324/250117408.jpg,2024-25
Vitězslav Jaroš,Czechia,GOALKEEPER,UNKNOWN,24,2001-07-23,0,0,0,0,0,0,0,Liverpool FC,LIV,https://img.uefa.com/imgml/TP/teams/logos/240x240/7889.png,250113263,https://img.uefa.com/imgml/TP/players/1/2025/324x324/250113263.jpg,2024-25
Sergiño Dest,USA,DEFENDER,FULL_BACK,25,2000-11-03,0,0,0,0,0,0,0,PSV Eindhoven,PSV,https://img.uefa.com/imgml/TP/teams/logos/240x240/50062.png,250112998,https://img.uefa.com/imgml/TP/players/1/2025/324x324/250112998.jpg,2024-25
Vladan Kovačević,Serbia,GOALKEEPER,UNKNOWN,28,1998-04-11,0,0,0,0,0,0,0,Sporting Clube de Portugal,SPO,https://img.uefa.com/imgml/TP/teams/logos/240x240/50149.png,250109859,https://img.uefa.com/imgml/TP/players/1/2025/324x324/250109859.jpg,2024-25
Maik Nawrocki,Poland,DEFENDER,UNKNOWN,25,2001-02-07,0,0,0,0,0,0,0,Celtic FC,CEL,https://img.uefa.com/imgml/TP/teams/logos/240x240/50050.png,250109381,https://img.uefa.com/imgml/TP/players/1/2025/324x324/250109381.jpg,2024-25
Marcel Lotka,Germany,GOALKEEPER,UNKNOWN,25,2001-05-25,0,0,0,0,0,0,0,Borussia Dortmund,BVB,https://img.uefa.com/imgml/TP/teams/logos/240x240/52758.png,250109378,https://img.uefa.com/imgml/TP/players/1/2025/324x324/250109378.jpg,2024-25
Arnau Tenas,Spain,GOALKEEPER,UNKNOWN,25,2001-05-30,0,0,0,0,0,0,0,Paris Saint-Germain,PSG,https://img.uefa.com/imgml/TP/teams/logos/240x240/52747.png,250106979,https://img.uefa.com/imgml/TP/players/1/2025/324x324/250106979.jpg,2024-25
Viljami Sinisalo,Finland,GOALKEEPER,UNKNOWN,24,2001-10-11,0,0,0,0,0,0,0,Celtic FC,CEL,https://img.uefa.com/imgml/TP/teams/logos/240x240/50050.png,250106880,https://img.uefa.com/imgml/TP/players/1/2025/324x324/250106880.jpg,2024-25
Martin Trnovský,Slovakia,GOALKEEPER,GOALKEEPER,25,2000-06-07,0,0,0,0,0,0,0,ŠK Slovan Bratislava,SLB,https://img.uefa.com/imgml/TP/teams/logos/240x240/52797.png,250103498,https://img.uefa.com/imgml/TP/players/1/2025/324x324/250103498.jpg,2024-25
Stephen Welsh,Scotland,DEFENDER,CENTRE_BACK,26,2000-01-19,0,0,0,0,0,0,0,Celtic FC,CEL,https://img.uefa.com/imgml/TP/teams/logos/240x240/50050.png,250101698,https://img.uefa.com/imgml/TP/players/1/2025/324x324/250101698.jpg,2024-25
Emir Karic,Bosnia and Herzegovina,MIDFIELDER,UNKNOWN,28,1997-06-09,0,0,0,0,0,0,0,SK Sturm Graz,SGR,https://img.uefa.com/imgml/TP/teams/logos/240x240/50111.png,250088389,https://img.uefa.com/imgml/TP/players/1/2025/324x324/250088389.jpg,2024-25
Marco Sportiello,Italy,GOALKEEPER,UNKNOWN,34,1992-05-10,0,0,0,0,0,0,0,AC Milan,MIL,https://img.uefa.com/imgml/TP/teams/logos/240x240/50058.png,250082738,https://img.uefa.com/imgml/TP/players/1/2025/324x324/250082738.jpg,2024-25
Marian Shved,Ukraine,MIDFIELDER,WINGER,28,1997-07-16,0,0,0,0,0,0,0,FC Shakhtar Donetsk,SHK,https://img.uefa.com/imgml/TP/teams/logos/240x240/52707.png,250082625,https://img.uefa.com/imgml/TP/players/1/2025/324x324/250082625.jpg,2024-25
Dario Marzino,Switzerland,GOALKEEPER,GOALKEEPER,29,1996-09-19,0,0,0,0,0,0,0,BSC Young Boys,YB,https://img.uefa.com/imgml/TP/teams/logos/240x240/50031.png,250074072,https://img.uefa.com/imgml/TP/players/1/2025/324x324/250074072.jpg,2024-25
Marc-Aurèle Caillard,France,GOALKEEPER,UNKNOWN,32,1994-05-12,0,0,0,0,0,0,0,LOSC Lille,LIL,https://img.uefa.com/imgml/TP/teams/logos/240x240/75797.png,250067821,https://img.uefa.com/imgml/TP/players/1/2025/324x324/250067821.jpg,2024-25
Nordin Jackers,Belgium,GOALKEEPER,GOALKEEPER,28,1997-09-05,0,0,0,0,0,0,0,Club Brugge KV,BRU,https://img.uefa.com/imgml/TP/teams/logos/240x240/50043.png,250066521,https://img.uefa.com/imgml/TP/players/1/2025/324x324/250066521.jpg,2024-25
Jesús Vallejo,Spain,DEFENDER,CENTRE_BACK,29,1997-01-05,0,0,0,0,0,0,0,Real Madrid C.F.,RMA,https://img.uefa.com/imgml/TP/teams/logos/240x240/50051.png,250065307,https://img.uefa.com/imgml/TP/players/1/2025/324x324/250065307.jpg,2024-25
Vojtěch Vorel,Czechia,GOALKEEPER,UNKNOWN,29,1996-06-18,0,0,0,0,0,0,0,AC Sparta Praha,SPA,https://img.uefa.com/imgml/TP/teams/logos/240x240/50033.png,250058121,https://img.uefa.com/imgml/TP/players/1/2025/324x324/250058121.jpg,2024-25
Ivan Filipović,Croatia,GOALKEEPER,UNKNOWN,31,1994-11-13,0,0,0,0,0,0,0,GNK Dinamo,DIN,https://img.uefa.com/imgml/TP/teams/logos/240x240/50164.png,250056735,https://img.uefa.com/imgml/TP/players/1/2025/324x324/250056735.jpg,2024-25
Robin Olsen,Sweden,GOALKEEPER,GOALKEEPER,36,1990-01-08,0,0,0,0,0,0,0,Aston Villa,AVL,https://img.uefa.com/imgml/TP/teams/logos/240x240/52683.png,250049713,https://img.uefa.com/imgml/TP/players/1/2025/324x324/250049713.jpg,2024-25
Milan Škriniar,Slovakia,DEFENDER,CENTRE_BACK,31,1995-02-11,0,0,0,0,0,0,0,Paris Saint-Germain,PSG,https://img.uefa.com/imgml/TP/teams/logos/240x240/52747.png,250041563,https://img.uefa.com/imgml/TP/players/1/2025/324x324/250041563.jpg,2024-25
Niklas Lomb,Germany,GOALKEEPER,GOALKEEPER,32,1993-07-28,0,0,0,0,0,0,0,Bayer 04 Leverkusen,LEV,https://img.uefa.com/imgml/TP/teams/logos/240x240/50109.png,250040599,https://img.uefa.com/imgml/TP/players/1/2025/324x324/250040599.jpg,2024-25
Raffaele Di Gennaro,Italy,GOALKEEPER,GOALKEEPER,32,1993-10-03,0,0,0,0,0,0,0,FC Internazionale Milano,INT,https://img.uefa.com/imgml/TP/teams/logos/240x240/50138.png,250017814,https://img.uefa.com/imgml/TP/players/1/2025/324x324/250017814.jpg,2024-25
Francesco Rossi,Italy,GOALKEEPER,GOALKEEPER,35,1991-04-27,0,0,0,0,0,0,0,Atalanta BC,ATA,https://img.uefa.com/imgml/TP/teams/logos/240x240/52816.png,250015753,https://img.uefa.com/imgml/TP/players/1/2025/324x324/250015753.jpg,2024-25
Scott Bain,Scotland,GOALKEEPER,GOALKEEPER,34,1991-11-22,0,0,0,0,0,0,0,Celtic FC,CEL,https://img.uefa.com/imgml/TP/teams/logos/240x240/50050.png,250011071,https://img.uefa.com/imgml/TP/players/1/2025/324x324/250011071.jpg,2024-25
Carlo Pinsoglio,Italy,GOALKEEPER,UNKNOWN,36,1990-03-16,0,0,0,0,0,0,0,Juventus,JUV,https://img.uefa.com/imgml/TP/teams/logos/240x240/50139.png,250000104,https://img.uefa.com/imgml/TP/players/1/2025/324x324/250000104.jpg,2024-25
Vito Mannone,Italy,GOALKEEPER,UNKNOWN,38,1988-03-02,0,0,0,0,0,0,0,LOSC Lille,LIL,https://img.uefa.com/imgml/TP/teams/logos/240x240/75797.png,101585,https://img.uefa.com/imgml/TP/players/1/2025/324x324/101585.jpg,2024-25
