name,nation,position,detailed_position,age,birth_date,matches_played,minutes_played,goals,assists,penalties_scored,yellow_cards,red_cards,team_name,team_code,team_logo_url,player_id,player_image_url,season
Mats Hummels,Germany,DEFENDER,CENTRE_BACK,37,1988-12-16,13,1170,1,1,0,4,0,Borussia Dortmund,BVB,https://img.uefa.com/imgml/TP/teams/logos/240x240/52758.png,106587,https://img.uefa.com/imgml/TP/players/1/2024/324x324/106587.jpg,2023-24
Kylian Mbappé,France,FORWARD,STRIKER,27,1998-12-20,12,1080,8,0,3,1,0,Paris Saint-Germain,PSG,https://img.uefa.com/imgml/TP/teams/logos/240x240/52747.png,250076574,https://img.uefa.com/imgml/TP/players/1/2024/324x324/250076574.jpg,2023-24
Joshua Kimmich,Germany,MIDFIELDER,CENTRE_BACK,31,1995-02-08,12,1080,1,2,0,2,0,FC Bayern München,BAY,https://img.uefa.com/imgml/TP/teams/logos/240x240/50037.png,250070417,https://img.uefa.com/imgml/TP/players/1/2024/324x324/250070417.jpg,2023-24
Gianluigi Donnarumma,Italy,GOALKEEPER,GOALKEEPER,27,1999-02-25,12,1080,0,0,0,2,0,Paris Saint-Germain,PSG,https://img.uefa.com/imgml/TP/teams/logos/240x240/52747.png,250078922,https://img.uefa.com/imgml/TP/players/1/2024/324x324/250078922.jpg,2023-24
Gregor Kobel,Switzerland,GOALKEEPER,GOALKEEPER,28,1997-12-06,12,1080,0,0,0,0,0,Borussia Dortmund,BVB,https://img.uefa.com/imgml/TP/teams/logos/240x240/52758.png,250069832,https://img.uefa.com/imgml/TP/players/1/2024/324x324/250069832.jpg,2023-24
Federico Valverde,Uruguay,MIDFIELDER,UNKNOWN,27,1998-07-22,13,1068,1,1,0,0,0,Real Madrid C.F.,RMA,https://img.uefa.com/imgml/TP/teams/logos/240x240/50051.png,250101284,https://img.uefa.com/imgml/TP/players/1/2024/324x324/250101284.jpg,2023-24
Harry Kane,England,FORWARD,STRIKER,32,1993-07-28,12,1064,8,4,3,1,0,FC Bayern München,BAY,https://img.uefa.com/imgml/TP/teams/logos/240x240/50037.png,250016833,https://img.uefa.com/imgml/TP/players/1/2024/324x324/250016833.jpg,2023-24
Niclas Füllkrug,Germany,FORWARD,UNKNOWN,33,1993-02-09,13,1040,3,2,0,0,0,Borussia Dortmund,BVB,https://img.uefa.com/imgml/TP/teams/logos/240x240/52758.png,250041844,https://img.uefa.com/imgml/TP/players/1/2024/324x324/250041844.jpg,2023-24
Antonio Rüdiger,Germany,DEFENDER,CENTRE_BACK,33,1993-03-03,12,1039,0,1,0,0,0,Real Madrid C.F.,RMA,https://img.uefa.com/imgml/TP/teams/logos/240x240/50051.png,250028211,https://img.uefa.com/imgml/TP/players/1/2024/324x324/250028211.jpg,2023-24
Rodrygo,Brazil,FORWARD,WINGER,25,2001-01-09,13,1021,5,2,0,0,0,Real Madrid C.F.,RMA,https://img.uefa.com/imgml/TP/teams/logos/240x240/50051.png,250132829,https://img.uefa.com/imgml/TP/players/1/2024/324x324/250132829.jpg,2023-24
Jude Bellingham,England,MIDFIELDER,UNKNOWN,22,2003-06-29,11,993,4,5,0,2,0,Real Madrid C.F.,RMA,https://img.uefa.com/imgml/TP/teams/logos/240x240/50051.png,250128377,https://img.uefa.com/imgml/TP/players/1/2024/324x324/250128377.jpg,2023-24
Nacho,Spain,DEFENDER,CENTRE_BACK,36,1990-01-18,12,981,0,0,0,1,0,Real Madrid C.F.,RMA,https://img.uefa.com/imgml/TP/teams/logos/240x240/50051.png,1900122,https://img.uefa.com/imgml/TP/players/1/2024/324x324/1900122.jpg,2023-24
Achraf Hakimi,Morocco,DEFENDER,WINGER,27,1998-11-04,11,981,1,1,0,4,0,Paris Saint-Germain,PSG,https://img.uefa.com/imgml/TP/teams/logos/240x240/52747.png,250088061,https://img.uefa.com/imgml/TP/players/1/2024/324x324/250088061.jpg,2023-24
Nico Schlotterbeck,Germany,DEFENDER,UNKNOWN,26,1999-12-01,12,976,0,2,0,5,0,Borussia Dortmund,BVB,https://img.uefa.com/imgml/TP/teams/logos/240x240/52758.png,250134856,https://img.uefa.com/imgml/TP/players/1/2024/324x324/250134856.jpg,2023-24
Ousmane Dembélé,France,FORWARD,UNKNOWN,29,1997-05-15,11,954,2,2,0,5,0,Paris Saint-Germain,PSG,https://img.uefa.com/imgml/TP/teams/logos/240x240/52747.png,250066886,https://img.uefa.com/imgml/TP/players/1/2024/324x324/250066886.jpg,2023-24
Gabriel,Brazil,DEFENDER,CENTRE_BACK,28,1997-12-19,10,930,0,0,0,0,0,Arsenal FC,ARS,https://img.uefa.com/imgml/TP/teams/logos/240x240/52280.png,250131901,https://img.uefa.com/imgml/TP/players/1/2024/324x324/250131901.jpg,2023-24
Jan Oblak,Slovenia,GOALKEEPER,GOALKEEPER,33,1993-01-07,10,930,0,0,0,0,0,Atlético de Madrid,ATM,https://img.uefa.com/imgml/TP/teams/logos/240x240/50124.png,250012069,https://img.uefa.com/imgml/TP/players/1/2024/324x324/250012069.jpg,2023-24
Leroy Sané,Germany,MIDFIELDER,WINGER,30,1996-01-11,12,929,2,2,0,1,0,FC Bayern München,BAY,https://img.uefa.com/imgml/TP/teams/logos/240x240/50037.png,250063984,https://img.uefa.com/imgml/TP/players/1/2024/324x324/250063984.jpg,2023-24
Marcel Sabitzer,Austria,MIDFIELDER,ATTACKING_MIDFIELDER,32,1994-03-17,12,929,1,5,0,2,0,Borussia Dortmund,BVB,https://img.uefa.com/imgml/TP/teams/logos/240x240/52758.png,250024349,https://img.uefa.com/imgml/TP/players/1/2024/324x324/250024349.jpg,2023-24
Vitinha,Portugal,MIDFIELDER,UNKNOWN,26,2000-02-13,12,914,2,1,0,2,0,Paris Saint-Germain,PSG,https://img.uefa.com/imgml/TP/teams/logos/240x240/52747.png,250101444,https://img.uefa.com/imgml/TP/players/1/2024/324x324/250101444.jpg,2023-24
Emre Can,Germany,DEFENDER,DEFENSIVE_MIDFIELDER,32,1994-01-12,11,913,0,0,0,4,0,Borussia Dortmund,BVB,https://img.uefa.com/imgml/TP/teams/logos/240x240/52758.png,250017824,https://img.uefa.com/imgml/TP/players/1/2024/324x324/250017824.jpg,2023-24
Warren Zaïre-Emery,France,MIDFIELDER,DEFENSIVE_MIDFIELDER,20,2006-03-08,11,905,1,3,0,1,0,Paris Saint-Germain,PSG,https://img.uefa.com/imgml/TP/teams/logos/240x240/52747.png,250153849,https://img.uefa.com/imgml/TP/players/1/2024/324x324/250153849.jpg,2023-24
Vinícius Júnior,Brazil,FORWARD,UNKNOWN,25,2000-07-12,10,901,6,5,1,3,0,Real Madrid C.F.,RMA,https://img.uefa.com/imgml/TP/teams/logos/240x240/50051.png,250121533,https://img.uefa.com/imgml/TP/players/1/2024/324x324/250121533.jpg,2023-24
William Saliba,France,DEFENDER,CENTRE_BACK,25,2001-03-24,10,901,0,0,0,1,0,Arsenal FC,ARS,https://img.uefa.com/imgml/TP/teams/logos/240x240/52280.png,250127439,https://img.uefa.com/imgml/TP/players/1/2024/324x324/250127439.jpg,2023-24
Marquinhos,Brazil,DEFENDER,CENTRE_BACK,32,1994-05-14,10,900,0,2,0,2,0,Paris Saint-Germain,PSG,https://img.uefa.com/imgml/TP/teams/logos/240x240/52747.png,250064064,https://img.uefa.com/imgml/TP/players/1/2024/324x324/250064064.jpg,2023-24
Julian Ryerson,Norway,DEFENDER,UNKNOWN,28,1997-11-17,10,897,0,0,0,2,0,Borussia Dortmund,BVB,https://img.uefa.com/imgml/TP/teams/logos/240x240/52758.png,250092517,https://img.uefa.com/imgml/TP/players/1/2024/324x324/250092517.jpg,2023-24
Axel Witsel,Belgium,MIDFIELDER,DEFENSIVE_MIDFIELDER,37,1989-01-12,10,887,0,0,0,0,0,Atlético de Madrid,ATM,https://img.uefa.com/imgml/TP/teams/logos/240x240/50124.png,103335,https://img.uefa.com/imgml/TP/players/1/2024/324x324/103335.jpg,2023-24
Jamal Musiala,Germany,MIDFIELDER,UNKNOWN,23,2003-02-26,11,882,2,1,0,1,0,FC Bayern München,BAY,https://img.uefa.com/imgml/TP/teams/logos/240x240/50037.png,250124430,https://img.uefa.com/imgml/TP/players/1/2024/324x324/250124430.jpg,2023-24
Ferland Mendy,France,DEFENDER,FULL_BACK,30,1995-06-08,11,871,0,0,0,1,0,Real Madrid C.F.,RMA,https://img.uefa.com/imgml/TP/teams/logos/240x240/50051.png,250112803,https://img.uefa.com/imgml/TP/players/1/2024/324x324/250112803.jpg,2023-24
Toni Kroos,Germany,MIDFIELDER,CENTRAL_MIDFIELDER,36,1990-01-04,12,861,0,2,0,2,0,Real Madrid C.F.,RMA,https://img.uefa.com/imgml/TP/teams/logos/240x240/50051.png,103147,https://img.uefa.com/imgml/TP/players/1/2024/324x324/103147.jpg,2023-24
Dani Carvajal,Spain,DEFENDER,FULL_BACK,34,1992-01-11,10,846,1,0,0,3,0,Real Madrid C.F.,RMA,https://img.uefa.com/imgml/TP/teams/logos/240x240/50051.png,250024448,https://img.uefa.com/imgml/TP/players/1/2024/324x324/250024448.jpg,2023-24
Lucas Hernández,France,DEFENDER,CENTRE_BACK,30,1996-02-14,11,842,1,0,0,2,0,Paris Saint-Germain,PSG,https://img.uefa.com/imgml/TP/teams/logos/240x240/52747.png,250063803,https://img.uefa.com/imgml/TP/players/1/2024/324x324/250063803.jpg,2023-24
Declan Rice,England,MIDFIELDER,UNKNOWN,27,1999-01-14,10,840,0,0,0,2,0,Arsenal FC,ARS,https://img.uefa.com/imgml/TP/teams/logos/240x240/52280.png,250083732,https://img.uefa.com/imgml/TP/players/1/2024/324x324/250083732.jpg,2023-24
David Raya,Spain,GOALKEEPER,UNKNOWN,30,1995-09-15,9,840,0,0,0,0,0,Arsenal FC,ARS,https://img.uefa.com/imgml/TP/teams/logos/240x240/52280.png,250171278,https://img.uefa.com/imgml/TP/players/1/2024/324x324/250171278.jpg,2023-24
İlkay Gündoğan,Germany,MIDFIELDER,CENTRAL_MIDFIELDER,35,1990-10-24,10,835,0,4,0,1,0,FC Barcelona,BAR,https://img.uefa.com/imgml/TP/teams/logos/240x240/50080.png,250005335,https://img.uefa.com/imgml/TP/players/1/2024/324x324/250005335.jpg,2023-24
Kai Havertz,Germany,MIDFIELDER,STRIKER,26,1999-06-11,10,832,1,0,0,2,0,Arsenal FC,ARS,https://img.uefa.com/imgml/TP/teams/logos/240x240/52280.png,250087938,https://img.uefa.com/imgml/TP/players/1/2024/324x324/250087938.jpg,2023-24
Antoine Griezmann,France,FORWARD,STRIKER,35,1991-03-21,10,821,6,1,0,1,0,Atlético de Madrid,ATM,https://img.uefa.com/imgml/TP/teams/logos/240x240/50124.png,250019498,https://img.uefa.com/imgml/TP/players/1/2024/324x324/250019498.jpg,2023-24
Mario Hermoso,Spain,DEFENDER,UNKNOWN,30,1995-06-18,9,818,1,1,0,3,0,Atlético de Madrid,ATM,https://img.uefa.com/imgml/TP/teams/logos/240x240/50124.png,250063940,https://img.uefa.com/imgml/TP/players/1/2024/324x324/250063940.jpg,2023-24
João Cancelo,Portugal,DEFENDER,FULL_BACK,32,1994-05-27,10,810,2,1,0,1,0,FC Barcelona,BAR,https://img.uefa.com/imgml/TP/teams/logos/240x240/50080.png,250024746,https://img.uefa.com/imgml/TP/players/1/2024/324x324/250024746.jpg,2023-24
Manuel Neuer,Germany,GOALKEEPER,GOALKEEPER,40,1986-03-27,9,810,0,0,0,0,0,FC Bayern München,BAY,https://img.uefa.com/imgml/TP/teams/logos/240x240/50037.png,97923,https://img.uefa.com/imgml/TP/players/1/2024/324x324/97923.jpg,2023-24
Nahuel Molina,Argentina,DEFENDER,UNKNOWN,28,1998-04-06,10,791,0,3,0,1,0,Atlético de Madrid,ATM,https://img.uefa.com/imgml/TP/teams/logos/240x240/50124.png,250172673,https://img.uefa.com/imgml/TP/players/1/2024/324x324/250172673.jpg,2023-24
Eduardo Camavinga,France,MIDFIELDER,DEFENSIVE_MIDFIELDER,23,2002-11-10,11,790,0,1,0,3,0,Real Madrid C.F.,RMA,https://img.uefa.com/imgml/TP/teams/logos/240x240/50051.png,250128270,https://img.uefa.com/imgml/TP/players/1/2024/324x324/250128270.jpg,2023-24
Julian Brandt,Germany,MIDFIELDER,WINGER,30,1996-05-02,12,789,2,2,0,0,0,Borussia Dortmund,BVB,https://img.uefa.com/imgml/TP/teams/logos/240x240/52758.png,250046522,https://img.uefa.com/imgml/TP/players/1/2024/324x324/250046522.jpg,2023-24
Erling Haaland,Norway,FORWARD,UNKNOWN,25,2000-07-21,9,778,6,1,2,0,0,Manchester City,MCI,https://img.uefa.com/imgml/TP/teams/logos/240x240/52919.png,250103758,https://img.uefa.com/imgml/TP/players/1/2024/324x324/250103758.jpg,2023-24
Konrad Laimer,Austria,MIDFIELDER,CENTRAL_MIDFIELDER,29,1997-05-27,11,771,0,1,0,2,0,FC Bayern München,BAY,https://img.uefa.com/imgml/TP/teams/logos/240x240/50037.png,250065413,https://img.uefa.com/imgml/TP/players/1/2024/324x324/250065413.jpg,2023-24
Koke,Spain,MIDFIELDER,CENTRAL_MIDFIELDER,34,1992-01-08,9,771,0,1,0,2,0,Atlético de Madrid,ATM,https://img.uefa.com/imgml/TP/teams/logos/240x240/50124.png,1909917,https://img.uefa.com/imgml/TP/players/1/2024/324x324/1909917.jpg,2023-24
Rúben Dias,Portugal,DEFENDER,CENTRE_BACK,29,1997-05-14,9,766,0,1,0,2,0,Manchester City,MCI,https://img.uefa.com/imgml/TP/teams/logos/240x240/52919.png,250058220,https://img.uefa.com/imgml/TP/players/1/2024/324x324/250058220.jpg,2023-24
Leon Goretzka,Germany,MIDFIELDER,CENTRAL_MIDFIELDER,31,1995-02-06,10,761,0,1,0,2,0,FC Bayern München,BAY,https://img.uefa.com/imgml/TP/teams/logos/240x240/50037.png,250041771,https://img.uefa.com/imgml/TP/players/1/2024/324x324/250041771.jpg,2023-24
Ben White,England,DEFENDER,UNKNOWN,28,1997-10-08,10,754,0,1,0,2,0,Arsenal FC,ARS,https://img.uefa.com/imgml/TP/teams/logos/240x240/52280.png,250156002,https://img.uefa.com/imgml/TP/players/1/2024/324x324/250156002.jpg,2023-24
Martin Ødegaard,Norway,MIDFIELDER,ATTACKING_MIDFIELDER,27,1998-12-17,9,752,2,2,0,0,0,Arsenal FC,ARS,https://img.uefa.com/imgml/TP/teams/logos/240x240/52280.png,250081341,https://img.uefa.com/imgml/TP/players/1/2024/324x324/250081341.jpg,2023-24
Andriy Lunin,Ukraine,GOALKEEPER,GOALKEEPER,27,1999-02-11,8,750,0,0,0,0,0,Real Madrid C.F.,RMA,https://img.uefa.com/imgml/TP/teams/logos/240x240/50051.png,250089824,https://img.uefa.com/imgml/TP/players/1/2024/324x324/250089824.jpg,2023-24
Diogo Costa,Portugal,GOALKEEPER,GOALKEEPER,26,1999-09-19,8,750,0,0,0,0,0,FC Porto,POR,https://img.uefa.com/imgml/TP/teams/logos/240x240/50064.png,250076675,https://img.uefa.com/imgml/TP/players/1/2024/324x324/250076675.jpg,2023-24
Robert Lewandowski,Poland,FORWARD,STRIKER,37,1988-08-21,9,736,3,0,0,1,0,FC Barcelona,BAR,https://img.uefa.com/imgml/TP/teams/logos/240x240/50080.png,250002096,https://img.uefa.com/imgml/TP/players/1/2024/324x324/250002096.jpg,2023-24
Bukayo Saka,England,FORWARD,WINGER,24,2001-09-05,9,725,4,4,0,0,0,Arsenal FC,ARS,https://img.uefa.com/imgml/TP/teams/logos/240x240/52280.png,250106939,https://img.uefa.com/imgml/TP/players/1/2024/324x324/250106939.jpg,2023-24
Giovanni Di Lorenzo,Italy,DEFENDER,FULL_BACK,32,1993-08-04,8,720,1,1,0,0,0,SSC Napoli,NAP,https://img.uefa.com/imgml/TP/teams/logos/240x240/50136.png,250064229,https://img.uefa.com/imgml/TP/players/1/2024/324x324/250064229.jpg,2023-24
Ivan Provedel,Italy,GOALKEEPER,UNKNOWN,32,1994-03-17,8,720,1,0,0,0,0,S.S. Lazio,LAZ,https://img.uefa.com/imgml/TP/teams/logos/240x240/52973.png,250088946,https://img.uefa.com/imgml/TP/players/1/2024/324x324/250088946.jpg,2023-24
Jordan Teze,Netherlands,DEFENDER,FULL_BACK,26,1999-09-30,8,720,1,0,0,0,0,PSV Eindhoven,PSV,https://img.uefa.com/imgml/TP/teams/logos/240x240/50062.png,250088122,https://img.uefa.com/imgml/TP/players/1/2024/324x324/250088122.jpg,2023-24
Jules Koundé,France,DEFENDER,CENTRE_BACK,27,1998-11-12,8,720,0,0,0,1,0,FC Barcelona,BAR,https://img.uefa.com/imgml/TP/teams/logos/240x240/50080.png,250096309,https://img.uefa.com/imgml/TP/players/1/2024/324x324/250096309.jpg,2023-24
Walter Benítez,Argentina,GOALKEEPER,UNKNOWN,33,1993-01-19,8,720,0,0,0,0,0,PSV Eindhoven,PSV,https://img.uefa.com/imgml/TP/teams/logos/240x240/50062.png,250101144,https://img.uefa.com/imgml/TP/players/1/2024/324x324/250101144.jpg,2023-24
Kamil Grabara,Poland,GOALKEEPER,UNKNOWN,27,1999-01-08,8,720,0,0,0,0,0,F.C. Copenhagen,CPH,https://img.uefa.com/imgml/TP/teams/logos/240x240/52709.png,250090273,https://img.uefa.com/imgml/TP/players/1/2024/324x324/250090273.jpg,2023-24
Alex Meret,Italy,GOALKEEPER,GOALKEEPER,29,1997-03-22,8,720,0,0,0,0,0,SSC Napoli,NAP,https://img.uefa.com/imgml/TP/teams/logos/240x240/50136.png,250066753,https://img.uefa.com/imgml/TP/players/1/2024/324x324/250066753.jpg,2023-24
Álex Remiro,Spain,GOALKEEPER,GOALKEEPER,31,1995-03-24,8,720,0,0,0,0,0,Real Sociedad de Fútbol,RSO,https://img.uefa.com/imgml/TP/teams/logos/240x240/50123.png,250066244,https://img.uefa.com/imgml/TP/players/1/2024/324x324/250066244.jpg,2023-24
Marc-André ter Stegen,Germany,GOALKEEPER,GOALKEEPER,34,1992-04-30,8,720,0,0,0,0,0,FC Barcelona,BAR,https://img.uefa.com/imgml/TP/teams/logos/240x240/50080.png,250007631,https://img.uefa.com/imgml/TP/players/1/2024/324x324/250007631.jpg,2023-24
Martin Zubimendi,Spain,MIDFIELDER,DEFENSIVE_MIDFIELDER,27,1999-02-02,8,713,0,0,0,0,0,Real Sociedad de Fútbol,RSO,https://img.uefa.com/imgml/TP/teams/logos/240x240/50123.png,250143679,https://img.uefa.com/imgml/TP/players/1/2024/324x324/250143679.jpg,2023-24
Karim Adeyemi,Germany,FORWARD,STRIKER,24,2002-01-18,12,709,2,1,0,0,0,Borussia Dortmund,BVB,https://img.uefa.com/imgml/TP/teams/logos/240x240/52758.png,250127347,https://img.uefa.com/imgml/TP/players/1/2024/324x324/250127347.jpg,2023-24
Kevin Diks,Indonesia,DEFENDER,FULL_BACK,29,1996-10-06,8,708,0,0,0,2,0,F.C. Copenhagen,CPH,https://img.uefa.com/imgml/TP/teams/logos/240x240/52709.png,250078678,https://img.uefa.com/imgml/TP/players/1/2024/324x324/250078678.jpg,2023-24
Denis Vavro,Slovakia,DEFENDER,CENTRE_BACK,30,1996-04-10,8,708,0,0,0,2,0,F.C. Copenhagen,CPH,https://img.uefa.com/imgml/TP/teams/logos/240x240/52709.png,250058731,https://img.uefa.com/imgml/TP/players/1/2024/324x324/250058731.jpg,2023-24
Alan Varela,Argentina,MIDFIELDER,UNKNOWN,24,2001-07-04,8,706,0,0,0,0,0,FC Porto,POR,https://img.uefa.com/imgml/TP/teams/logos/240x240/50064.png,250188256,https://img.uefa.com/imgml/TP/players/1/2024/324x324/250188256.jpg,2023-24
Alphonso Davies,Canada,MIDFIELDER,FULL_BACK,25,2000-11-02,10,704,1,0,0,3,0,FC Bayern München,BAY,https://img.uefa.com/imgml/TP/teams/logos/240x240/50037.png,250128120,https://img.uefa.com/imgml/TP/players/1/2024/324x324/250128120.jpg,2023-24
Rodri,Spain,MIDFIELDER,DEFENSIVE_MIDFIELDER,29,1996-06-22,8,697,1,2,0,2,0,Manchester City,MCI,https://img.uefa.com/imgml/TP/teams/logos/240x240/52919.png,250082664,https://img.uefa.com/imgml/TP/players/1/2024/324x324/250082664.jpg,2023-24
Igor Zubeldia,Spain,MIDFIELDER,CENTRAL_MIDFIELDER,29,1997-03-30,8,693,0,0,0,3,0,Real Sociedad de Fútbol,RSO,https://img.uefa.com/imgml/TP/teams/logos/240x240/50123.png,250112514,https://img.uefa.com/imgml/TP/players/1/2024/324x324/250112514.jpg,2023-24
Mohamed Elyounoussi,Norway,FORWARD,WINGER,31,1994-08-04,8,686,3,0,0,0,0,F.C. Copenhagen,CPH,https://img.uefa.com/imgml/TP/teams/logos/240x240/52709.png,250055967,https://img.uefa.com/imgml/TP/players/1/2024/324x324/250055967.jpg,2023-24
Phil Foden,England,MIDFIELDER,UNKNOWN,26,2000-05-28,8,684,5,3,0,0,0,Manchester City,MCI,https://img.uefa.com/imgml/TP/teams/logos/240x240/52919.png,250101534,https://img.uefa.com/imgml/TP/players/1/2024/324x324/250101534.jpg,2023-24
Stanislav Lobotka,Slovakia,MIDFIELDER,DEFENSIVE_MIDFIELDER,31,1994-11-25,8,681,0,0,0,0,0,SSC Napoli,NAP,https://img.uefa.com/imgml/TP/teams/logos/240x240/50136.png,250055982,https://img.uefa.com/imgml/TP/players/1/2024/324x324/250055982.jpg,2023-24
Khvicha Kvaratskhelia,Georgia,FORWARD,UNKNOWN,25,2001-02-12,8,672,0,1,0,0,0,SSC Napoli,NAP,https://img.uefa.com/imgml/TP/teams/logos/240x240/50136.png,250101808,https://img.uefa.com/imgml/TP/players/1/2024/324x324/250101808.jpg,2023-24
Álvaro Morata,Spain,FORWARD,STRIKER,33,1992-10-23,10,667,5,0,0,2,0,Atlético de Madrid,ATM,https://img.uefa.com/imgml/TP/teams/logos/240x240/50124.png,250024456,https://img.uefa.com/imgml/TP/players/1/2024/324x324/250024456.jpg,2023-24
Manuel Akanji,Switzerland,DEFENDER,UNKNOWN,30,1995-07-19,8,667,2,0,0,2,0,Manchester City,MCI,https://img.uefa.com/imgml/TP/teams/logos/240x240/52919.png,250085369,https://img.uefa.com/imgml/TP/players/1/2024/324x324/250085369.jpg,2023-24
Pepe,Portugal,DEFENDER,CENTRE_BACK,43,1983-02-26,7,660,2,0,0,1,0,FC Porto,POR,https://img.uefa.com/imgml/TP/teams/logos/240x240/50064.png,95417,https://img.uefa.com/imgml/TP/players/1/2024/324x324/95417.jpg,2023-24
Yann Sommer,Switzerland,GOALKEEPER,GOALKEEPER,37,1988-12-17,7,660,0,0,0,0,0,FC Internazionale Milano,INT,https://img.uefa.com/imgml/TP/teams/logos/240x240/50138.png,97746,https://img.uefa.com/imgml/TP/players/1/2024/324x324/97746.jpg,2023-24
Ederson,Brazil,GOALKEEPER,UNKNOWN,32,1993-08-17,7,660,0,0,0,0,0,Manchester City,MCI,https://img.uefa.com/imgml/TP/teams/logos/240x240/52919.png,250073809,https://img.uefa.com/imgml/TP/players/1/2024/324x324/250073809.jpg,2023-24
Ronald Araújo,Uruguay,DEFENDER,UNKNOWN,27,1999-03-07,8,659,0,0,0,2,1,FC Barcelona,BAR,https://img.uefa.com/imgml/TP/teams/logos/240x240/50080.png,250134170,https://img.uefa.com/imgml/TP/players/1/2024/324x324/250134170.jpg,2023-24
Minjae Kim,Korea Republic,DEFENDER,UNKNOWN,29,1996-11-15,9,658,0,0,0,1,0,FC Bayern München,BAY,https://img.uefa.com/imgml/TP/teams/logos/240x240/50037.png,250162325,https://img.uefa.com/imgml/TP/players/1/2024/324x324/250162325.jpg,2023-24
Johan Bakayoko,Belgium,FORWARD,UNKNOWN,23,2003-04-20,8,653,1,1,0,0,0,PSV Eindhoven,PSV,https://img.uefa.com/imgml/TP/teams/logos/240x240/50062.png,250130406,https://img.uefa.com/imgml/TP/players/1/2024/324x324/250130406.jpg,2023-24
Galeno,Brazil,FORWARD,STRIKER,28,1997-10-22,7,651,5,4,0,0,0,FC Porto,POR,https://img.uefa.com/imgml/TP/teams/logos/240x240/50064.png,250121327,https://img.uefa.com/imgml/TP/players/1/2024/324x324/250121327.jpg,2023-24
Marcos Llorente,Spain,MIDFIELDER,UNKNOWN,31,1995-01-30,9,649,0,2,0,1,0,Atlético de Madrid,ATM,https://img.uefa.com/imgml/TP/teams/logos/240x240/50124.png,250079670,https://img.uefa.com/imgml/TP/players/1/2024/324x324/250079670.jpg,2023-24
Noussair Mazraoui,Morocco,DEFENDER,FULL_BACK,28,1997-11-14,8,649,0,0,0,1,0,FC Bayern München,BAY,https://img.uefa.com/imgml/TP/teams/logos/240x240/50037.png,250075995,https://img.uefa.com/imgml/TP/players/1/2024/324x324/250075995.jpg,2023-24
Luis Alberto,Spain,MIDFIELDER,ATTACKING_MIDFIELDER,33,1992-09-28,8,646,0,1,0,1,0,S.S. Lazio,LAZ,https://img.uefa.com/imgml/TP/teams/logos/240x240/52973.png,250020654,https://img.uefa.com/imgml/TP/players/1/2024/324x324/250020654.jpg,2023-24
Sergiño Dest,USA,DEFENDER,FULL_BACK,25,2000-11-03,8,646,0,1,0,0,0,PSV Eindhoven,PSV,https://img.uefa.com/imgml/TP/teams/logos/240x240/50062.png,250112998,https://img.uefa.com/imgml/TP/players/1/2024/324x324/250112998.jpg,2023-24
Pepê,Brazil,FORWARD,UNKNOWN,29,1997-02-24,7,643,1,2,0,2,0,FC Porto,POR,https://img.uefa.com/imgml/TP/teams/logos/240x240/50064.png,250159919,https://img.uefa.com/imgml/TP/players/1/2024/324x324/250159919.jpg,2023-24
Mikel Merino,Spain,MIDFIELDER,CENTRAL_MIDFIELDER,29,1996-06-22,7,630,2,1,0,2,0,Real Sociedad de Fútbol,RSO,https://img.uefa.com/imgml/TP/teams/logos/240x240/50123.png,250080572,https://img.uefa.com/imgml/TP/players/1/2024/324x324/250080572.jpg,2023-24
David Raum,Germany,DEFENDER,UNKNOWN,28,1998-04-22,7,630,1,2,0,2,0,RB Leipzig,RBL,https://img.uefa.com/imgml/TP/teams/logos/240x240/2603790.png,250110361,https://img.uefa.com/imgml/TP/players/1/2024/324x324/250110361.jpg,2023-24
Ian Maatsen,Netherlands,DEFENDER,UNKNOWN,24,2002-03-10,7,630,1,0,0,3,0,Borussia Dortmund,BVB,https://img.uefa.com/imgml/TP/teams/logos/240x240/52758.png,250117581,https://img.uefa.com/imgml/TP/players/1/2024/324x324/250117581.jpg,2023-24
Rasmus Falk,Denmark,FORWARD,WINGER,34,1992-01-15,7,630,0,1,0,2,0,F.C. Copenhagen,CPH,https://img.uefa.com/imgml/TP/teams/logos/240x240/52709.png,250004106,https://img.uefa.com/imgml/TP/players/1/2024/324x324/250004106.jpg,2023-24
Frank Anguissa,Cameroon,MIDFIELDER,CENTRAL_MIDFIELDER,30,1995-11-16,7,628,1,1,0,1,0,SSC Napoli,NAP,https://img.uefa.com/imgml/TP/teams/logos/240x240/50136.png,250086987,https://img.uefa.com/imgml/TP/players/1/2024/324x324/250086987.jpg,2023-24
Luuk de Jong,Netherlands,FORWARD,STRIKER,35,1990-08-27,7,627,3,0,2,1,0,PSV Eindhoven,PSV,https://img.uefa.com/imgml/TP/teams/logos/240x240/50062.png,250005343,https://img.uefa.com/imgml/TP/players/1/2024/324x324/250005343.jpg,2023-24
Xaver Schlager,Austria,MIDFIELDER,CENTRAL_MIDFIELDER,28,1997-09-28,8,624,1,2,0,2,0,RB Leipzig,RBL,https://img.uefa.com/imgml/TP/teams/logos/240x240/2603790.png,250065408,https://img.uefa.com/imgml/TP/players/1/2024/324x324/250065408.jpg,2023-24
Jerdy Schouten,Netherlands,MIDFIELDER,UNKNOWN,29,1997-01-12,7,622,0,0,0,1,0,PSV Eindhoven,PSV,https://img.uefa.com/imgml/TP/teams/logos/240x240/50062.png,250172787,https://img.uefa.com/imgml/TP/players/1/2024/324x324/250172787.jpg,2023-24
Fabián Ruiz,Spain,MIDFIELDER,CENTRAL_MIDFIELDER,30,1996-04-03,9,621,0,2,0,2,0,Paris Saint-Germain,PSG,https://img.uefa.com/imgml/TP/teams/logos/240x240/52747.png,250115436,https://img.uefa.com/imgml/TP/players/1/2024/324x324/250115436.jpg,2023-24
Castello Lukeba,France,DEFENDER,UNKNOWN,23,2002-12-17,7,620,0,0,0,1,0,RB Leipzig,RBL,https://img.uefa.com/imgml/TP/teams/logos/240x240/2603790.png,250124068,https://img.uefa.com/imgml/TP/players/1/2024/324x324/250124068.jpg,2023-24
Rodrigo De Paul,Argentina,MIDFIELDER,UNKNOWN,32,1994-05-24,8,616,1,0,0,2,1,Atlético de Madrid,ATM,https://img.uefa.com/imgml/TP/teams/logos/240x240/50124.png,250086037,https://img.uefa.com/imgml/TP/players/1/2024/324x324/250086037.jpg,2023-24
Olivier Boscagli,France,DEFENDER,CENTRE_BACK,28,1997-11-18,7,613,0,0,0,2,0,PSV Eindhoven,PSV,https://img.uefa.com/imgml/TP/teams/logos/240x240/50062.png,250068808,https://img.uefa.com/imgml/TP/players/1/2024/324x324/250068808.jpg,2023-24
Aurélien Tchouaméni,France,MIDFIELDER,CENTRAL_MIDFIELDER,26,2000-01-27,8,603,0,0,0,3,0,Real Madrid C.F.,RMA,https://img.uefa.com/imgml/TP/teams/logos/240x240/50051.png,250105244,https://img.uefa.com/imgml/TP/players/1/2024/324x324/250105244.jpg,2023-24
Mohamed Simakan,France,DEFENDER,UNKNOWN,26,2000-05-03,7,599,1,0,0,3,0,RB Leipzig,RBL,https://img.uefa.com/imgml/TP/teams/logos/240x240/2603790.png,250132434,https://img.uefa.com/imgml/TP/players/1/2024/324x324/250132434.jpg,2023-24
Xavi Simons,Netherlands,MIDFIELDER,UNKNOWN,23,2003-04-21,8,598,2,2,0,1,0,RB Leipzig,RBL,https://img.uefa.com/imgml/TP/teams/logos/240x240/2603790.png,250128451,https://img.uefa.com/imgml/TP/players/1/2024/324x324/250128451.jpg,2023-24
João Mário,Portugal,DEFENDER,UNKNOWN,26,2000-01-03,8,594,0,1,0,2,0,FC Porto,POR,https://img.uefa.com/imgml/TP/teams/logos/240x240/50064.png,250113343,https://img.uefa.com/imgml/TP/players/1/2024/324x324/250113343.jpg,2023-24
Mikel Oyarzabal,Spain,MIDFIELDER,STRIKER,29,1997-04-21,7,587,2,0,0,0,0,Real Sociedad de Fútbol,RSO,https://img.uefa.com/imgml/TP/teams/logos/240x240/50123.png,250097180,https://img.uefa.com/imgml/TP/players/1/2024/324x324/250097180.jpg,2023-24
Elias Jelert,Denmark,DEFENDER,UNKNOWN,22,2003-06-12,7,587,0,0,0,3,1,F.C. Copenhagen,CPH,https://img.uefa.com/imgml/TP/teams/logos/240x240/52709.png,250159445,https://img.uefa.com/imgml/TP/players/1/2024/324x324/250159445.jpg,2023-24
Matteo Politano,Italy,FORWARD,WINGER,32,1993-08-03,8,582,1,2,0,1,0,SSC Napoli,NAP,https://img.uefa.com/imgml/TP/teams/logos/240x240/50136.png,250050381,https://img.uefa.com/imgml/TP/players/1/2024/324x324/250050381.jpg,2023-24
Lamine Yamal,Spain,FORWARD,UNKNOWN,18,2007-07-13,10,579,0,2,0,2,0,FC Barcelona,BAR,https://img.uefa.com/imgml/TP/teams/logos/240x240/50080.png,250176450,https://img.uefa.com/imgml/TP/players/1/2024/324x324/250176450.jpg,2023-24
Joey Veerman,Netherlands,MIDFIELDER,UNKNOWN,27,1998-11-19,7,579,0,0,0,1,0,PSV Eindhoven,PSV,https://img.uefa.com/imgml/TP/teams/logos/240x240/50062.png,250105890,https://img.uefa.com/imgml/TP/players/1/2024/324x324/250105890.jpg,2023-24
Robin Le Normand,Spain,DEFENDER,CENTRE_BACK,29,1996-11-11,7,573,0,0,0,2,0,Real Sociedad de Fútbol,RSO,https://img.uefa.com/imgml/TP/teams/logos/240x240/50123.png,250112513,https://img.uefa.com/imgml/TP/players/1/2024/324x324/250112513.jpg,2023-24
Joško Gvardiol,Croatia,DEFENDER,CENTRE_BACK,24,2002-01-23,6,569,1,1,0,1,0,Manchester City,MCI,https://img.uefa.com/imgml/TP/teams/logos/240x240/52919.png,250127284,https://img.uefa.com/imgml/TP/players/1/2024/324x324/250127284.jpg,2023-24
Takefusa Kubo,Japan,FORWARD,WINGER,25,2001-06-04,8,563,0,0,0,2,0,Real Sociedad de Fútbol,RSO,https://img.uefa.com/imgml/TP/teams/logos/240x240/50123.png,250147279,https://img.uefa.com/imgml/TP/players/1/2024/324x324/250147279.jpg,2023-24
Jadon Sancho,England,MIDFIELDER,WINGER,26,2000-03-25,7,563,1,0,0,0,0,Borussia Dortmund,BVB,https://img.uefa.com/imgml/TP/teams/logos/240x240/52758.png,250102216,https://img.uefa.com/imgml/TP/players/1/2024/324x324/250102216.jpg,2023-24
Loïs Openda,Belgium,FORWARD,STRIKER,26,2000-02-16,8,558,4,0,0,0,0,RB Leipzig,RBL,https://img.uefa.com/imgml/TP/teams/logos/240x240/2603790.png,250096954,https://img.uefa.com/imgml/TP/players/1/2024/324x324/250096954.jpg,2023-24
Elias Achouri,Tunisia,FORWARD,WINGER,27,1999-02-10,8,557,0,1,0,0,0,F.C. Copenhagen,CPH,https://img.uefa.com/imgml/TP/teams/logos/240x240/52709.png,250132393,https://img.uefa.com/imgml/TP/players/1/2024/324x324/250132393.jpg,2023-24
Amir Rrahmani,Kosovo,DEFENDER,CENTRE_BACK,32,1994-02-24,7,553,1,0,0,1,0,SSC Napoli,NAP,https://img.uefa.com/imgml/TP/teams/logos/240x240/50136.png,250059233,https://img.uefa.com/imgml/TP/players/1/2024/324x324/250059233.jpg,2023-24
Rico Lewis,England,DEFENDER,UNKNOWN,21,2004-11-21,7,548,0,2,0,0,0,Manchester City,MCI,https://img.uefa.com/imgml/TP/teams/logos/240x240/52919.png,250139207,https://img.uefa.com/imgml/TP/players/1/2024/324x324/250139207.jpg,2023-24
Felipe Anderson,Brazil,MIDFIELDER,WINGER,33,1993-04-15,8,546,0,1,0,0,0,S.S. Lazio,LAZ,https://img.uefa.com/imgml/TP/teams/logos/240x240/52973.png,250064178,https://img.uefa.com/imgml/TP/players/1/2024/324x324/250064178.jpg,2023-24
Mehdi Taremi,Iran,FORWARD,STRIKER,33,1992-07-18,7,545,2,2,0,0,0,FC Porto,POR,https://img.uefa.com/imgml/TP/teams/logos/240x240/50064.png,250097909,https://img.uefa.com/imgml/TP/players/1/2024/324x324/250097909.jpg,2023-24
Lukas Lerager,Denmark,MIDFIELDER,CENTRAL_MIDFIELDER,32,1993-07-12,6,540,3,1,0,4,1,F.C. Copenhagen,CPH,https://img.uefa.com/imgml/TP/teams/logos/240x240/52709.png,250059199,https://img.uefa.com/imgml/TP/players/1/2024/324x324/250059199.jpg,2023-24
Bruno Fernandes,Portugal,MIDFIELDER,ATTACKING_MIDFIELDER,31,1994-09-08,6,540,2,2,1,2,0,Manchester United,MUN,https://img.uefa.com/imgml/TP/teams/logos/240x240/52682.png,250078886,https://img.uefa.com/imgml/TP/players/1/2024/324x324/250078886.jpg,2023-24
Nemanja Gudelj,Serbia,MIDFIELDER,CENTRAL_MIDFIELDER,34,1991-11-16,6,540,2,0,0,1,0,Sevilla FC,SEV,https://img.uefa.com/imgml/TP/teams/logos/240x240/52714.png,1909874,https://img.uefa.com/imgml/TP/players/1/2024/324x324/1909874.jpg,2023-24
Arthur Vermeeren,Belgium,MIDFIELDER,UNKNOWN,21,2005-02-07,6,540,1,2,0,1,0,Atlético de Madrid,ATM,https://img.uefa.com/imgml/TP/teams/logos/240x240/50124.png,250166930,https://img.uefa.com/imgml/TP/players/1/2024/324x324/250166930.jpg,2023-24
Sacha Boey,France,DEFENDER,FULL_BACK,25,2000-09-13,6,540,1,0,0,2,0,FC Bayern München,BAY,https://img.uefa.com/imgml/TP/teams/logos/240x240/50037.png,250136348,https://img.uefa.com/imgml/TP/players/1/2024/324x324/250136348.jpg,2023-24
Fabian Schär,Switzerland,DEFENDER,CENTRE_BACK,34,1991-12-20,6,540,1,0,0,2,0,Newcastle United FC,NEW,https://img.uefa.com/imgml/TP/teams/logos/240x240/59324.png,250050401,https://img.uefa.com/imgml/TP/players/1/2024/324x324/250050401.jpg,2023-24
Georgiy Sudakov,Ukraine,MIDFIELDER,ATTACKING_MIDFIELDER,23,2002-09-01,6,540,1,0,0,1,0,FC Shakhtar Donetsk,SHK,https://img.uefa.com/imgml/TP/teams/logos/240x240/52707.png,250119181,https://img.uefa.com/imgml/TP/players/1/2024/324x324/250119181.jpg,2023-24
Dávid Hancko,Slovakia,DEFENDER,CENTRE_BACK,28,1997-12-13,6,540,1,0,0,0,0,Feyenoord,FEY,https://img.uefa.com/imgml/TP/teams/logos/240x240/52749.png,250092668,https://img.uefa.com/imgml/TP/players/1/2024/324x324/250092668.jpg,2023-24
Bruno Guimarães,Brazil,MIDFIELDER,UNKNOWN,28,1997-11-16,6,540,0,1,0,2,0,Newcastle United FC,NEW,https://img.uefa.com/imgml/TP/teams/logos/240x240/59324.png,250138893,https://img.uefa.com/imgml/TP/players/1/2024/324x324/250138893.jpg,2023-24
Alessio Romagnoli,Italy,DEFENDER,CENTRE_BACK,31,1995-01-12,6,540,0,1,0,2,0,S.S. Lazio,LAZ,https://img.uefa.com/imgml/TP/teams/logos/240x240/52973.png,250047045,https://img.uefa.com/imgml/TP/players/1/2024/324x324/250047045.jpg,2023-24
Nicolás Otamendi,Argentina,DEFENDER,UNKNOWN,38,1988-02-12,6,540,0,1,0,1,0,SL Benfica,BEN,https://img.uefa.com/imgml/TP/teams/logos/240x240/50147.png,250017040,https://img.uefa.com/imgml/TP/players/1/2024/324x324/250017040.jpg,2023-24
Theo Hernández,France,DEFENDER,FULL_BACK,28,1997-10-06,6,540,0,1,0,0,0,AC Milan,MIL,https://img.uefa.com/imgml/TP/teams/logos/240x240/50058.png,250076126,https://img.uefa.com/imgml/TP/players/1/2024/324x324/250076126.jpg,2023-24
Fredrik Aursnes,Norway,MIDFIELDER,DEFENSIVE_MIDFIELDER,30,1995-12-10,6,540,0,1,0,0,0,SL Benfica,BEN,https://img.uefa.com/imgml/TP/teams/logos/240x240/50147.png,250061027,https://img.uefa.com/imgml/TP/players/1/2024/324x324/250061027.jpg,2023-24
Greg Taylor,Scotland,DEFENDER,FULL_BACK,28,1997-11-05,6,540,0,0,0,3,0,Celtic FC,CEL,https://img.uefa.com/imgml/TP/teams/logos/240x240/50050.png,250112842,https://img.uefa.com/imgml/TP/players/1/2024/324x324/250112842.jpg,2023-24
Alistair Johnston,Canada,DEFENDER,UNKNOWN,27,1998-10-08,6,540,0,0,0,2,0,Celtic FC,CEL,https://img.uefa.com/imgml/TP/teams/logos/240x240/50050.png,250181680,https://img.uefa.com/imgml/TP/players/1/2024/324x324/250181680.jpg,2023-24
Nasser Djiga,Burkina Faso,DEFENDER,UNKNOWN,23,2002-11-15,6,540,0,0,0,2,0,FK Crvena Zvezda,ZVE,https://img.uefa.com/imgml/TP/teams/logos/240x240/50069.png,250158476,https://img.uefa.com/imgml/TP/players/1/2024/324x324/250158476.jpg,2023-24
Kevin Danso,Austria,DEFENDER,UNKNOWN,27,1998-09-19,6,540,0,0,0,2,0,RC Lens,LEN,https://img.uefa.com/imgml/TP/teams/logos/240x240/52277.png,250081703,https://img.uefa.com/imgml/TP/players/1/2024/324x324/250081703.jpg,2023-24
Quilindschy Hartman,Netherlands,DEFENDER,FULL_BACK,24,2001-11-14,6,540,0,0,0,1,0,Feyenoord,FEY,https://img.uefa.com/imgml/TP/teams/logos/240x240/52749.png,250147956,https://img.uefa.com/imgml/TP/players/1/2024/324x324/250147956.jpg,2023-24
Soumaïla Coulibaly,France,DEFENDER,UNKNOWN,22,2003-10-14,6,540,0,0,0,1,0,Royal Antwerp FC,ANT,https://img.uefa.com/imgml/TP/teams/logos/240x240/50113.png,250135672,https://img.uefa.com/imgml/TP/players/1/2024/324x324/250135672.jpg,2023-24
Amar Dedić,Bosnia and Herzegovina,DEFENDER,UNKNOWN,23,2002-08-18,6,540,0,0,0,1,0,FC Salzburg,SAL,https://img.uefa.com/imgml/TP/teams/logos/240x240/50030.png,250126449,https://img.uefa.com/imgml/TP/players/1/2024/324x324/250126449.jpg,2023-24
Dmytro Riznyk,Ukraine,GOALKEEPER,GOALKEEPER,27,1999-01-30,6,540,0,0,0,1,0,FC Shakhtar Donetsk,SHK,https://img.uefa.com/imgml/TP/teams/logos/240x240/52707.png,250121017,https://img.uefa.com/imgml/TP/players/1/2024/324x324/250121017.jpg,2023-24
Anatoliy Trubin,Ukraine,GOALKEEPER,GOALKEEPER,24,2001-08-01,6,540,0,0,0,1,0,SL Benfica,BEN,https://img.uefa.com/imgml/TP/teams/logos/240x240/50147.png,250113444,https://img.uefa.com/imgml/TP/players/1/2024/324x324/250113444.jpg,2023-24
Lutsharel Geertruida,Netherlands,DEFENDER,CENTRE_BACK,25,2000-07-18,6,540,0,0,0,1,0,Feyenoord,FEY,https://img.uefa.com/imgml/TP/teams/logos/240x240/52749.png,250104075,https://img.uefa.com/imgml/TP/players/1/2024/324x324/250104075.jpg,2023-24
Diogo Leite,Portugal,DEFENDER,CENTRE_BACK,27,1999-01-23,6,540,0,0,0,1,0,1. FC Union Berlin,UBE,https://img.uefa.com/imgml/TP/teams/logos/240x240/77977.png,250088075,https://img.uefa.com/imgml/TP/players/1/2024/324x324/250088075.jpg,2023-24
Brice Samba,France,GOALKEEPER,UNKNOWN,32,1994-04-25,6,540,0,0,0,1,0,RC Lens,LEN,https://img.uefa.com/imgml/TP/teams/logos/240x240/52277.png,250059123,https://img.uefa.com/imgml/TP/players/1/2024/324x324/250059123.jpg,2023-24
Alexander Schlager,Austria,GOALKEEPER,GOALKEEPER,30,1996-02-01,6,540,0,0,0,1,0,FC Salzburg,SAL,https://img.uefa.com/imgml/TP/teams/logos/240x240/50030.png,250055899,https://img.uefa.com/imgml/TP/players/1/2024/324x324/250055899.jpg,2023-24
Abdülkerim Bardakcı,Türkiye,DEFENDER,CENTRE_BACK,31,1994-09-07,6,540,0,0,0,1,0,Galatasaray A.Ş.,GAL,https://img.uefa.com/imgml/TP/teams/logos/240x240/50067.png,250043129,https://img.uefa.com/imgml/TP/players/1/2024/324x324/250043129.jpg,2023-24
Aleksandar Dragović,Austria,DEFENDER,CENTRE_BACK,35,1991-03-06,6,540,0,0,0,1,0,FK Crvena Zvezda,ZVE,https://img.uefa.com/imgml/TP/teams/logos/240x240/50069.png,1909713,https://img.uefa.com/imgml/TP/players/1/2024/324x324/1909713.jpg,2023-24
João Neves,Portugal,MIDFIELDER,UNKNOWN,21,2004-09-27,6,540,0,0,0,0,0,SL Benfica,BEN,https://img.uefa.com/imgml/TP/teams/logos/240x240/50147.png,250164991,https://img.uefa.com/imgml/TP/players/1/2024/324x324/250164991.jpg,2023-24
Liam Scales,Republic of Ireland,DEFENDER,UNKNOWN,27,1998-08-08,6,540,0,0,0,0,0,Celtic FC,CEL,https://img.uefa.com/imgml/TP/teams/logos/240x240/50050.png,250129446,https://img.uefa.com/imgml/TP/players/1/2024/324x324/250129446.jpg,2023-24
Matheus,Brazil,GOALKEEPER,GOALKEEPER,34,1992-03-29,6,540,0,0,0,0,0,SC Braga,BRA,https://img.uefa.com/imgml/TP/teams/logos/240x240/52336.png,250087291,https://img.uefa.com/imgml/TP/players/1/2024/324x324/250087291.jpg,2023-24
Omri Glazer,Israel,GOALKEEPER,UNKNOWN,30,1996-03-11,6,540,0,0,0,0,0,FK Crvena Zvezda,ZVE,https://img.uefa.com/imgml/TP/teams/logos/240x240/50069.png,250080461,https://img.uefa.com/imgml/TP/players/1/2024/324x324/250080461.jpg,2023-24
André Onana,Cameroon,GOALKEEPER,GOALKEEPER,30,1996-04-02,6,540,0,0,0,0,0,Manchester United,MUN,https://img.uefa.com/imgml/TP/teams/logos/240x240/52682.png,250076171,https://img.uefa.com/imgml/TP/players/1/2024/324x324/250076171.jpg,2023-24
Frederik Rønnow,Denmark,GOALKEEPER,GOALKEEPER,33,1992-08-04,6,540,0,0,0,0,0,1. FC Union Berlin,UBE,https://img.uefa.com/imgml/TP/teams/logos/240x240/77977.png,250023709,https://img.uefa.com/imgml/TP/players/1/2024/324x324/250023709.jpg,2023-24
Fernando Muslera,Uruguay,GOALKEEPER,GOALKEEPER,39,1986-06-16,6,540,0,0,0,0,0,Galatasaray A.Ş.,GAL,https://img.uefa.com/imgml/TP/teams/logos/240x240/50067.png,1905755,https://img.uefa.com/imgml/TP/players/1/2024/324x324/1905755.jpg,2023-24
Joe Hart,Unknown,GOALKEEPER,GOALKEEPER,39,1987-04-19,6,540,0,0,0,0,0,Celtic FC,CEL,https://img.uefa.com/imgml/TP/teams/logos/240x240/50050.png,104231,https://img.uefa.com/imgml/TP/players/1/2024/324x324/104231.jpg,2023-24
Milan Škriniar,Slovakia,DEFENDER,CENTRE_BACK,31,1995-02-11,6,539,1,0,0,2,0,Paris Saint-Germain,PSG,https://img.uefa.com/imgml/TP/teams/logos/240x240/52747.png,250041563,https://img.uefa.com/imgml/TP/players/1/2024/324x324/250041563.jpg,2023-24
Fikayo Tomori,England,DEFENDER,CENTRE_BACK,28,1997-12-19,6,539,0,0,0,2,0,AC Milan,MIL,https://img.uefa.com/imgml/TP/teams/logos/240x240/50058.png,250067630,https://img.uefa.com/imgml/TP/players/1/2024/324x324/250067630.jpg,2023-24
Bernardo Silva,Portugal,MIDFIELDER,ATTACKING_MIDFIELDER,31,1994-08-10,8,536,2,0,0,1,0,Manchester City,MCI,https://img.uefa.com/imgml/TP/teams/logos/240x240/52919.png,250059115,https://img.uefa.com/imgml/TP/players/1/2024/324x324/250059115.jpg,2023-24
Leandro Trossard,Belgium,MIDFIELDER,WINGER,31,1994-12-04,9,535,4,1,0,0,0,Arsenal FC,ARS,https://img.uefa.com/imgml/TP/teams/logos/240x240/52280.png,250023009,https://img.uefa.com/imgml/TP/players/1/2024/324x324/250023009.jpg,2023-24
Diogo Gonçalves,Portugal,FORWARD,WINGER,29,1997-02-06,7,535,2,1,1,1,0,F.C. Copenhagen,CPH,https://img.uefa.com/imgml/TP/teams/logos/240x240/52709.png,250076224,https://img.uefa.com/imgml/TP/players/1/2024/324x324/250076224.jpg,2023-24
Oleksandr Zubkov,Ukraine,MIDFIELDER,CENTRAL_MIDFIELDER,29,1996-08-03,6,535,0,2,0,0,0,FC Shakhtar Donetsk,SHK,https://img.uefa.com/imgml/TP/teams/logos/240x240/52707.png,250064446,https://img.uefa.com/imgml/TP/players/1/2024/324x324/250064446.jpg,2023-24
Cheikh Niasse,Senegal,MIDFIELDER,DEFENSIVE_MIDFIELDER,26,2000-01-19,6,535,0,1,0,1,0,BSC Young Boys,YB,https://img.uefa.com/imgml/TP/teams/logos/240x240/50031.png,250132886,https://img.uefa.com/imgml/TP/players/1/2024/324x324/250132886.jpg,2023-24
Jack Grealish,England,MIDFIELDER,UNKNOWN,30,1995-09-10,8,534,0,2,0,1,0,Manchester City,MCI,https://img.uefa.com/imgml/TP/teams/logos/240x240/52919.png,250042329,https://img.uefa.com/imgml/TP/players/1/2024/324x324/250042329.jpg,2023-24
Stephen Eustáquio,Canada,MIDFIELDER,UNKNOWN,29,1996-12-21,8,533,1,0,0,1,0,FC Porto,POR,https://img.uefa.com/imgml/TP/teams/logos/240x240/50064.png,250116817,https://img.uefa.com/imgml/TP/players/1/2024/324x324/250116817.jpg,2023-24
Lautaro Martínez,Argentina,FORWARD,STRIKER,28,1997-08-22,8,531,2,1,1,2,0,FC Internazionale Milano,INT,https://img.uefa.com/imgml/TP/teams/logos/240x240/50138.png,250118281,https://img.uefa.com/imgml/TP/players/1/2024/324x324/250118281.jpg,2023-24
Brais Méndez,Spain,MIDFIELDER,UNKNOWN,29,1997-01-07,7,531,3,1,0,1,0,Real Sociedad de Fútbol,RSO,https://img.uefa.com/imgml/TP/teams/logos/240x240/50123.png,250068974,https://img.uefa.com/imgml/TP/players/1/2024/324x324/250068974.jpg,2023-24
Inbeom Hwang,Korea Republic,MIDFIELDER,UNKNOWN,29,1996-09-20,6,531,1,1,0,2,0,FK Crvena Zvezda,ZVE,https://img.uefa.com/imgml/TP/teams/logos/240x240/50069.png,250134536,https://img.uefa.com/imgml/TP/players/1/2024/324x324/250134536.jpg,2023-24
Mike Maignan,France,GOALKEEPER,GOALKEEPER,30,1995-07-03,6,531,0,0,0,1,0,AC Milan,MIL,https://img.uefa.com/imgml/TP/teams/logos/240x240/50058.png,250042780,https://img.uefa.com/imgml/TP/players/1/2024/324x324/250042780.jpg,2023-24
Jorginho,Italy,MIDFIELDER,CENTRAL_MIDFIELDER,34,1991-12-20,9,530,1,0,1,1,0,Arsenal FC,ARS,https://img.uefa.com/imgml/TP/teams/logos/240x240/52280.png,250067749,https://img.uefa.com/imgml/TP/players/1/2024/324x324/250067749.jpg,2023-24
Hamari Traoré,Mali,DEFENDER,FULL_BACK,34,1992-01-27,7,530,0,0,0,2,0,Real Sociedad de Fútbol,RSO,https://img.uefa.com/imgml/TP/teams/logos/240x240/50123.png,250123016,https://img.uefa.com/imgml/TP/players/1/2024/324x324/250123016.jpg,2023-24
Przemysław Frankowski,Poland,DEFENDER,UNKNOWN,31,1995-04-12,6,528,1,2,1,0,0,RC Lens,LEN,https://img.uefa.com/imgml/TP/teams/logos/240x240/52277.png,250066342,https://img.uefa.com/imgml/TP/players/1/2024/324x324/250066342.jpg,2023-24
Callum McGregor,Scotland,MIDFIELDER,WINGER,32,1993-06-14,6,521,0,0,0,1,0,Celtic FC,CEL,https://img.uefa.com/imgml/TP/teams/logos/240x240/50050.png,250014042,https://img.uefa.com/imgml/TP/players/1/2024/324x324/250014042.jpg,2023-24
Henrikh Mkhitaryan,Armenia,MIDFIELDER,ATTACKING_MIDFIELDER,37,1989-01-21,7,520,0,1,0,2,0,FC Internazionale Milano,INT,https://img.uefa.com/imgml/TP/teams/logos/240x240/50138.png,98023,https://img.uefa.com/imgml/TP/players/1/2024/324x324/98023.jpg,2023-24
Mauro Icardi,Argentina,FORWARD,STRIKER,33,1993-02-19,6,519,2,0,1,0,0,Galatasaray A.Ş.,GAL,https://img.uefa.com/imgml/TP/teams/logos/240x240/50067.png,250074434,https://img.uefa.com/imgml/TP/players/1/2024/324x324/250074434.jpg,2023-24
Filip Ugrinic,Switzerland,MIDFIELDER,UNKNOWN,27,1999-01-05,6,518,1,1,0,0,0,BSC Young Boys,YB,https://img.uefa.com/imgml/TP/teams/logos/240x240/50031.png,250110734,https://img.uefa.com/imgml/TP/players/1/2024/324x324/250110734.jpg,2023-24
Cristian Borja,Colombia,DEFENDER,FULL_BACK,33,1993-02-18,6,518,0,0,0,1,0,SC Braga,BRA,https://img.uefa.com/imgml/TP/teams/logos/240x240/52336.png,250128241,https://img.uefa.com/imgml/TP/players/1/2024/324x324/250128241.jpg,2023-24
Adam Marušić,Montenegro,MIDFIELDER,FULL_BACK,33,1992-10-17,7,514,0,0,0,1,0,S.S. Lazio,LAZ,https://img.uefa.com/imgml/TP/teams/logos/240x240/52973.png,250081989,https://img.uefa.com/imgml/TP/players/1/2024/324x324/250081989.jpg,2023-24
Youssef En-Nesyri,Morocco,FORWARD,STRIKER,29,1997-06-01,6,513,2,0,0,0,0,Sevilla FC,SEV,https://img.uefa.com/imgml/TP/teams/logos/240x240/52714.png,250109210,https://img.uefa.com/imgml/TP/players/1/2024/324x324/250109210.jpg,2023-24
Hakan Çalhanoğlu,Türkiye,MIDFIELDER,ATTACKING_MIDFIELDER,32,1994-02-08,6,513,1,0,1,2,0,FC Internazionale Milano,INT,https://img.uefa.com/imgml/TP/teams/logos/240x240/50138.png,250022829,https://img.uefa.com/imgml/TP/players/1/2024/324x324/250022829.jpg,2023-24
Olivier Giroud,France,FORWARD,STRIKER,39,1986-09-30,6,512,1,2,0,1,0,AC Milan,MIL,https://img.uefa.com/imgml/TP/teams/logos/240x240/50058.png,250020851,https://img.uefa.com/imgml/TP/players/1/2024/324x324/250020851.jpg,2023-24
Kieran Trippier,England,DEFENDER,FULL_BACK,35,1990-09-19,6,512,0,1,0,0,0,Newcastle United FC,NEW,https://img.uefa.com/imgml/TP/teams/logos/240x240/59324.png,250000919,https://img.uefa.com/imgml/TP/players/1/2024/324x324/250000919.jpg,2023-24
Jonathan Gradit,France,DEFENDER,UNKNOWN,33,1992-11-24,6,511,0,0,0,1,0,RC Lens,LEN,https://img.uefa.com/imgml/TP/teams/logos/240x240/52277.png,250007575,https://img.uefa.com/imgml/TP/players/1/2024/324x324/250007575.jpg,2023-24
Ciro Immobile,Italy,FORWARD,STRIKER,36,1990-02-20,8,507,4,0,1,1,0,S.S. Lazio,LAZ,https://img.uefa.com/imgml/TP/teams/logos/240x240/52973.png,250005254,https://img.uefa.com/imgml/TP/players/1/2024/324x324/250005254.jpg,2023-24
Samuel Lino,Brazil,MIDFIELDER,UNKNOWN,26,1999-12-23,7,507,3,3,0,3,0,Atlético de Madrid,ATM,https://img.uefa.com/imgml/TP/teams/logos/240x240/50124.png,250173502,https://img.uefa.com/imgml/TP/players/1/2024/324x324/250173502.jpg,2023-24
Malik Tillman,USA,MIDFIELDER,UNKNOWN,24,2002-05-28,8,505,0,1,0,1,0,PSV Eindhoven,PSV,https://img.uefa.com/imgml/TP/teams/logos/240x240/50062.png,250123677,https://img.uefa.com/imgml/TP/players/1/2024/324x324/250123677.jpg,2023-24
Rafa Silva,Portugal,MIDFIELDER,STRIKER,33,1993-05-17,6,505,2,0,0,1,0,SL Benfica,BEN,https://img.uefa.com/imgml/TP/teams/logos/240x240/50147.png,250063447,https://img.uefa.com/imgml/TP/players/1/2024/324x324/250063447.jpg,2023-24
Ulisses Garcia,Switzerland,DEFENDER,FULL_BACK,30,1996-01-11,6,505,0,0,0,1,0,BSC Young Boys,YB,https://img.uefa.com/imgml/TP/teams/logos/240x240/50031.png,250073684,https://img.uefa.com/imgml/TP/players/1/2024/324x324/250073684.jpg,2023-24
Kyle Walker,England,DEFENDER,FULL_BACK,36,1990-05-28,6,505,0,0,0,0,0,Manchester City,MCI,https://img.uefa.com/imgml/TP/teams/logos/240x240/52919.png,250010259,https://img.uefa.com/imgml/TP/players/1/2024/324x324/250010259.jpg,2023-24
Ricardo Horta,Portugal,FORWARD,WINGER,31,1994-09-15,6,503,0,3,0,1,0,SC Braga,BRA,https://img.uefa.com/imgml/TP/teams/logos/240x240/52336.png,250062142,https://img.uefa.com/imgml/TP/players/1/2024/324x324/250062142.jpg,2023-24
Alessandro Bastoni,Italy,DEFENDER,CENTRE_BACK,27,1999-04-13,7,501,0,0,0,0,0,FC Internazionale Milano,INT,https://img.uefa.com/imgml/TP/teams/logos/240x240/50138.png,250091199,https://img.uefa.com/imgml/TP/players/1/2024/324x324/250091199.jpg,2023-24
Dayot Upamecano,France,DEFENDER,CENTRE_BACK,27,1998-10-27,7,500,0,0,0,0,1,FC Bayern München,BAY,https://img.uefa.com/imgml/TP/teams/logos/240x240/50037.png,250079545,https://img.uefa.com/imgml/TP/players/1/2024/324x324/250079545.jpg,2023-24
Meschack Elia,DR Congo,FORWARD,STRIKER,28,1997-08-06,6,500,2,0,0,0,0,BSC Young Boys,YB,https://img.uefa.com/imgml/TP/teams/logos/240x240/50031.png,250141610,https://img.uefa.com/imgml/TP/players/1/2024/324x324/250141610.jpg,2023-24
Lucas Torreira,Uruguay,MIDFIELDER,DEFENSIVE_MIDFIELDER,30,1996-02-11,6,498,0,0,0,1,0,Galatasaray A.Ş.,GAL,https://img.uefa.com/imgml/TP/teams/logos/240x240/50067.png,250118286,https://img.uefa.com/imgml/TP/players/1/2024/324x324/250118286.jpg,2023-24
Stefan de Vrij,Netherlands,DEFENDER,CENTRE_BACK,34,1992-02-05,6,498,0,0,0,0,0,FC Internazionale Milano,INT,https://img.uefa.com/imgml/TP/teams/logos/240x240/50138.png,50327428,https://img.uefa.com/imgml/TP/players/1/2024/324x324/50327428.jpg,2023-24
Taras Stepanenko,Ukraine,MIDFIELDER,DEFENSIVE_MIDFIELDER,36,1989-08-08,6,496,0,1,0,1,0,FC Shakhtar Donetsk,SHK,https://img.uefa.com/imgml/TP/teams/logos/240x240/52707.png,1902685,https://img.uefa.com/imgml/TP/players/1/2024/324x324/1902685.jpg,2023-24
Facundo Medina,Argentina,DEFENDER,UNKNOWN,27,1999-05-28,6,495,0,0,0,3,0,RC Lens,LEN,https://img.uefa.com/imgml/TP/teams/logos/240x240/52277.png,250186120,https://img.uefa.com/imgml/TP/players/1/2024/324x324/250186120.jpg,2023-24
Salis Abdul Samed,Ghana,MIDFIELDER,UNKNOWN,26,2000-03-26,6,495,0,0,0,2,0,RC Lens,LEN,https://img.uefa.com/imgml/TP/teams/logos/240x240/52277.png,250181716,https://img.uefa.com/imgml/TP/players/1/2024/324x324/250181716.jpg,2023-24
Mads Bidstrup,Denmark,MIDFIELDER,UNKNOWN,25,2001-02-25,6,495,0,0,0,0,0,FC Salzburg,SAL,https://img.uefa.com/imgml/TP/teams/logos/240x240/50030.png,250116067,https://img.uefa.com/imgml/TP/players/1/2024/324x324/250116067.jpg,2023-24
Strahinja Pavlović,Serbia,DEFENDER,CENTRE_BACK,25,2001-05-24,6,494,0,0,0,2,0,FC Salzburg,SAL,https://img.uefa.com/imgml/TP/teams/logos/240x240/50030.png,250115948,https://img.uefa.com/imgml/TP/players/1/2024/324x324/250115948.jpg,2023-24
Benjamin Henrichs,Germany,DEFENDER,UNKNOWN,29,1997-02-23,6,493,0,2,0,2,0,RB Leipzig,RBL,https://img.uefa.com/imgml/TP/teams/logos/240x240/2603790.png,250058258,https://img.uefa.com/imgml/TP/players/1/2024/324x324/250058258.jpg,2023-24
Matteo Guendouzi,France,MIDFIELDER,CENTRAL_MIDFIELDER,27,1999-04-14,8,492,0,1,0,2,0,S.S. Lazio,LAZ,https://img.uefa.com/imgml/TP/teams/logos/240x240/52973.png,250122927,https://img.uefa.com/imgml/TP/players/1/2024/324x324/250122927.jpg,2023-24
Evanilson,Brazil,FORWARD,UNKNOWN,26,1999-10-06,7,489,4,1,1,0,0,FC Porto,POR,https://img.uefa.com/imgml/TP/teams/logos/240x240/50064.png,250145251,https://img.uefa.com/imgml/TP/players/1/2024/324x324/250145251.jpg,2023-24
Rasmus Højlund,Denmark,FORWARD,UNKNOWN,23,2003-02-04,6,489,5,0,0,0,0,Manchester United,MUN,https://img.uefa.com/imgml/TP/teams/logos/240x240/52682.png,250130221,https://img.uefa.com/imgml/TP/players/1/2024/324x324/250130221.jpg,2023-24
Srdjan Mijailović,Serbia,MIDFIELDER,UNKNOWN,32,1993-11-10,6,488,0,0,0,3,0,FK Crvena Zvezda,ZVE,https://img.uefa.com/imgml/TP/teams/logos/240x240/50069.png,250014221,https://img.uefa.com/imgml/TP/players/1/2024/324x324/250014221.jpg,2023-24
Osman Bukari,Ghana,MIDFIELDER,WINGER,27,1998-12-13,6,487,2,2,0,1,0,FK Crvena Zvezda,ZVE,https://img.uefa.com/imgml/TP/teams/logos/240x240/50069.png,250121340,https://img.uefa.com/imgml/TP/players/1/2024/324x324/250121340.jpg,2023-24
Matt O'Riley,Denmark,MIDFIELDER,UNKNOWN,25,2000-11-21,6,487,0,3,0,1,0,Celtic FC,CEL,https://img.uefa.com/imgml/TP/teams/logos/240x240/50050.png,250169725,https://img.uefa.com/imgml/TP/players/1/2024/324x324/250169725.jpg,2023-24
Marco Reus,Germany,MIDFIELDER,ATTACKING_MIDFIELDER,37,1989-05-31,13,485,2,1,1,0,0,Borussia Dortmund,BVB,https://img.uefa.com/imgml/TP/teams/logos/240x240/52758.png,250011791,https://img.uefa.com/imgml/TP/players/1/2024/324x324/250011791.jpg,2023-24
Gabriel Martinelli,Brazil,FORWARD,WINGER,24,2001-06-18,6,483,2,2,0,0,0,Arsenal FC,ARS,https://img.uefa.com/imgml/TP/teams/logos/240x240/52280.png,250134304,https://img.uefa.com/imgml/TP/players/1/2024/324x324/250134304.jpg,2023-24
José María Giménez,Uruguay,DEFENDER,CENTRE_BACK,31,1995-01-20,7,482,0,1,0,2,0,Atlético de Madrid,ATM,https://img.uefa.com/imgml/TP/teams/logos/240x240/50124.png,250063505,https://img.uefa.com/imgml/TP/players/1/2024/324x324/250063505.jpg,2023-24
Viktor Claesson,Sweden,MIDFIELDER,ATTACKING_MIDFIELDER,34,1992-01-02,7,481,0,0,0,0,0,F.C. Copenhagen,CPH,https://img.uefa.com/imgml/TP/teams/logos/240x240/52709.png,250024171,https://img.uefa.com/imgml/TP/players/1/2024/324x324/250024171.jpg,2023-24
Oscar Gloukh,Israel,MIDFIELDER,CENTRAL_MIDFIELDER,22,2004-04-01,6,481,2,1,0,1,0,FC Salzburg,SAL,https://img.uefa.com/imgml/TP/teams/logos/240x240/50030.png,250153349,https://img.uefa.com/imgml/TP/players/1/2024/324x324/250153349.jpg,2023-24
Benjamin Pavard,France,DEFENDER,UNKNOWN,30,1996-03-28,5,480,0,0,0,0,0,FC Internazionale Milano,INT,https://img.uefa.com/imgml/TP/teams/logos/240x240/50138.png,250081921,https://img.uefa.com/imgml/TP/players/1/2024/324x324/250081921.jpg,2023-24
Danylo Sikan,Ukraine,FORWARD,STRIKER,25,2001-04-16,6,479,4,1,0,2,0,FC Shakhtar Donetsk,SHK,https://img.uefa.com/imgml/TP/teams/logos/240x240/52707.png,250115487,https://img.uefa.com/imgml/TP/players/1/2024/324x324/250115487.jpg,2023-24
Tijjani Reijnders,Netherlands,MIDFIELDER,CENTRAL_MIDFIELDER,27,1998-07-29,6,479,0,0,0,1,0,AC Milan,MIL,https://img.uefa.com/imgml/TP/teams/logos/240x240/50058.png,250121294,https://img.uefa.com/imgml/TP/players/1/2024/324x324/250121294.jpg,2023-24
Bradley Barcola,France,FORWARD,UNKNOWN,23,2002-09-02,10,475,1,1,0,0,0,Paris Saint-Germain,PSG,https://img.uefa.com/imgml/TP/teams/logos/240x240/52747.png,250134138,https://img.uefa.com/imgml/TP/players/1/2024/324x324/250134138.jpg,2023-24
Carlos Augusto,Brazil,DEFENDER,UNKNOWN,27,1999-01-07,7,474,0,0,0,1,0,FC Internazionale Milano,INT,https://img.uefa.com/imgml/TP/teams/logos/240x240/50138.png,250188223,https://img.uefa.com/imgml/TP/players/1/2024/324x324/250188223.jpg,2023-24
Aihen Muñoz,Spain,DEFENDER,FULL_BACK,28,1997-08-16,6,474,0,1,0,0,0,Real Sociedad de Fútbol,RSO,https://img.uefa.com/imgml/TP/teams/logos/240x240/50123.png,250147203,https://img.uefa.com/imgml/TP/players/1/2024/324x324/250147203.jpg,2023-24
Matías Vecino,Uruguay,MIDFIELDER,CENTRAL_MIDFIELDER,34,1991-08-24,6,473,1,0,0,3,0,S.S. Lazio,LAZ,https://img.uefa.com/imgml/TP/teams/logos/240x240/52973.png,250086300,https://img.uefa.com/imgml/TP/players/1/2024/324x324/250086300.jpg,2023-24
Randal Kolo Muani,France,FORWARD,UNKNOWN,27,1998-12-05,10,472,1,0,0,1,0,Paris Saint-Germain,PSG,https://img.uefa.com/imgml/TP/teams/logos/240x240/52747.png,250146926,https://img.uefa.com/imgml/TP/players/1/2024/324x324/250146926.jpg,2023-24
Raphinha,Brazil,FORWARD,WINGER,29,1996-12-14,7,472,3,4,0,1,0,FC Barcelona,BAR,https://img.uefa.com/imgml/TP/teams/logos/240x240/50080.png,250112880,https://img.uefa.com/imgml/TP/players/1/2024/324x324/250112880.jpg,2023-24
Calvin Stengs,Netherlands,FORWARD,WINGER,27,1998-12-18,6,472,1,1,0,1,0,Feyenoord,FEY,https://img.uefa.com/imgml/TP/teams/logos/240x240/52749.png,250105284,https://img.uefa.com/imgml/TP/players/1/2024/324x324/250105284.jpg,2023-24
Mats Wieffer,Netherlands,MIDFIELDER,UNKNOWN,26,1999-11-16,6,470,1,1,0,2,0,Feyenoord,FEY,https://img.uefa.com/imgml/TP/teams/logos/240x240/52749.png,250177878,https://img.uefa.com/imgml/TP/players/1/2024/324x324/250177878.jpg,2023-24
Nicolò Barella,Italy,MIDFIELDER,CENTRAL_MIDFIELDER,29,1997-02-07,8,468,0,1,0,1,0,FC Internazionale Milano,INT,https://img.uefa.com/imgml/TP/teams/logos/240x240/50138.png,250066739,https://img.uefa.com/imgml/TP/players/1/2024/324x324/250066739.jpg,2023-24
Piotr Zieliński,Poland,MIDFIELDER,ATTACKING_MIDFIELDER,32,1994-05-20,6,468,1,1,1,1,0,SSC Napoli,NAP,https://img.uefa.com/imgml/TP/teams/logos/240x240/50136.png,250024370,https://img.uefa.com/imgml/TP/players/1/2024/324x324/250024370.jpg,2023-24
Florian Sotoca,France,FORWARD,UNKNOWN,35,1990-10-25,6,468,0,1,0,2,0,RC Lens,LEN,https://img.uefa.com/imgml/TP/teams/logos/240x240/52277.png,250186121,https://img.uefa.com/imgml/TP/players/1/2024/324x324/250186121.jpg,2023-24
Matthijs de Ligt,Netherlands,DEFENDER,CENTRE_BACK,26,1999-08-12,6,467,0,1,0,0,0,FC Bayern München,BAY,https://img.uefa.com/imgml/TP/teams/logos/240x240/50037.png,50327424,https://img.uefa.com/imgml/TP/players/1/2024/324x324/50327424.jpg,2023-24
Quinten Timber,Netherlands,MIDFIELDER,CENTRAL_MIDFIELDER,24,2001-06-17,6,466,0,1,0,2,0,Feyenoord,FEY,https://img.uefa.com/imgml/TP/teams/logos/240x240/52749.png,250101727,https://img.uefa.com/imgml/TP/players/1/2024/324x324/250101727.jpg,2023-24
Peter Ankersen,Denmark,DEFENDER,FULL_BACK,35,1990-09-22,7,464,0,0,0,0,0,F.C. Copenhagen,CPH,https://img.uefa.com/imgml/TP/teams/logos/240x240/52709.png,250020385,https://img.uefa.com/imgml/TP/players/1/2024/324x324/250020385.jpg,2023-24
Mattia Zaccagni,Italy,FORWARD,UNKNOWN,30,1995-06-16,6,464,0,0,0,1,0,S.S. Lazio,LAZ,https://img.uefa.com/imgml/TP/teams/logos/240x240/52973.png,250150875,https://img.uefa.com/imgml/TP/players/1/2024/324x324/250150875.jpg,2023-24
Diogo Dalot,Portugal,DEFENDER,FULL_BACK,27,1999-03-18,6,462,0,0,0,1,0,Manchester United,MUN,https://img.uefa.com/imgml/TP/teams/logos/240x240/52682.png,250081628,https://img.uefa.com/imgml/TP/players/1/2024/324x324/250081628.jpg,2023-24
Elye Wahi,Ivory Coast,FORWARD,UNKNOWN,23,2003-01-02,6,460,2,1,0,1,0,RC Lens,LEN,https://img.uefa.com/imgml/TP/teams/logos/240x240/52277.png,250126805,https://img.uefa.com/imgml/TP/players/1/2024/324x324/250126805.jpg,2023-24
Donyell Malen,Netherlands,FORWARD,STRIKER,27,1999-01-19,8,459,1,0,0,0,0,Borussia Dortmund,BVB,https://img.uefa.com/imgml/TP/teams/logos/240x240/52758.png,250081555,https://img.uefa.com/imgml/TP/players/1/2024/324x324/250081555.jpg,2023-24
Victor Osimhen,Nigeria,FORWARD,STRIKER,27,1998-12-29,6,459,2,1,0,1,0,SSC Napoli,NAP,https://img.uefa.com/imgml/TP/teams/logos/240x240/50136.png,250132987,https://img.uefa.com/imgml/TP/players/1/2024/324x324/250132987.jpg,2023-24
Ivan Rakitić,Croatia,MIDFIELDER,CENTRAL_MIDFIELDER,38,1988-03-10,6,459,0,3,0,0,0,Sevilla FC,SEV,https://img.uefa.com/imgml/TP/teams/logos/240x240/52714.png,97744,https://img.uefa.com/imgml/TP/players/1/2024/324x324/97744.jpg,2023-24
Marcus Thuram,France,FORWARD,WINGER,28,1997-08-06,8,458,1,0,0,0,0,FC Internazionale Milano,INT,https://img.uefa.com/imgml/TP/teams/logos/240x240/50138.png,250068805,https://img.uefa.com/imgml/TP/players/1/2024/324x324/250068805.jpg,2023-24
Kyogo Furuhashi,Japan,MIDFIELDER,UNKNOWN,31,1995-01-20,6,452,2,0,0,0,0,Celtic FC,CEL,https://img.uefa.com/imgml/TP/teams/logos/240x240/50050.png,250156459,https://img.uefa.com/imgml/TP/players/1/2024/324x324/250156459.jpg,2023-24
Natan,Brazil,DEFENDER,UNKNOWN,25,2001-02-06,6,451,0,1,0,1,0,SSC Napoli,NAP,https://img.uefa.com/imgml/TP/teams/logos/240x240/50136.png,250187998,https://img.uefa.com/imgml/TP/players/1/2024/324x324/250187998.jpg,2023-24
Owen Wijndal,Netherlands,DEFENDER,UNKNOWN,26,1999-11-28,6,451,0,0,0,2,0,Royal Antwerp FC,ANT,https://img.uefa.com/imgml/TP/teams/logos/240x240/50113.png,250097317,https://img.uefa.com/imgml/TP/players/1/2024/324x324/250097317.jpg,2023-24
Sergio Ramos,Spain,DEFENDER,CENTRE_BACK,40,1986-03-30,5,450,2,1,1,2,0,Sevilla FC,SEV,https://img.uefa.com/imgml/TP/teams/logos/240x240/52714.png,93649,https://img.uefa.com/imgml/TP/players/1/2024/324x324/93649.jpg,2023-24
Mykola Matviyenko,Ukraine,DEFENDER,CENTRE_BACK,30,1996-05-02,5,450,1,0,0,0,0,FC Shakhtar Donetsk,SHK,https://img.uefa.com/imgml/TP/teams/logos/240x240/52707.png,250064444,https://img.uefa.com/imgml/TP/players/1/2024/324x324/250064444.jpg,2023-24
Mohamed Ali Camara,Rep of Guinea,DEFENDER,CENTRE_BACK,28,1997-08-28,5,450,0,1,0,2,0,BSC Young Boys,YB,https://img.uefa.com/imgml/TP/teams/logos/240x240/50031.png,250122187,https://img.uefa.com/imgml/TP/players/1/2024/324x324/250122187.jpg,2023-24
Janis Blaswich,Germany,GOALKEEPER,UNKNOWN,35,1991-05-02,5,450,0,1,0,0,0,RB Leipzig,RBL,https://img.uefa.com/imgml/TP/teams/logos/240x240/2603790.png,250051291,https://img.uefa.com/imgml/TP/players/1/2024/324x324/250051291.jpg,2023-24
Nick Pope,England,GOALKEEPER,UNKNOWN,34,1992-04-19,5,450,0,0,0,2,0,Newcastle United FC,NEW,https://img.uefa.com/imgml/TP/teams/logos/240x240/59324.png,250118266,https://img.uefa.com/imgml/TP/players/1/2024/324x324/250118266.jpg,2023-24
Toby Alderweireld,Belgium,DEFENDER,CENTRE_BACK,37,1989-03-02,5,450,0,0,0,2,0,Royal Antwerp FC,ANT,https://img.uefa.com/imgml/TP/teams/logos/240x240/50113.png,103333,https://img.uefa.com/imgml/TP/players/1/2024/324x324/103333.jpg,2023-24
Anthony Racioppi,Switzerland,GOALKEEPER,GOALKEEPER,27,1998-12-31,5,450,0,0,0,0,0,BSC Young Boys,YB,https://img.uefa.com/imgml/TP/teams/logos/240x240/50031.png,250088003,https://img.uefa.com/imgml/TP/players/1/2024/324x324/250088003.jpg,2023-24
Jean Butez,France,GOALKEEPER,GOALKEEPER,30,1995-06-08,5,450,0,0,0,0,0,Royal Antwerp FC,ANT,https://img.uefa.com/imgml/TP/teams/logos/240x240/50113.png,250074004,https://img.uefa.com/imgml/TP/players/1/2024/324x324/250074004.jpg,2023-24
Eric Dier,England,DEFENDER,DEFENSIVE_MIDFIELDER,32,1994-01-15,5,450,0,0,0,0,0,FC Bayern München,BAY,https://img.uefa.com/imgml/TP/teams/logos/240x240/50037.png,250050416,https://img.uefa.com/imgml/TP/players/1/2024/324x324/250050416.jpg,2023-24
Jamaal Lascelles,England,DEFENDER,UNKNOWN,32,1993-11-11,5,450,0,0,0,0,0,Newcastle United FC,NEW,https://img.uefa.com/imgml/TP/teams/logos/240x240/59324.png,250028265,https://img.uefa.com/imgml/TP/players/1/2024/324x324/250028265.jpg,2023-24
Kingsley Coman,France,FORWARD,WINGER,29,1996-06-13,7,449,2,0,0,0,0,FC Bayern München,BAY,https://img.uefa.com/imgml/TP/teams/logos/240x240/50037.png,250054949,https://img.uefa.com/imgml/TP/players/1/2024/324x324/250054949.jpg,2023-24
Davide Frattesi,Italy,MIDFIELDER,UNKNOWN,26,1999-09-22,7,449,1,1,0,2,0,FC Internazionale Milano,INT,https://img.uefa.com/imgml/TP/teams/logos/240x240/50138.png,250088150,https://img.uefa.com/imgml/TP/players/1/2024/324x324/250088150.jpg,2023-24
Robin Gosens,Germany,DEFENDER,FULL_BACK,31,1994-07-05,6,443,1,0,0,1,0,1. FC Union Berlin,UBE,https://img.uefa.com/imgml/TP/teams/logos/240x240/77977.png,250062606,https://img.uefa.com/imgml/TP/players/1/2024/324x324/250062606.jpg,2023-24
Rafael Leão,Portugal,FORWARD,STRIKER,26,1999-06-10,5,442,1,0,0,1,0,AC Milan,MIL,https://img.uefa.com/imgml/TP/teams/logos/240x240/50058.png,250089228,https://img.uefa.com/imgml/TP/players/1/2024/324x324/250089228.jpg,2023-24
Andreas  Christensen,Denmark,DEFENDER,CENTRE_BACK,30,1996-04-10,7,440,1,0,0,3,0,FC Barcelona,BAR,https://img.uefa.com/imgml/TP/teams/logos/240x240/50080.png,250041718,https://img.uefa.com/imgml/TP/players/1/2024/324x324/250041718.jpg,2023-24
Kerem Aktürkoğlu,Türkiye,FORWARD,UNKNOWN,27,1998-10-21,6,440,2,0,0,1,0,Galatasaray A.Ş.,GAL,https://img.uefa.com/imgml/TP/teams/logos/240x240/50067.png,250146674,https://img.uefa.com/imgml/TP/players/1/2024/324x324/250146674.jpg,2023-24
Christian Pulišić,USA,FORWARD,UNKNOWN,27,1998-09-18,6,440,1,0,0,0,0,AC Milan,MIL,https://img.uefa.com/imgml/TP/teams/logos/240x240/50058.png,250096698,https://img.uefa.com/imgml/TP/players/1/2024/324x324/250096698.jpg,2023-24
Salih Özcan,Türkiye,MIDFIELDER,ATTACKING_MIDFIELDER,28,1998-01-11,9,439,0,0,0,0,0,Borussia Dortmund,BVB,https://img.uefa.com/imgml/TP/teams/logos/240x240/52758.png,250081693,https://img.uefa.com/imgml/TP/players/1/2024/324x324/250081693.jpg,2023-24
Anthony Gordon,England,FORWARD,UNKNOWN,25,2001-02-24,6,439,0,0,0,1,0,Newcastle United FC,NEW,https://img.uefa.com/imgml/TP/teams/logos/240x240/59324.png,250117036,https://img.uefa.com/imgml/TP/players/1/2024/324x324/250117036.jpg,2023-24
Mateo Kovačić,Croatia,MIDFIELDER,ATTACKING_MIDFIELDER,32,1994-05-06,6,434,0,0,0,0,0,Manchester City,MCI,https://img.uefa.com/imgml/TP/teams/logos/240x240/52919.png,250023551,https://img.uefa.com/imgml/TP/players/1/2024/324x324/250023551.jpg,2023-24
Morato,Brazil,DEFENDER,CENTRE_BACK,24,2001-06-30,5,434,0,0,0,2,0,SL Benfica,BEN,https://img.uefa.com/imgml/TP/teams/logos/240x240/50147.png,250135392,https://img.uefa.com/imgml/TP/players/1/2024/324x324/250135392.jpg,2023-24
Saúl Ñíguez,Spain,MIDFIELDER,CENTRAL_MIDFIELDER,31,1994-11-21,10,433,1,0,0,1,0,Atlético de Madrid,ATM,https://img.uefa.com/imgml/TP/teams/logos/240x240/50124.png,250017725,https://img.uefa.com/imgml/TP/players/1/2024/324x324/250017725.jpg,2023-24
Juan Jesus,Brazil,DEFENDER,CENTRE_BACK,34,1991-06-10,5,430,0,0,0,2,0,SSC Napoli,NAP,https://img.uefa.com/imgml/TP/teams/logos/240x240/50136.png,250045594,https://img.uefa.com/imgml/TP/players/1/2024/324x324/250045594.jpg,2023-24
Davide Calabria,Italy,DEFENDER,FULL_BACK,29,1996-12-06,6,429,0,1,0,1,0,AC Milan,MIL,https://img.uefa.com/imgml/TP/teams/logos/240x240/50058.png,250058044,https://img.uefa.com/imgml/TP/players/1/2024/324x324/250058044.jpg,2023-24
Angeliño,Spain,DEFENDER,UNKNOWN,29,1997-01-04,6,428,0,0,0,0,0,Galatasaray A.Ş.,GAL,https://img.uefa.com/imgml/TP/teams/logos/240x240/50067.png,250064356,https://img.uefa.com/imgml/TP/players/1/2024/324x324/250064356.jpg,2023-24
Sheraldo Becker,Surinam,FORWARD,UNKNOWN,31,1995-02-09,6,426,2,1,0,0,0,Real Sociedad de Fútbol,RSO,https://img.uefa.com/imgml/TP/teams/logos/240x240/50123.png,250064566,https://img.uefa.com/imgml/TP/players/1/2024/324x324/250064566.jpg,2023-24
Thomas Müller,Germany,FORWARD,WINGER,36,1989-09-13,9,424,1,1,0,0,0,FC Bayern München,BAY,https://img.uefa.com/imgml/TP/teams/logos/240x240/50037.png,250003318,https://img.uefa.com/imgml/TP/players/1/2024/324x324/250003318.jpg,2023-24
Matheus Nunes,Portugal,MIDFIELDER,UNKNOWN,27,1998-08-27,7,424,0,1,0,0,0,Manchester City,MCI,https://img.uefa.com/imgml/TP/teams/logos/240x240/52919.png,250145803,https://img.uefa.com/imgml/TP/players/1/2024/324x324/250145803.jpg,2023-24
André Ramalho,Brazil,DEFENDER,CENTRAL_MIDFIELDER,34,1992-02-16,6,424,0,0,0,2,0,PSV Eindhoven,PSV,https://img.uefa.com/imgml/TP/teams/logos/240x240/50062.png,250030823,https://img.uefa.com/imgml/TP/players/1/2024/324x324/250030823.jpg,2023-24
Manuel Lazzari,Italy,DEFENDER,CENTRAL_MIDFIELDER,32,1993-11-29,7,423,0,0,0,0,0,S.S. Lazio,LAZ,https://img.uefa.com/imgml/TP/teams/logos/240x240/52973.png,250122732,https://img.uefa.com/imgml/TP/players/1/2024/324x324/250122732.jpg,2023-24
Francesco Acerbi,Italy,DEFENDER,CENTRE_BACK,38,1988-02-10,6,421,0,1,0,1,0,FC Internazionale Milano,INT,https://img.uefa.com/imgml/TP/teams/logos/240x240/50138.png,250052957,https://img.uefa.com/imgml/TP/players/1/2024/324x324/250052957.jpg,2023-24
Nuno Mendes,Portugal,DEFENDER,FULL_BACK,23,2002-06-19,5,421,0,0,0,1,0,Paris Saint-Germain,PSG,https://img.uefa.com/imgml/TP/teams/logos/240x240/52747.png,250136465,https://img.uefa.com/imgml/TP/players/1/2024/324x324/250136465.jpg,2023-24
Milan Rodić,Serbia,DEFENDER,FULL_BACK,35,1991-04-02,6,417,0,0,0,2,0,FK Crvena Zvezda,ZVE,https://img.uefa.com/imgml/TP/teams/logos/240x240/50069.png,1906511,https://img.uefa.com/imgml/TP/players/1/2024/324x324/1906511.jpg,2023-24
Luka Modrić,Croatia,MIDFIELDER,CENTRAL_MIDFIELDER,40,1985-09-09,11,416,0,0,0,0,0,Real Madrid C.F.,RMA,https://img.uefa.com/imgml/TP/teams/logos/240x240/50051.png,74699,https://img.uefa.com/imgml/TP/players/1/2024/324x324/74699.jpg,2023-24
Ángel Di María,Argentina,FORWARD,UNKNOWN,38,1988-02-14,5,416,1,1,0,0,0,SL Benfica,BEN,https://img.uefa.com/imgml/TP/teams/logos/240x240/50147.png,1905153,https://img.uefa.com/imgml/TP/players/1/2024/324x324/1905153.jpg,2023-24
Josip Juranović,Croatia,DEFENDER,UNKNOWN,30,1995-08-16,5,416,0,0,0,1,0,1. FC Union Berlin,UBE,https://img.uefa.com/imgml/TP/teams/logos/240x240/77977.png,250078379,https://img.uefa.com/imgml/TP/players/1/2024/324x324/250078379.jpg,2023-24
Stefan Savić,Montenegro,DEFENDER,CENTRE_BACK,35,1991-01-08,6,414,0,0,0,2,0,Atlético de Madrid,ATM,https://img.uefa.com/imgml/TP/teams/logos/240x240/50124.png,1907998,https://img.uefa.com/imgml/TP/players/1/2024/324x324/1907998.jpg,2023-24
Miguel Almirón,Paraguay,MIDFIELDER,UNKNOWN,32,1994-02-10,6,413,1,1,0,1,0,Newcastle United FC,NEW,https://img.uefa.com/imgml/TP/teams/logos/240x240/59324.png,250109224,https://img.uefa.com/imgml/TP/players/1/2024/324x324/250109224.jpg,2023-24
Vincent Janssen,Netherlands,FORWARD,STRIKER,31,1994-06-15,6,411,1,0,0,1,0,Royal Antwerp FC,ANT,https://img.uefa.com/imgml/TP/teams/logos/240x240/50113.png,250085434,https://img.uefa.com/imgml/TP/players/1/2024/324x324/250085434.jpg,2023-24
Emil Forsberg,Sweden,FORWARD,WINGER,34,1991-10-23,6,411,1,0,0,1,0,RB Leipzig,RBL,https://img.uefa.com/imgml/TP/teams/logos/240x240/2603790.png,250013469,https://img.uefa.com/imgml/TP/players/1/2024/324x324/250013469.jpg,2023-24
Jelle Bataille,Belgium,DEFENDER,UNKNOWN,27,1999-05-20,6,409,0,1,0,1,0,Royal Antwerp FC,ANT,https://img.uefa.com/imgml/TP/teams/logos/240x240/50113.png,250111123,https://img.uefa.com/imgml/TP/players/1/2024/324x324/250111123.jpg,2023-24
Álvaro Djaló,Guinea-Bissau,FORWARD,WINGER,26,1999-08-16,5,409,2,0,0,1,0,SC Braga,BRA,https://img.uefa.com/imgml/TP/teams/logos/240x240/52336.png,250139025,https://img.uefa.com/imgml/TP/players/1/2024/324x324/250139025.jpg,2023-24
Lucas Beraldo,Italy,DEFENDER,UNKNOWN,22,2003-11-24,5,408,0,0,0,1,0,Paris Saint-Germain,PSG,https://img.uefa.com/imgml/TP/teams/logos/240x240/52747.png,250193442,https://img.uefa.com/imgml/TP/players/1/2024/324x324/250193442.jpg,2023-24
Gabriel Jesus,Brazil,FORWARD,STRIKER,29,1997-04-03,8,407,4,3,0,2,0,Arsenal FC,ARS,https://img.uefa.com/imgml/TP/teams/logos/240x240/52280.png,250106649,https://img.uefa.com/imgml/TP/players/1/2024/324x324/250106649.jpg,2023-24
Loris Benito,Switzerland,DEFENDER,FULL_BACK,34,1992-01-07,5,407,0,1,0,2,0,BSC Young Boys,YB,https://img.uefa.com/imgml/TP/teams/logos/240x240/50031.png,250019346,https://img.uefa.com/imgml/TP/players/1/2024/324x324/250019346.jpg,2023-24
Matteo Darmian,Italy,DEFENDER,FULL_BACK,36,1989-12-02,7,405,0,0,0,0,0,FC Internazionale Milano,INT,https://img.uefa.com/imgml/TP/teams/logos/240x240/50138.png,103806,https://img.uefa.com/imgml/TP/players/1/2024/324x324/103806.jpg,2023-24
Benjamin Šeško,Slovenia,FORWARD,UNKNOWN,23,2003-05-31,8,403,2,0,0,1,0,RB Leipzig,RBL,https://img.uefa.com/imgml/TP/teams/logos/240x240/2603790.png,250127111,https://img.uefa.com/imgml/TP/players/1/2024/324x324/250127111.jpg,2023-24
Wilfried Zaha,Ivory Coast,FORWARD,UNKNOWN,33,1992-11-10,6,401,1,1,0,1,0,Galatasaray A.Ş.,GAL,https://img.uefa.com/imgml/TP/teams/logos/240x240/50067.png,250045867,https://img.uefa.com/imgml/TP/players/1/2024/324x324/250045867.jpg,2023-24
Igor Paixão,Brazil,FORWARD,UNKNOWN,25,2000-06-28,6,401,0,0,0,0,0,Feyenoord,FEY,https://img.uefa.com/imgml/TP/teams/logos/240x240/52749.png,250177886,https://img.uefa.com/imgml/TP/players/1/2024/324x324/250177886.jpg,2023-24
Lucas Gourna-Douath,France,MIDFIELDER,UNKNOWN,22,2003-08-05,5,400,0,0,0,3,0,FC Salzburg,SAL,https://img.uefa.com/imgml/TP/teams/logos/240x240/50030.png,250128398,https://img.uefa.com/imgml/TP/players/1/2024/324x324/250128398.jpg,2023-24
Ander Barrenetxea,Spain,FORWARD,WINGER,24,2001-12-27,7,399,1,1,0,1,0,Real Sociedad de Fútbol,RSO,https://img.uefa.com/imgml/TP/teams/logos/240x240/50123.png,250128806,https://img.uefa.com/imgml/TP/players/1/2024/324x324/250128806.jpg,2023-24
Rodrigo Zalazar,Uruguay,MIDFIELDER,UNKNOWN,26,1999-08-12,6,397,0,1,0,2,0,SC Braga,BRA,https://img.uefa.com/imgml/TP/teams/logos/240x240/52336.png,250187727,https://img.uefa.com/imgml/TP/players/1/2024/324x324/250187727.jpg,2023-24
Niklas Süle,Germany,DEFENDER,UNKNOWN,30,1995-09-03,6,395,0,0,0,1,0,Borussia Dortmund,BVB,https://img.uefa.com/imgml/TP/teams/logos/240x240/52758.png,250041781,https://img.uefa.com/imgml/TP/players/1/2024/324x324/250041781.jpg,2023-24
Frenkie de Jong,Netherlands,MIDFIELDER,CENTRAL_MIDFIELDER,29,1997-05-12,5,395,0,0,0,2,0,FC Barcelona,BAR,https://img.uefa.com/imgml/TP/teams/logos/240x240/50080.png,50327423,https://img.uefa.com/imgml/TP/players/1/2024/324x324/50327423.jpg,2023-24
Manuel Ugarte,Uruguay,MIDFIELDER,UNKNOWN,25,2001-04-11,8,392,0,0,0,2,0,Paris Saint-Germain,PSG,https://img.uefa.com/imgml/TP/teams/logos/240x240/52747.png,250161762,https://img.uefa.com/imgml/TP/players/1/2024/324x324/250161762.jpg,2023-24
Luka Sučić,Croatia,MIDFIELDER,CENTRAL_MIDFIELDER,23,2002-09-08,6,391,1,0,0,0,0,FC Salzburg,SAL,https://img.uefa.com/imgml/TP/teams/logos/240x240/50030.png,250127293,https://img.uefa.com/imgml/TP/players/1/2024/324x324/250127293.jpg,2023-24
Dmytro Kryskiv,Ukraine,MIDFIELDER,UNKNOWN,25,2000-10-06,5,391,0,0,0,1,0,FC Shakhtar Donetsk,SHK,https://img.uefa.com/imgml/TP/teams/logos/240x240/52707.png,250112978,https://img.uefa.com/imgml/TP/players/1/2024/324x324/250112978.jpg,2023-24
Sikou Niakaté,Mali,DEFENDER,UNKNOWN,26,1999-07-10,5,390,1,0,0,0,1,SC Braga,BRA,https://img.uefa.com/imgml/TP/teams/logos/240x240/52336.png,250118065,https://img.uefa.com/imgml/TP/players/1/2024/324x324/250118065.jpg,2023-24
Raphaël Guerreiro,Portugal,DEFENDER,FULL_BACK,32,1993-12-22,7,388,0,2,0,0,0,FC Bayern München,BAY,https://img.uefa.com/imgml/TP/teams/logos/240x240/50037.png,250066156,https://img.uefa.com/imgml/TP/players/1/2024/324x324/250066156.jpg,2023-24
Takehiro Tomiyasu,Japan,DEFENDER,UNKNOWN,27,1998-11-05,6,388,0,1,0,0,0,Arsenal FC,ARS,https://img.uefa.com/imgml/TP/teams/logos/240x240/52280.png,250177964,https://img.uefa.com/imgml/TP/players/1/2024/324x324/250177964.jpg,2023-24
Wendell,Brazil,DEFENDER,FULL_BACK,32,1993-07-20,5,388,0,0,0,0,0,FC Porto,POR,https://img.uefa.com/imgml/TP/teams/logos/240x240/50064.png,250074376,https://img.uefa.com/imgml/TP/players/1/2024/324x324/250074376.jpg,2023-24
Michel-Ange Balikwisha,Belgium,FORWARD,STRIKER,25,2001-05-10,5,385,1,0,0,0,0,Royal Antwerp FC,ANT,https://img.uefa.com/imgml/TP/teams/logos/240x240/50113.png,250121978,https://img.uefa.com/imgml/TP/players/1/2024/324x324/250121978.jpg,2023-24
Kaan Ayhan,Türkiye,DEFENDER,CENTRE_BACK,31,1994-11-10,5,384,0,0,0,2,0,Galatasaray A.Ş.,GAL,https://img.uefa.com/imgml/TP/teams/logos/240x240/50067.png,250023940,https://img.uefa.com/imgml/TP/players/1/2024/324x324/250023940.jpg,2023-24
Jakub Kiwior,Poland,DEFENDER,UNKNOWN,26,2000-02-15,7,383,0,0,0,1,0,Arsenal FC,ARS,https://img.uefa.com/imgml/TP/teams/logos/240x240/52280.png,250105681,https://img.uefa.com/imgml/TP/players/1/2024/324x324/250105681.jpg,2023-24
Nathan Aké,Netherlands,DEFENDER,UNKNOWN,31,1995-02-18,7,382,0,0,0,0,0,Manchester City,MCI,https://img.uefa.com/imgml/TP/teams/logos/240x240/52919.png,250027008,https://img.uefa.com/imgml/TP/players/1/2024/324x324/250027008.jpg,2023-24
Scott McTominay,Scotland,FORWARD,DEFENSIVE_MIDFIELDER,29,1996-12-08,5,381,1,1,0,1,0,Manchester United,MUN,https://img.uefa.com/imgml/TP/teams/logos/240x240/52682.png,250088240,https://img.uefa.com/imgml/TP/players/1/2024/324x324/250088240.jpg,2023-24
Alhassan Yusuf ,Nigeria,MIDFIELDER,UNKNOWN,25,2000-07-20,6,380,1,1,0,1,0,Royal Antwerp FC,ANT,https://img.uefa.com/imgml/TP/teams/logos/240x240/50113.png,250144506,https://img.uefa.com/imgml/TP/players/1/2024/324x324/250144506.jpg,2023-24
Hirving Lozano,Mexico,FORWARD,WINGER,30,1995-07-30,7,378,0,0,0,4,0,PSV Eindhoven,PSV,https://img.uefa.com/imgml/TP/teams/logos/240x240/50062.png,250106789,https://img.uefa.com/imgml/TP/players/1/2024/324x324/250106789.jpg,2023-24
Ferran Torres,Spain,FORWARD,WINGER,26,2000-02-29,8,376,3,1,0,2,0,FC Barcelona,BAR,https://img.uefa.com/imgml/TP/teams/logos/240x240/50080.png,250088320,https://img.uefa.com/imgml/TP/players/1/2024/324x324/250088320.jpg,2023-24
Mirko Ivanić,Montenegro,MIDFIELDER,ATTACKING_MIDFIELDER,32,1993-09-13,5,376,0,1,0,2,0,FK Crvena Zvezda,ZVE,https://img.uefa.com/imgml/TP/teams/logos/240x240/50069.png,250052849,https://img.uefa.com/imgml/TP/players/1/2024/324x324/250052849.jpg,2023-24
Ramy Bensebaini,Algeria,DEFENDER,CENTRE_BACK,31,1995-04-16,5,374,0,0,0,0,0,Borussia Dortmund,BVB,https://img.uefa.com/imgml/TP/teams/logos/240x240/52758.png,250119677,https://img.uefa.com/imgml/TP/players/1/2024/324x324/250119677.jpg,2023-24
Lucas Vázquez,Spain,DEFENDER,STRIKER,34,1991-07-01,9,373,0,1,0,2,0,Real Madrid C.F.,RMA,https://img.uefa.com/imgml/TP/teams/logos/240x240/50051.png,250040521,https://img.uefa.com/imgml/TP/players/1/2024/324x324/250040521.jpg,2023-24
Djibril Sow,Switzerland,MIDFIELDER,CENTRAL_MIDFIELDER,29,1997-02-06,6,372,0,0,0,0,0,Sevilla FC,SEV,https://img.uefa.com/imgml/TP/teams/logos/240x240/52714.png,250065420,https://img.uefa.com/imgml/TP/players/1/2024/324x324/250065420.jpg,2023-24
Nampalys Mendy,Senegal,MIDFIELDER,DEFENSIVE_MIDFIELDER,33,1992-06-23,6,371,0,0,0,2,0,RC Lens,LEN,https://img.uefa.com/imgml/TP/teams/logos/240x240/52277.png,250007197,https://img.uefa.com/imgml/TP/players/1/2024/324x324/250007197.jpg,2023-24
Bruma,Portugal,FORWARD,ATTACKING_MIDFIELDER,31,1994-10-24,5,371,2,1,0,0,0,SC Braga,BRA,https://img.uefa.com/imgml/TP/teams/logos/240x240/52336.png,250014115,https://img.uefa.com/imgml/TP/players/1/2024/324x324/250014115.jpg,2023-24
Deiver Machado,Colombia,DEFENDER,UNKNOWN,32,1993-09-02,5,371,0,0,0,1,0,RC Lens,LEN,https://img.uefa.com/imgml/TP/teams/logos/240x240/52277.png,250110954,https://img.uefa.com/imgml/TP/players/1/2024/324x324/250110954.jpg,2023-24
Patric,Spain,DEFENDER,FULL_BACK,33,1993-04-17,5,369,0,0,0,2,0,S.S. Lazio,LAZ,https://img.uefa.com/imgml/TP/teams/logos/240x240/52973.png,250065837,https://img.uefa.com/imgml/TP/players/1/2024/324x324/250065837.jpg,2023-24
João Félix,Portugal,FORWARD,STRIKER,26,1999-11-10,9,368,3,1,0,2,0,FC Barcelona,BAR,https://img.uefa.com/imgml/TP/teams/logos/240x240/50080.png,250101463,https://img.uefa.com/imgml/TP/players/1/2024/324x324/250101463.jpg,2023-24
Malick Thiaw,Germany,DEFENDER,UNKNOWN,24,2001-08-08,5,368,0,0,0,1,0,AC Milan,MIL,https://img.uefa.com/imgml/TP/teams/logos/240x240/50058.png,250123978,https://img.uefa.com/imgml/TP/players/1/2024/324x324/250123978.jpg,2023-24
Federico Dimarco,Italy,DEFENDER,UNKNOWN,28,1997-11-10,7,365,1,0,0,0,0,FC Internazionale Milano,INT,https://img.uefa.com/imgml/TP/teams/logos/240x240/50138.png,250056189,https://img.uefa.com/imgml/TP/players/1/2024/324x324/250056189.jpg,2023-24
Cherif Ndiaye,Senegal,FORWARD,UNKNOWN,30,1996-01-23,6,360,1,0,0,1,0,FK Crvena Zvezda,ZVE,https://img.uefa.com/imgml/TP/teams/logos/240x240/50069.png,250187238,https://img.uefa.com/imgml/TP/players/1/2024/324x324/250187238.jpg,2023-24
Davinson Sánchez,Colombia,DEFENDER,CENTRE_BACK,29,1996-06-12,4,360,0,2,0,0,0,Galatasaray A.Ş.,GAL,https://img.uefa.com/imgml/TP/teams/logos/240x240/50067.png,250099374,https://img.uefa.com/imgml/TP/players/1/2024/324x324/250099374.jpg,2023-24
David Carmo,Angola,DEFENDER,CENTRE_BACK,26,1999-07-19,4,360,0,0,0,3,0,FC Porto,POR,https://img.uefa.com/imgml/TP/teams/logos/240x240/50064.png,250117455,https://img.uefa.com/imgml/TP/players/1/2024/324x324/250117455.jpg,2023-24
Valeriy Bondar,Ukraine,DEFENDER,CENTRE_BACK,27,1999-02-27,4,360,0,0,0,2,0,FC Shakhtar Donetsk,SHK,https://img.uefa.com/imgml/TP/teams/logos/240x240/52707.png,250087118,https://img.uefa.com/imgml/TP/players/1/2024/324x324/250087118.jpg,2023-24
Kepa Arrizabalaga,Spain,GOALKEEPER,GOALKEEPER,31,1994-10-03,4,360,0,0,0,1,0,Real Madrid C.F.,RMA,https://img.uefa.com/imgml/TP/teams/logos/240x240/50051.png,250039900,https://img.uefa.com/imgml/TP/players/1/2024/324x324/250039900.jpg,2023-24
José Fonte,Portugal,DEFENDER,CENTRE_BACK,42,1983-12-22,4,360,0,0,0,1,0,SC Braga,BRA,https://img.uefa.com/imgml/TP/teams/logos/240x240/52336.png,101788,https://img.uefa.com/imgml/TP/players/1/2024/324x324/101788.jpg,2023-24
Justin Bijlow,Netherlands,GOALKEEPER,GOALKEEPER,28,1998-01-22,4,360,0,0,0,0,0,Feyenoord,FEY,https://img.uefa.com/imgml/TP/teams/logos/240x240/52749.png,250069830,https://img.uefa.com/imgml/TP/players/1/2024/324x324/250069830.jpg,2023-24
Marko Dmitrović,Serbia,GOALKEEPER,UNKNOWN,34,1992-01-24,4,360,0,0,0,0,0,Sevilla FC,SEV,https://img.uefa.com/imgml/TP/teams/logos/240x240/52714.png,250005610,https://img.uefa.com/imgml/TP/players/1/2024/324x324/250005610.jpg,2023-24
Arbnor Muja,Albania,FORWARD,UNKNOWN,27,1998-11-29,5,359,1,0,0,3,1,Royal Antwerp FC,ANT,https://img.uefa.com/imgml/TP/teams/logos/240x240/50113.png,250109524,https://img.uefa.com/imgml/TP/players/1/2024/324x324/250109524.jpg,2023-24
Janik Haberer,Germany,MIDFIELDER,UNKNOWN,32,1994-04-02,5,358,0,0,0,1,0,1. FC Union Berlin,UBE,https://img.uefa.com/imgml/TP/teams/logos/240x240/77977.png,250090993,https://img.uefa.com/imgml/TP/players/1/2024/324x324/250090993.jpg,2023-24
Ramiz Zerrouki,Algeria,MIDFIELDER,UNKNOWN,28,1998-05-26,5,355,1,0,0,2,0,Feyenoord,FEY,https://img.uefa.com/imgml/TP/teams/logos/240x240/52749.png,250174849,https://img.uefa.com/imgml/TP/players/1/2024/324x324/250174849.jpg,2023-24
Sean Longstaff,England,MIDFIELDER,UNKNOWN,28,1997-10-30,5,354,1,0,0,0,0,Newcastle United FC,NEW,https://img.uefa.com/imgml/TP/teams/logos/240x240/59324.png,250186147,https://img.uefa.com/imgml/TP/players/1/2024/324x324/250186147.jpg,2023-24
Lukas Klostermann,Germany,DEFENDER,FULL_BACK,30,1996-06-03,6,353,0,0,0,0,0,RB Leipzig,RBL,https://img.uefa.com/imgml/TP/teams/logos/240x240/2603790.png,250058260,https://img.uefa.com/imgml/TP/players/1/2024/324x324/250058260.jpg,2023-24
Yunus Musah,USA,MIDFIELDER,UNKNOWN,23,2002-11-29,5,352,0,0,0,4,0,AC Milan,MIL,https://img.uefa.com/imgml/TP/teams/logos/240x240/50058.png,250117511,https://img.uefa.com/imgml/TP/players/1/2024/324x324/250117511.jpg,2023-24
Mario Gila,Spain,DEFENDER,UNKNOWN,25,2000-08-29,4,351,0,0,0,0,0,S.S. Lazio,LAZ,https://img.uefa.com/imgml/TP/teams/logos/240x240/52973.png,250125051,https://img.uefa.com/imgml/TP/players/1/2024/324x324/250125051.jpg,2023-24
Santiago Giménez,Mexico,FORWARD,UNKNOWN,25,2001-04-18,4,348,2,1,0,1,0,Feyenoord,FEY,https://img.uefa.com/imgml/TP/teams/logos/240x240/52749.png,250177879,https://img.uefa.com/imgml/TP/players/1/2024/324x324/250177879.jpg,2023-24
Felix Nmecha,Germany,MIDFIELDER,UNKNOWN,25,2000-10-10,8,347,1,0,0,1,0,Borussia Dortmund,BVB,https://img.uefa.com/imgml/TP/teams/logos/240x240/52758.png,250112224,https://img.uefa.com/imgml/TP/players/1/2024/324x324/250112224.jpg,2023-24
Lucas Ocampos,Argentina,FORWARD,WINGER,31,1994-07-11,5,347,1,0,0,4,1,Sevilla FC,SEV,https://img.uefa.com/imgml/TP/teams/logos/240x240/52714.png,250067936,https://img.uefa.com/imgml/TP/players/1/2024/324x324/250067936.jpg,2023-24
Oriol Romeu,Spain,MIDFIELDER,DEFENSIVE_MIDFIELDER,34,1991-09-24,7,344,0,0,0,0,0,FC Barcelona,BAR,https://img.uefa.com/imgml/TP/teams/logos/240x240/50080.png,1906768,https://img.uefa.com/imgml/TP/players/1/2024/324x324/1906768.jpg,2023-24
Yaroslav Rakitskyy,Ukraine,DEFENDER,CENTRE_BACK,36,1989-08-03,5,344,1,0,0,1,0,FC Shakhtar Donetsk,SHK,https://img.uefa.com/imgml/TP/teams/logos/240x240/52707.png,250008930,https://img.uefa.com/imgml/TP/players/1/2024/324x324/250008930.jpg,2023-24
Elseid Hysaj,Albania,DEFENDER,FULL_BACK,32,1994-02-02,5,343,0,0,0,0,0,S.S. Lazio,LAZ,https://img.uefa.com/imgml/TP/teams/logos/240x240/52973.png,250023520,https://img.uefa.com/imgml/TP/players/1/2024/324x324/250023520.jpg,2023-24
Kang-in Lee,Korea Republic,MIDFIELDER,STRIKER,25,2001-02-19,9,342,1,1,0,1,0,Paris Saint-Germain,PSG,https://img.uefa.com/imgml/TP/teams/logos/240x240/52747.png,250121584,https://img.uefa.com/imgml/TP/players/1/2024/324x324/250121584.jpg,2023-24
John Stones,England,DEFENDER,CENTRE_BACK,32,1994-05-28,6,341,0,1,0,0,0,Manchester City,MCI,https://img.uefa.com/imgml/TP/teams/logos/240x240/52919.png,250064233,https://img.uefa.com/imgml/TP/players/1/2024/324x324/250064233.jpg,2023-24
Roko Šimić,Croatia,FORWARD,UNKNOWN,22,2003-09-10,6,340,1,1,1,2,0,FC Salzburg,SAL,https://img.uefa.com/imgml/TP/teams/logos/240x240/50030.png,250129734,https://img.uefa.com/imgml/TP/players/1/2024/324x324/250129734.jpg,2023-24
Simon Banza,DR Congo,FORWARD,UNKNOWN,29,1996-08-13,6,340,0,1,0,2,0,SC Braga,BRA,https://img.uefa.com/imgml/TP/teams/logos/240x240/52336.png,250177907,https://img.uefa.com/imgml/TP/players/1/2024/324x324/250177907.jpg,2023-24
Yussuf Poulsen,Denmark,FORWARD,STRIKER,31,1994-06-15,7,339,0,1,0,2,0,RB Leipzig,RBL,https://img.uefa.com/imgml/TP/teams/logos/240x240/2603790.png,250022869,https://img.uefa.com/imgml/TP/players/1/2024/324x324/250022869.jpg,2023-24
Alexis Sánchez,Chile,FORWARD,STRIKER,37,1988-12-19,8,335,2,0,1,0,0,FC Internazionale Milano,INT,https://img.uefa.com/imgml/TP/teams/logos/240x240/50138.png,250003528,https://img.uefa.com/imgml/TP/players/1/2024/324x324/250003528.jpg,2023-24
Joelinton,Brazil,MIDFIELDER,STRIKER,29,1996-08-14,4,335,1,0,0,2,0,Newcastle United FC,NEW,https://img.uefa.com/imgml/TP/teams/logos/240x240/59324.png,250086067,https://img.uefa.com/imgml/TP/players/1/2024/324x324/250086067.jpg,2023-24
Raphaël Varane,France,DEFENDER,CENTRE_BACK,33,1993-04-25,4,335,0,0,0,0,0,Manchester United,MUN,https://img.uefa.com/imgml/TP/teams/logos/240x240/52682.png,250025891,https://img.uefa.com/imgml/TP/players/1/2024/324x324/250025891.jpg,2023-24
Fernando,Brazil,MIDFIELDER,DEFENSIVE_MIDFIELDER,38,1987-07-25,4,330,0,0,0,0,1,Sevilla FC,SEV,https://img.uefa.com/imgml/TP/teams/logos/240x240/52714.png,250003327,https://img.uefa.com/imgml/TP/players/1/2024/324x324/250003327.jpg,2023-24
Alejandro Balde,Spain,DEFENDER,UNKNOWN,22,2003-10-18,6,329,0,0,0,1,0,FC Barcelona,BAR,https://img.uefa.com/imgml/TP/teams/logos/240x240/50080.png,250135416,https://img.uefa.com/imgml/TP/players/1/2024/324x324/250135416.jpg,2023-24
Adriá Pedrosa,Spain,DEFENDER,FULL_BACK,28,1998-05-13,4,329,0,0,0,0,0,Sevilla FC,SEV,https://img.uefa.com/imgml/TP/teams/logos/240x240/52714.png,250132179,https://img.uefa.com/imgml/TP/players/1/2024/324x324/250132179.jpg,2023-24
Pedri,Spain,MIDFIELDER,UNKNOWN,23,2002-11-25,6,327,0,3,0,0,0,FC Barcelona,BAR,https://img.uefa.com/imgml/TP/teams/logos/240x240/50080.png,250143693,https://img.uefa.com/imgml/TP/players/1/2024/324x324/250143693.jpg,2023-24
Sofyan Amrabat,Morocco,MIDFIELDER,CENTRAL_MIDFIELDER,29,1996-08-21,5,327,0,0,0,2,0,Manchester United,MUN,https://img.uefa.com/imgml/TP/teams/logos/240x240/52682.png,250111362,https://img.uefa.com/imgml/TP/players/1/2024/324x324/250111362.jpg,2023-24
Mathías Olivera,Uruguay,DEFENDER,FULL_BACK,28,1997-10-31,6,326,0,0,0,2,0,SSC Napoli,NAP,https://img.uefa.com/imgml/TP/teams/logos/240x240/50136.png,250134196,https://img.uefa.com/imgml/TP/players/1/2024/324x324/250134196.jpg,2023-24
Ruben Loftus-Cheek,England,MIDFIELDER,CENTRAL_MIDFIELDER,30,1996-01-23,4,325,0,0,0,0,0,AC Milan,MIL,https://img.uefa.com/imgml/TP/teams/logos/240x240/50058.png,250056566,https://img.uefa.com/imgml/TP/players/1/2024/324x324/250056566.jpg,2023-24
João Mário,Portugal,FORWARD,UNKNOWN,33,1993-01-19,5,324,3,0,0,1,0,SL Benfica,BEN,https://img.uefa.com/imgml/TP/teams/logos/240x240/50147.png,250014109,https://img.uefa.com/imgml/TP/players/1/2024/324x324/250014109.jpg,2023-24
Saidy Janko,Gambia,DEFENDER,FULL_BACK,30,1995-10-22,5,324,0,0,0,0,0,BSC Young Boys,YB,https://img.uefa.com/imgml/TP/teams/logos/240x240/50031.png,250066211,https://img.uefa.com/imgml/TP/players/1/2024/324x324/250066211.jpg,2023-24
Serdar Saatçı,Türkiye,DEFENDER,UNKNOWN,23,2003-02-14,4,324,0,0,0,0,0,SC Braga,BRA,https://img.uefa.com/imgml/TP/teams/logos/240x240/52336.png,250145827,https://img.uefa.com/imgml/TP/players/1/2024/324x324/250145827.jpg,2023-24
Brahim Díaz,Morocco,FORWARD,ATTACKING_MIDFIELDER,26,1999-08-03,9,323,2,1,0,0,0,Real Madrid C.F.,RMA,https://img.uefa.com/imgml/TP/teams/logos/240x240/50051.png,250088039,https://img.uefa.com/imgml/TP/players/1/2024/324x324/250088039.jpg,2023-24
Denzel Dumfries,Netherlands,DEFENDER,FULL_BACK,30,1996-04-18,5,322,0,1,0,1,0,FC Internazionale Milano,INT,https://img.uefa.com/imgml/TP/teams/logos/240x240/50138.png,250112690,https://img.uefa.com/imgml/TP/players/1/2024/324x324/250112690.jpg,2023-24
Juanlu,Spain,MIDFIELDER,UNKNOWN,22,2003-08-15,6,321,0,1,0,1,0,Sevilla FC,SEV,https://img.uefa.com/imgml/TP/teams/logos/240x240/52714.png,250129981,https://img.uefa.com/imgml/TP/players/1/2024/324x324/250129981.jpg,2023-24
Ángel Correa,Argentina,FORWARD,WINGER,31,1995-03-09,10,318,1,0,0,1,0,Atlético de Madrid,ATM,https://img.uefa.com/imgml/TP/teams/logos/240x240/50124.png,250086315,https://img.uefa.com/imgml/TP/players/1/2024/324x324/250086315.jpg,2023-24
Iñigo Martínez,Spain,DEFENDER,CENTRE_BACK,35,1991-05-17,4,318,0,0,0,2,0,FC Barcelona,BAR,https://img.uefa.com/imgml/TP/teams/logos/240x240/50080.png,250040471,https://img.uefa.com/imgml/TP/players/1/2024/324x324/250040471.jpg,2023-24
Ismael Saibari,Morocco,MIDFIELDER,ATTACKING_MIDFIELDER,25,2001-01-28,7,317,1,0,0,0,0,PSV Eindhoven,PSV,https://img.uefa.com/imgml/TP/teams/logos/240x240/50062.png,250134320,https://img.uefa.com/imgml/TP/players/1/2024/324x324/250134320.jpg,2023-24
Rodrigo Riquelme,Spain,MIDFIELDER,UNKNOWN,26,2000-04-02,8,316,0,0,0,0,0,Atlético de Madrid,ATM,https://img.uefa.com/imgml/TP/teams/logos/240x240/50124.png,250101313,https://img.uefa.com/imgml/TP/players/1/2024/324x324/250101313.jpg,2023-24
Aurele Amenda,Switzerland,DEFENDER,UNKNOWN,22,2003-07-31,4,314,0,0,0,1,0,BSC Young Boys,YB,https://img.uefa.com/imgml/TP/teams/logos/240x240/50031.png,250135303,https://img.uefa.com/imgml/TP/players/1/2024/324x324/250135303.jpg,2023-24
Victor Gómez,Spain,DEFENDER,FULL_BACK,26,2000-04-01,4,314,0,0,0,1,0,SC Braga,BRA,https://img.uefa.com/imgml/TP/teams/logos/240x240/52336.png,250107061,https://img.uefa.com/imgml/TP/players/1/2024/324x324/250107061.jpg,2023-24
Alexander Isak,Sweden,FORWARD,STRIKER,26,1999-09-21,5,312,1,1,0,0,0,Newcastle United FC,NEW,https://img.uefa.com/imgml/TP/teams/logos/240x240/59324.png,250089868,https://img.uefa.com/imgml/TP/players/1/2024/324x324/250089868.jpg,2023-24
Paulo Bernardo,Portugal,MIDFIELDER,CENTRAL_MIDFIELDER,24,2002-01-24,6,310,0,0,0,0,0,Celtic FC,CEL,https://img.uefa.com/imgml/TP/teams/logos/240x240/50050.png,250117406,https://img.uefa.com/imgml/TP/players/1/2024/324x324/250117406.jpg,2023-24
Harry Maguire,England,DEFENDER,CENTRE_BACK,33,1993-03-05,4,310,1,0,0,1,0,Manchester United,MUN,https://img.uefa.com/imgml/TP/teams/logos/240x240/52682.png,250075007,https://img.uefa.com/imgml/TP/players/1/2024/324x324/250075007.jpg,2023-24
Al-Musrati,Portugal,MIDFIELDER,DEFENSIVE_MIDFIELDER,30,1996-04-06,5,308,0,0,0,0,0,SC Braga,BRA,https://img.uefa.com/imgml/TP/teams/logos/240x240/52336.png,250132338,https://img.uefa.com/imgml/TP/players/1/2024/324x324/250132338.jpg,2023-24
Zaidu Sanusi,Nigeria,DEFENDER,UNKNOWN,28,1997-06-13,4,308,0,0,0,0,0,FC Porto,POR,https://img.uefa.com/imgml/TP/teams/logos/240x240/50064.png,250144327,https://img.uefa.com/imgml/TP/players/1/2024/324x324/250144327.jpg,2023-24
Alejandro Garnacho,Argentina,FORWARD,UNKNOWN,21,2004-07-01,6,302,1,1,0,0,0,Manchester United,MUN,https://img.uefa.com/imgml/TP/teams/logos/240x240/52682.png,250135496,https://img.uefa.com/imgml/TP/players/1/2024/324x324/250135496.jpg,2023-24
Samson Baidoo,Austria,DEFENDER,UNKNOWN,22,2004-03-31,5,302,0,0,0,2,0,FC Salzburg,SAL,https://img.uefa.com/imgml/TP/teams/logos/240x240/50030.png,250139010,https://img.uefa.com/imgml/TP/players/1/2024/324x324/250139010.jpg,2023-24
Kevin Behrens,Germany,FORWARD,UNKNOWN,35,1991-02-03,5,301,0,0,0,0,0,1. FC Union Berlin,UBE,https://img.uefa.com/imgml/TP/teams/logos/240x240/77977.png,250161586,https://img.uefa.com/imgml/TP/players/1/2024/324x324/250161586.jpg,2023-24
Jeremy Doku,Belgium,MIDFIELDER,STRIKER,24,2002-05-27,7,300,1,1,0,0,0,Manchester City,MCI,https://img.uefa.com/imgml/TP/teams/logos/240x240/52919.png,250113142,https://img.uefa.com/imgml/TP/players/1/2024/324x324/250113142.jpg,2023-24
Marko Stamenic,New Zealand,MIDFIELDER,UNKNOWN,24,2002-02-19,4,299,1,0,0,2,0,FK Crvena Zvezda,ZVE,https://img.uefa.com/imgml/TP/teams/logos/240x240/50069.png,250162129,https://img.uefa.com/imgml/TP/players/1/2024/324x324/250162129.jpg,2023-24
Cameron Carter-Vickers,USA,DEFENDER,CENTRE_BACK,28,1997-12-31,4,298,0,0,0,1,0,Celtic FC,CEL,https://img.uefa.com/imgml/TP/teams/logos/240x240/50050.png,250094540,https://img.uefa.com/imgml/TP/players/1/2024/324x324/250094540.jpg,2023-24
Victor Lindelöf,Sweden,DEFENDER,CENTRE_BACK,31,1994-07-17,4,297,0,0,0,0,0,Manchester United,MUN,https://img.uefa.com/imgml/TP/teams/logos/240x240/52682.png,250055905,https://img.uefa.com/imgml/TP/players/1/2024/324x324/250055905.jpg,2023-24
Irakli Azarov,Georgia,DEFENDER,UNKNOWN,24,2002-02-21,4,295,0,1,0,0,0,FC Shakhtar Donetsk,SHK,https://img.uefa.com/imgml/TP/teams/logos/240x240/52707.png,250108031,https://img.uefa.com/imgml/TP/players/1/2024/324x324/250108031.jpg,2023-24
Rani Khedira,Tunisia,MIDFIELDER,UNKNOWN,32,1994-01-27,4,293,0,0,0,2,0,1. FC Union Berlin,UBE,https://img.uefa.com/imgml/TP/teams/logos/240x240/77977.png,250054030,https://img.uefa.com/imgml/TP/players/1/2024/324x324/250054030.jpg,2023-24
João Moutinho,Portugal,MIDFIELDER,CENTRAL_MIDFIELDER,39,1986-09-08,5,290,0,0,0,0,0,SC Braga,BRA,https://img.uefa.com/imgml/TP/teams/logos/240x240/52336.png,70098,https://img.uefa.com/imgml/TP/players/1/2024/324x324/70098.jpg,2023-24
Angelo Fulgini,France,FORWARD,UNKNOWN,29,1996-08-20,6,289,2,0,0,2,0,RC Lens,LEN,https://img.uefa.com/imgml/TP/teams/logos/240x240/52277.png,250057933,https://img.uefa.com/imgml/TP/players/1/2024/324x324/250057933.jpg,2023-24
Marcus Rashford,England,FORWARD,STRIKER,28,1997-10-31,4,289,0,2,0,0,1,Manchester United,MUN,https://img.uefa.com/imgml/TP/teams/logos/240x240/52682.png,250088246,https://img.uefa.com/imgml/TP/players/1/2024/324x324/250088246.jpg,2023-24
César Azpilicueta,Spain,DEFENDER,FULL_BACK,36,1989-08-28,6,288,0,0,0,2,0,Atlético de Madrid,ATM,https://img.uefa.com/imgml/TP/teams/logos/240x240/50124.png,103827,https://img.uefa.com/imgml/TP/players/1/2024/324x324/103827.jpg,2023-24
Daizen Maeda,Japan,FORWARD,UNKNOWN,28,1997-10-20,4,285,0,1,0,0,1,Celtic FC,CEL,https://img.uefa.com/imgml/TP/teams/logos/240x240/50050.png,250169706,https://img.uefa.com/imgml/TP/players/1/2024/324x324/250169706.jpg,2023-24
Marius Wolf,Germany,MIDFIELDER,WINGER,31,1995-05-27,6,284,0,0,0,1,0,Borussia Dortmund,BVB,https://img.uefa.com/imgml/TP/teams/logos/240x240/52758.png,250088942,https://img.uefa.com/imgml/TP/players/1/2024/324x324/250088942.jpg,2023-24
Giorgi Gocholeishvili,Georgia,DEFENDER,UNKNOWN,25,2001-02-14,4,284,0,1,0,1,0,FC Shakhtar Donetsk,SHK,https://img.uefa.com/imgml/TP/teams/logos/240x240/52707.png,250114145,https://img.uefa.com/imgml/TP/players/1/2024/324x324/250114145.jpg,2023-24
Kevin Kampl,Slovenia,MIDFIELDER,CENTRAL_MIDFIELDER,35,1990-10-09,7,282,0,2,0,1,0,RB Leipzig,RBL,https://img.uefa.com/imgml/TP/teams/logos/240x240/2603790.png,250014636,https://img.uefa.com/imgml/TP/players/1/2024/324x324/250014636.jpg,2023-24
Gernot Trauner,Austria,DEFENDER,CENTRE_BACK,34,1992-03-25,4,282,0,0,0,0,0,Feyenoord,FEY,https://img.uefa.com/imgml/TP/teams/logos/240x240/52749.png,250019573,https://img.uefa.com/imgml/TP/players/1/2024/324x324/250019573.jpg,2023-24
Cédric Itten,Switzerland,FORWARD,STRIKER,29,1996-12-27,4,280,1,0,1,0,0,BSC Young Boys,YB,https://img.uefa.com/imgml/TP/teams/logos/240x240/50031.png,250064273,https://img.uefa.com/imgml/TP/players/1/2024/324x324/250064273.jpg,2023-24
Sandro Lauper,Switzerland,MIDFIELDER,CENTRE_BACK,29,1996-10-25,4,280,0,0,0,3,1,BSC Young Boys,YB,https://img.uefa.com/imgml/TP/teams/logos/240x240/50031.png,250085751,https://img.uefa.com/imgml/TP/players/1/2024/324x324/250085751.jpg,2023-24
Julián Alvarez,Argentina,FORWARD,UNKNOWN,26,2000-01-31,7,279,5,2,0,0,0,Manchester City,MCI,https://img.uefa.com/imgml/TP/teams/logos/240x240/52919.png,250172668,https://img.uefa.com/imgml/TP/players/1/2024/324x324/250172668.jpg,2023-24
Dan Burn,England,DEFENDER,UNKNOWN,34,1992-05-09,4,278,1,0,0,0,0,Newcastle United FC,NEW,https://img.uefa.com/imgml/TP/teams/logos/240x240/59324.png,250186141,https://img.uefa.com/imgml/TP/players/1/2024/324x324/250186141.jpg,2023-24
Fermín López,Spain,FORWARD,CENTRAL_MIDFIELDER,23,2003-05-11,8,277,2,1,0,2,0,FC Barcelona,BAR,https://img.uefa.com/imgml/TP/teams/logos/240x240/50080.png,250164780,https://img.uefa.com/imgml/TP/players/1/2024/324x324/250164780.jpg,2023-24
Oleksandr Zinchenko,Ukraine,DEFENDER,FULL_BACK,29,1996-12-15,6,277,0,0,0,1,0,Arsenal FC,ARS,https://img.uefa.com/imgml/TP/teams/logos/240x240/52280.png,250056861,https://img.uefa.com/imgml/TP/players/1/2024/324x324/250056861.jpg,2023-24
António Silva,Portugal,DEFENDER,UNKNOWN,22,2003-10-30,4,277,0,0,0,0,2,SL Benfica,BEN,https://img.uefa.com/imgml/TP/teams/logos/240x240/50147.png,250128468,https://img.uefa.com/imgml/TP/players/1/2024/324x324/250128468.jpg,2023-24
Aïssa Laïdouni,Tunisia,MIDFIELDER,UNKNOWN,29,1996-12-13,6,276,0,1,0,1,0,1. FC Union Berlin,UBE,https://img.uefa.com/imgml/TP/teams/logos/240x240/77977.png,250141220,https://img.uefa.com/imgml/TP/players/1/2024/324x324/250141220.jpg,2023-24
Jurgen Ekkelenkamp,Netherlands,MIDFIELDER,ATTACKING_MIDFIELDER,26,2000-04-05,4,274,0,0,0,0,1,Royal Antwerp FC,ANT,https://img.uefa.com/imgml/TP/teams/logos/240x240/50113.png,250101721,https://img.uefa.com/imgml/TP/players/1/2024/324x324/250101721.jpg,2023-24
Joselu,Spain,FORWARD,UNKNOWN,36,1990-03-27,11,273,5,0,0,0,0,Real Madrid C.F.,RMA,https://img.uefa.com/imgml/TP/teams/logos/240x240/50051.png,250005193,https://img.uefa.com/imgml/TP/players/1/2024/324x324/250005193.jpg,2023-24
Nicolas Seiwald,Austria,MIDFIELDER,UNKNOWN,25,2001-05-04,4,272,0,0,0,0,0,RB Leipzig,RBL,https://img.uefa.com/imgml/TP/teams/logos/240x240/2603790.png,250114167,https://img.uefa.com/imgml/TP/players/1/2024/324x324/250114167.jpg,2023-24
Pau Cubarsí,Spain,DEFENDER,UNKNOWN,19,2007-01-22,3,270,0,0,0,1,0,FC Barcelona,BAR,https://img.uefa.com/imgml/TP/teams/logos/240x240/50080.png,250176453,https://img.uefa.com/imgml/TP/players/1/2024/324x324/250176453.jpg,2023-24
Robin Knoche,Germany,DEFENDER,CENTRE_BACK,34,1992-05-22,3,270,0,0,0,1,0,1. FC Union Berlin,UBE,https://img.uefa.com/imgml/TP/teams/logos/240x240/77977.png,250064226,https://img.uefa.com/imgml/TP/players/1/2024/324x324/250064226.jpg,2023-24
Sven Ulreich,Germany,GOALKEEPER,UNKNOWN,37,1988-08-03,3,270,0,0,0,1,0,FC Bayern München,BAY,https://img.uefa.com/imgml/TP/teams/logos/240x240/50037.png,1902445,https://img.uefa.com/imgml/TP/players/1/2024/324x324/1902445.jpg,2023-24
Tino Livramento,England,DEFENDER,UNKNOWN,23,2002-11-12,3,270,0,0,0,0,0,Newcastle United FC,NEW,https://img.uefa.com/imgml/TP/teams/logos/240x240/59324.png,250117508,https://img.uefa.com/imgml/TP/players/1/2024/324x324/250117508.jpg,2023-24
Stefan Ortega,Germany,GOALKEEPER,UNKNOWN,33,1992-11-06,3,270,0,0,0,0,0,Manchester City,MCI,https://img.uefa.com/imgml/TP/teams/logos/240x240/52919.png,250028705,https://img.uefa.com/imgml/TP/players/1/2024/324x324/250028705.jpg,2023-24
Péter Gulácsi,Hungary,GOALKEEPER,GOALKEEPER,36,1990-05-06,3,270,0,0,0,0,0,RB Leipzig,RBL,https://img.uefa.com/imgml/TP/teams/logos/240x240/2603790.png,102420,https://img.uefa.com/imgml/TP/players/1/2024/324x324/102420.jpg,2023-24
Fábio Cardoso,Portugal,DEFENDER,UNKNOWN,32,1994-04-19,3,269,0,0,0,2,0,FC Porto,POR,https://img.uefa.com/imgml/TP/teams/logos/240x240/50064.png,250054426,https://img.uefa.com/imgml/TP/players/1/2024/324x324/250054426.jpg,2023-24
Luis Palma,Honduras,MIDFIELDER,UNKNOWN,26,2000-01-17,5,268,2,0,1,3,0,Celtic FC,CEL,https://img.uefa.com/imgml/TP/teams/logos/240x240/50050.png,250174602,https://img.uefa.com/imgml/TP/players/1/2024/324x324/250174602.jpg,2023-24
Vitor Carvalho,Brazil,MIDFIELDER,UNKNOWN,29,1997-05-27,5,266,0,0,0,0,0,SC Braga,BRA,https://img.uefa.com/imgml/TP/teams/logos/240x240/52336.png,250174903,https://img.uefa.com/imgml/TP/players/1/2024/324x324/250174903.jpg,2023-24
Amadou Haidara,Mali,MIDFIELDER,CENTRAL_MIDFIELDER,28,1998-01-31,5,266,0,0,0,0,0,RB Leipzig,RBL,https://img.uefa.com/imgml/TP/teams/logos/240x240/2603790.png,250102866,https://img.uefa.com/imgml/TP/players/1/2024/324x324/250102866.jpg,2023-24
Orkun Kökçü,Türkiye,MIDFIELDER,ATTACKING_MIDFIELDER,25,2000-12-29,5,264,0,0,0,0,0,SL Benfica,BEN,https://img.uefa.com/imgml/TP/teams/logos/240x240/50147.png,250113211,https://img.uefa.com/imgml/TP/players/1/2024/324x324/250113211.jpg,2023-24
Joel Monteiro,Switzerland,FORWARD,UNKNOWN,26,1999-08-05,4,264,0,1,0,2,0,BSC Young Boys,YB,https://img.uefa.com/imgml/TP/teams/logos/240x240/50031.png,250157930,https://img.uefa.com/imgml/TP/players/1/2024/324x324/250157930.jpg,2023-24
Mandela Keita,Belgium,DEFENDER,UNKNOWN,24,2002-05-10,3,263,0,0,0,1,0,Royal Antwerp FC,ANT,https://img.uefa.com/imgml/TP/teams/logos/240x240/50113.png,250169373,https://img.uefa.com/imgml/TP/players/1/2024/324x324/250169373.jpg,2023-24
Jérôme Roussillon,France,DEFENDER,FULL_BACK,33,1993-01-06,4,262,0,1,0,0,0,1. FC Union Berlin,UBE,https://img.uefa.com/imgml/TP/teams/logos/240x240/77977.png,250029032,https://img.uefa.com/imgml/TP/players/1/2024/324x324/250029032.jpg,2023-24
Leonardo Bonucci,Italy,DEFENDER,CENTRE_BACK,39,1987-05-01,3,260,0,0,0,3,0,1. FC Union Berlin,UBE,https://img.uefa.com/imgml/TP/teams/logos/240x240/77977.png,250017925,https://img.uefa.com/imgml/TP/players/1/2024/324x324/250017925.jpg,2023-24
Danilho Doekhi,Netherlands,DEFENDER,UNKNOWN,27,1998-06-30,3,260,0,0,0,0,0,1. FC Union Berlin,UBE,https://img.uefa.com/imgml/TP/teams/logos/240x240/77977.png,250101715,https://img.uefa.com/imgml/TP/players/1/2024/324x324/250101715.jpg,2023-24
Pablo Barrios,Spain,MIDFIELDER,UNKNOWN,22,2003-06-15,7,258,1,1,0,0,0,Atlético de Madrid,ATM,https://img.uefa.com/imgml/TP/teams/logos/240x240/50124.png,250139036,https://img.uefa.com/imgml/TP/players/1/2024/324x324/250139036.jpg,2023-24
Daichi Kamada,Japan,MIDFIELDER,ATTACKING_MIDFIELDER,29,1996-08-05,7,257,0,0,0,0,0,S.S. Lazio,LAZ,https://img.uefa.com/imgml/TP/teams/logos/240x240/52973.png,250132313,https://img.uefa.com/imgml/TP/players/1/2024/324x324/250132313.jpg,2023-24
Yukhym Konoplia,Ukraine,DEFENDER,UNKNOWN,26,1999-08-26,3,256,0,1,0,3,0,FC Shakhtar Donetsk,SHK,https://img.uefa.com/imgml/TP/teams/logos/240x240/52707.png,250112974,https://img.uefa.com/imgml/TP/players/1/2024/324x324/250112974.jpg,2023-24
Hakim Ziyech,Morocco,MIDFIELDER,CENTRAL_MIDFIELDER,33,1993-03-19,5,251,2,1,0,1,0,Galatasaray A.Ş.,GAL,https://img.uefa.com/imgml/TP/teams/logos/240x240/50067.png,250053191,https://img.uefa.com/imgml/TP/players/1/2024/324x324/250053191.jpg,2023-24
Javier Galán,Spain,DEFENDER,UNKNOWN,31,1994-11-19,4,251,0,0,0,1,0,Real Sociedad de Fútbol,RSO,https://img.uefa.com/imgml/TP/teams/logos/240x240/50123.png,250186923,https://img.uefa.com/imgml/TP/players/1/2024/324x324/250186923.jpg,2023-24
David Alaba,Austria,DEFENDER,FULL_BACK,33,1992-06-24,3,251,0,1,0,1,0,Real Madrid C.F.,RMA,https://img.uefa.com/imgml/TP/teams/logos/240x240/50051.png,1906540,https://img.uefa.com/imgml/TP/players/1/2024/324x324/1906540.jpg,2023-24
Giacomo Raspadori,Italy,FORWARD,UNKNOWN,26,2000-02-18,8,250,1,0,0,1,0,SSC Napoli,NAP,https://img.uefa.com/imgml/TP/teams/logos/240x240/50136.png,250105617,https://img.uefa.com/imgml/TP/players/1/2024/324x324/250105617.jpg,2023-24
Alex Král,Czechia,MIDFIELDER,UNKNOWN,28,1998-05-19,6,247,1,1,0,0,0,1. FC Union Berlin,UBE,https://img.uefa.com/imgml/TP/teams/logos/240x240/77977.png,250077921,https://img.uefa.com/imgml/TP/players/1/2024/324x324/250077921.jpg,2023-24
Dodi Lukébakio,Belgium,FORWARD,UNKNOWN,28,1997-09-24,4,247,0,0,0,0,0,Sevilla FC,SEV,https://img.uefa.com/imgml/TP/teams/logos/240x240/52714.png,250067658,https://img.uefa.com/imgml/TP/players/1/2024/324x324/250067658.jpg,2023-24
Gustav Isaksen,Denmark,FORWARD,WINGER,25,2001-04-19,5,243,0,1,0,0,0,S.S. Lazio,LAZ,https://img.uefa.com/imgml/TP/teams/logos/240x240/52973.png,250101877,https://img.uefa.com/imgml/TP/players/1/2024/324x324/250101877.jpg,2023-24
Francisco Conceição,Portugal,FORWARD,UNKNOWN,23,2002-12-14,8,241,1,1,0,2,0,FC Porto,POR,https://img.uefa.com/imgml/TP/teams/logos/240x240/50064.png,250117405,https://img.uefa.com/imgml/TP/players/1/2024/324x324/250117405.jpg,2023-24
André Franco,Portugal,MIDFIELDER,UNKNOWN,28,1998-04-12,4,240,0,1,0,0,0,FC Porto,POR,https://img.uefa.com/imgml/TP/teams/logos/240x240/50064.png,250102294,https://img.uefa.com/imgml/TP/players/1/2024/324x324/250102294.jpg,2023-24
Lucas Tousart,France,MIDFIELDER,DEFENSIVE_MIDFIELDER,29,1997-04-29,5,238,0,1,0,3,0,1. FC Union Berlin,UBE,https://img.uefa.com/imgml/TP/teams/logos/240x240/77977.png,250081923,https://img.uefa.com/imgml/TP/players/1/2024/324x324/250081923.jpg,2023-24
Karim Konaté,Ivory Coast,FORWARD,UNKNOWN,22,2004-03-21,5,238,0,0,0,0,0,FC Salzburg,SAL,https://img.uefa.com/imgml/TP/teams/logos/240x240/50030.png,250171301,https://img.uefa.com/imgml/TP/players/1/2024/324x324/250171301.jpg,2023-24
Kosta Nedeljković,Serbia,DEFENDER,UNKNOWN,20,2005-12-16,4,238,0,0,0,0,0,FK Crvena Zvezda,ZVE,https://img.uefa.com/imgml/TP/teams/logos/240x240/50069.png,250164008,https://img.uefa.com/imgml/TP/players/1/2024/324x324/250164008.jpg,2023-24
Callum Wilson,England,FORWARD,UNKNOWN,34,1992-02-27,4,237,0,0,0,0,0,Newcastle United FC,NEW,https://img.uefa.com/imgml/TP/teams/logos/240x240/59324.png,250127450,https://img.uefa.com/imgml/TP/players/1/2024/324x324/250127450.jpg,2023-24
Petar Musa,Croatia,FORWARD,STRIKER,28,1998-03-04,6,233,0,0,0,1,0,SL Benfica,BEN,https://img.uefa.com/imgml/TP/teams/logos/240x240/50147.png,250138608,https://img.uefa.com/imgml/TP/players/1/2024/324x324/250138608.jpg,2023-24
Kevin Volland,Germany,FORWARD,STRIKER,33,1992-07-30,5,233,1,0,0,0,0,1. FC Union Berlin,UBE,https://img.uefa.com/imgml/TP/teams/logos/240x240/77977.png,250023705,https://img.uefa.com/imgml/TP/players/1/2024/324x324/250023705.jpg,2023-24
Antony,Brazil,FORWARD,WINGER,26,2000-02-24,4,233,0,0,0,1,0,Manchester United,MUN,https://img.uefa.com/imgml/TP/teams/logos/240x240/52682.png,250144211,https://img.uefa.com/imgml/TP/players/1/2024/324x324/250144211.jpg,2023-24
Tetê,Brazil,FORWARD,WINGER,26,2000-02-15,5,230,1,1,0,1,0,Galatasaray A.Ş.,GAL,https://img.uefa.com/imgml/TP/teams/logos/240x240/50067.png,250132526,https://img.uefa.com/imgml/TP/players/1/2024/324x324/250132526.jpg,2023-24
Gavi,Spain,MIDFIELDER,UNKNOWN,21,2004-08-05,3,229,1,0,0,3,1,FC Barcelona,BAR,https://img.uefa.com/imgml/TP/teams/logos/240x240/50080.png,250139255,https://img.uefa.com/imgml/TP/players/1/2024/324x324/250139255.jpg,2023-24
Adrien Thomasson,France,MIDFIELDER,UNKNOWN,32,1993-12-10,5,224,1,0,0,1,0,RC Lens,LEN,https://img.uefa.com/imgml/TP/teams/logos/240x240/52277.png,250132409,https://img.uefa.com/imgml/TP/players/1/2024/324x324/250132409.jpg,2023-24
Ritchie De Laet,Belgium,DEFENDER,CENTRE_BACK,37,1988-11-28,4,224,0,0,0,1,0,Royal Antwerp FC,ANT,https://img.uefa.com/imgml/TP/teams/logos/240x240/50113.png,250012092,https://img.uefa.com/imgml/TP/players/1/2024/324x324/250012092.jpg,2023-24
Nico González,Spain,MIDFIELDER,UNKNOWN,24,2002-01-03,6,222,0,0,0,1,0,FC Porto,POR,https://img.uefa.com/imgml/TP/teams/logos/240x240/50064.png,250123952,https://img.uefa.com/imgml/TP/players/1/2024/324x324/250123952.jpg,2023-24
Artem Bondarenko,Ukraine,MIDFIELDER,CENTRAL_MIDFIELDER,25,2000-08-21,4,220,0,0,0,0,0,FC Shakhtar Donetsk,SHK,https://img.uefa.com/imgml/TP/teams/logos/240x240/52707.png,250112969,https://img.uefa.com/imgml/TP/players/1/2024/324x324/250112969.jpg,2023-24
Jesús Navas,Spain,FORWARD,FULL_BACK,40,1985-11-21,4,219,0,0,0,1,0,Sevilla FC,SEV,https://img.uefa.com/imgml/TP/teams/logos/240x240/52714.png,69173,https://img.uefa.com/imgml/TP/players/1/2024/324x324/69173.jpg,2023-24
Andreas Ulmer,Austria,DEFENDER,FULL_BACK,40,1985-10-30,3,219,0,0,0,0,0,FC Salzburg,SAL,https://img.uefa.com/imgml/TP/teams/logos/240x240/50030.png,101177,https://img.uefa.com/imgml/TP/players/1/2024/324x324/101177.jpg,2023-24
Arsen Zakharyan,Russia,MIDFIELDER,UNKNOWN,23,2003-05-26,5,217,0,0,0,1,0,Real Sociedad de Fútbol,RSO,https://img.uefa.com/imgml/TP/teams/logos/240x240/50123.png,250129880,https://img.uefa.com/imgml/TP/players/1/2024/324x324/250129880.jpg,2023-24
Lewin Blum,Switzerland,DEFENDER,FULL_BACK,24,2001-07-27,4,217,1,0,0,1,0,BSC Young Boys,YB,https://img.uefa.com/imgml/TP/teams/logos/240x240/50031.png,250124169,https://img.uefa.com/imgml/TP/players/1/2024/324x324/250124169.jpg,2023-24
Oscar Bobb,Norway,MIDFIELDER,UNKNOWN,22,2003-07-12,4,217,1,0,0,0,0,Manchester City,MCI,https://img.uefa.com/imgml/TP/teams/logos/240x240/52919.png,250129162,https://img.uefa.com/imgml/TP/players/1/2024/324x324/250129162.jpg,2023-24
Newertton,Brazil,MIDFIELDER,UNKNOWN,21,2005-06-03,4,217,0,0,0,1,0,FC Shakhtar Donetsk,SHK,https://img.uefa.com/imgml/TP/teams/logos/240x240/52707.png,250187671,https://img.uefa.com/imgml/TP/players/1/2024/324x324/250187671.jpg,2023-24
Boubakary Soumaré,France,MIDFIELDER,DEFENSIVE_MIDFIELDER,27,1999-02-27,4,215,0,0,0,2,0,Sevilla FC,SEV,https://img.uefa.com/imgml/TP/teams/logos/240x240/52714.png,250087425,https://img.uefa.com/imgml/TP/players/1/2024/324x324/250087425.jpg,2023-24
Mário Rui,Portugal,DEFENDER,FULL_BACK,35,1991-05-27,4,214,0,1,0,0,0,SSC Napoli,NAP,https://img.uefa.com/imgml/TP/teams/logos/240x240/50136.png,1907928,https://img.uefa.com/imgml/TP/players/1/2024/324x324/1907928.jpg,2023-24
Taty Castellanos,Argentina,FORWARD,UNKNOWN,27,1998-10-03,7,213,0,0,0,2,0,S.S. Lazio,LAZ,https://img.uefa.com/imgml/TP/teams/logos/240x240/52973.png,250187694,https://img.uefa.com/imgml/TP/players/1/2024/324x324/250187694.jpg,2023-24
Aaron Wan-Bissaka,England,DEFENDER,FULL_BACK,28,1997-11-26,3,213,0,1,0,1,0,Manchester United,MUN,https://img.uefa.com/imgml/TP/teams/logos/240x240/52682.png,250123067,https://img.uefa.com/imgml/TP/players/1/2024/324x324/250123067.jpg,2023-24
Gonçalo Ramos,Portugal,FORWARD,STRIKER,24,2001-06-20,7,211,0,0,0,1,0,Paris Saint-Germain,PSG,https://img.uefa.com/imgml/TP/teams/logos/240x240/52747.png,250116654,https://img.uefa.com/imgml/TP/players/1/2024/324x324/250116654.jpg,2023-24
Petar Ratkov,Serbia,FORWARD,UNKNOWN,22,2003-08-18,6,211,0,0,0,1,0,FC Salzburg,SAL,https://img.uefa.com/imgml/TP/teams/logos/240x240/50030.png,250172594,https://img.uefa.com/imgml/TP/players/1/2024/324x324/250172594.jpg,2023-24
Abel Ruiz,Spain,FORWARD,STRIKER,26,2000-01-28,6,211,0,0,0,0,0,SC Braga,BRA,https://img.uefa.com/imgml/TP/teams/logos/240x240/52336.png,250087542,https://img.uefa.com/imgml/TP/players/1/2024/324x324/250087542.jpg,2023-24
Stefan Mitrović,Serbia,MIDFIELDER,UNKNOWN,23,2002-08-15,3,211,0,0,0,0,0,FK Crvena Zvezda,ZVE,https://img.uefa.com/imgml/TP/teams/logos/240x240/50069.png,250169412,https://img.uefa.com/imgml/TP/players/1/2024/324x324/250169412.jpg,2023-24
Rade Krunić,Bosnia and Herzegovina,MIDFIELDER,CENTRAL_MIDFIELDER,32,1993-10-07,4,210,0,0,0,2,0,AC Milan,MIL,https://img.uefa.com/imgml/TP/teams/logos/240x240/50058.png,250064252,https://img.uefa.com/imgml/TP/players/1/2024/324x324/250064252.jpg,2023-24
Nicolás Capaldo,Argentina,MIDFIELDER,UNKNOWN,27,1998-09-14,4,210,0,0,0,0,0,FC Salzburg,SAL,https://img.uefa.com/imgml/TP/teams/logos/240x240/50030.png,250161140,https://img.uefa.com/imgml/TP/players/1/2024/324x324/250161140.jpg,2023-24
Otávio,Brazil,DEFENDER,UNKNOWN,24,2002-04-21,2,210,0,1,0,0,0,FC Porto,POR,https://img.uefa.com/imgml/TP/teams/logos/240x240/50064.png,250193527,https://img.uefa.com/imgml/TP/players/1/2024/324x324/250193527.jpg,2023-24
Hyunjun Yang,Korea Republic,MIDFIELDER,UNKNOWN,24,2002-05-25,4,209,0,0,0,1,0,Celtic FC,CEL,https://img.uefa.com/imgml/TP/teams/logos/240x240/50050.png,250181428,https://img.uefa.com/imgml/TP/players/1/2024/324x324/250181428.jpg,2023-24
Gyrano Kerk,Netherlands,MIDFIELDER,UNKNOWN,30,1995-12-02,5,207,0,0,0,1,0,Royal Antwerp FC,ANT,https://img.uefa.com/imgml/TP/teams/logos/240x240/50113.png,250110611,https://img.uefa.com/imgml/TP/players/1/2024/324x324/250110611.jpg,2023-24
Maurits Kjærgaard,Denmark,MIDFIELDER,UNKNOWN,22,2003-06-26,3,206,0,1,0,0,0,FC Salzburg,SAL,https://img.uefa.com/imgml/TP/teams/logos/240x240/50030.png,250129343,https://img.uefa.com/imgml/TP/players/1/2024/324x324/250129343.jpg,2023-24
Aleksandar Pavlović,Germany,MIDFIELDER,UNKNOWN,22,2004-05-03,3,206,0,0,0,0,0,FC Bayern München,BAY,https://img.uefa.com/imgml/TP/teams/logos/240x240/50037.png,250163777,https://img.uefa.com/imgml/TP/players/1/2024/324x324/250163777.jpg,2023-24
Josafat Mendes,Sweden,DEFENDER,UNKNOWN,23,2002-12-31,5,205,0,0,0,1,0,SC Braga,BRA,https://img.uefa.com/imgml/TP/teams/logos/240x240/52336.png,250158935,https://img.uefa.com/imgml/TP/players/1/2024/324x324/250158935.jpg,2023-24
Luka Ivanušec,Croatia,FORWARD,ATTACKING_MIDFIELDER,27,1998-11-26,5,204,0,1,0,0,0,Feyenoord,FEY,https://img.uefa.com/imgml/TP/teams/logos/240x240/52749.png,250098468,https://img.uefa.com/imgml/TP/players/1/2024/324x324/250098468.jpg,2023-24
Christian Eriksen,Denmark,MIDFIELDER,ATTACKING_MIDFIELDER,34,1992-02-14,4,204,0,1,0,0,0,Manchester United,MUN,https://img.uefa.com/imgml/TP/teams/logos/240x240/52682.png,1905884,https://img.uefa.com/imgml/TP/players/1/2024/324x324/1905884.jpg,2023-24
Yehor Nazaryna,Ukraine,MIDFIELDER,CENTRAL_MIDFIELDER,28,1997-07-10,4,203,0,1,0,1,0,FC Shakhtar Donetsk,SHK,https://img.uefa.com/imgml/TP/teams/logos/240x240/52707.png,250123440,https://img.uefa.com/imgml/TP/players/1/2024/324x324/250123440.jpg,2023-24
Jamie Gittens,England,MIDFIELDER,UNKNOWN,21,2004-08-08,7,202,1,0,0,0,0,Borussia Dortmund,BVB,https://img.uefa.com/imgml/TP/teams/logos/240x240/52758.png,250153402,https://img.uefa.com/imgml/TP/players/1/2024/324x324/250153402.jpg,2023-24
Kristjan Asllani,Albania,MIDFIELDER,UNKNOWN,24,2002-03-09,6,202,0,0,0,2,0,FC Internazionale Milano,INT,https://img.uefa.com/imgml/TP/teams/logos/240x240/50138.png,250143669,https://img.uefa.com/imgml/TP/players/1/2024/324x324/250143669.jpg,2023-24
Vladimir Lučić,Serbia,MIDFIELDER,UNKNOWN,23,2002-06-28,6,202,0,0,0,1,0,FK Crvena Zvezda,ZVE,https://img.uefa.com/imgml/TP/teams/logos/240x240/50069.png,250174960,https://img.uefa.com/imgml/TP/players/1/2024/324x324/250174960.jpg,2023-24
Sergi Roberto,Spain,MIDFIELDER,FULL_BACK,34,1992-02-07,5,202,0,1,0,3,0,FC Barcelona,BAR,https://img.uefa.com/imgml/TP/teams/logos/240x240/50080.png,250006092,https://img.uefa.com/imgml/TP/players/1/2024/324x324/250006092.jpg,2023-24
Kevin De Bruyne,Belgium,MIDFIELDER,ATTACKING_MIDFIELDER,34,1991-06-28,2,202,2,1,0,0,0,Manchester City,MCI,https://img.uefa.com/imgml/TP/teams/logos/240x240/52919.png,250008901,https://img.uefa.com/imgml/TP/players/1/2024/324x324/250008901.jpg,2023-24
Serge Gnabry,Germany,FORWARD,WINGER,30,1995-07-14,7,200,2,0,0,0,0,FC Bayern München,BAY,https://img.uefa.com/imgml/TP/teams/logos/240x240/50037.png,250041770,https://img.uefa.com/imgml/TP/players/1/2024/324x324/250041770.jpg,2023-24
Dries Mertens,Belgium,FORWARD,STRIKER,39,1987-05-06,5,200,0,0,0,0,0,Galatasaray A.Ş.,GAL,https://img.uefa.com/imgml/TP/teams/logos/240x240/50067.png,250019924,https://img.uefa.com/imgml/TP/players/1/2024/324x324/250019924.jpg,2023-24
David Fofana,Ivory Coast,FORWARD,STRIKER,23,2002-12-22,4,198,1,0,0,0,0,1. FC Union Berlin,UBE,https://img.uefa.com/imgml/TP/teams/logos/240x240/77977.png,250153357,https://img.uefa.com/imgml/TP/players/1/2024/324x324/250153357.jpg,2023-24
Yankuba Minteh,Gambia,FORWARD,UNKNOWN,21,2004-07-22,4,197,1,0,0,1,0,Feyenoord,FEY,https://img.uefa.com/imgml/TP/teams/logos/240x240/52749.png,250187219,https://img.uefa.com/imgml/TP/players/1/2024/324x324/250187219.jpg,2023-24
Marcos Acuña,Argentina,DEFENDER,ATTACKING_MIDFIELDER,34,1991-10-28,3,197,0,1,0,0,0,Sevilla FC,SEV,https://img.uefa.com/imgml/TP/teams/logos/240x240/52714.png,250111308,https://img.uefa.com/imgml/TP/players/1/2024/324x324/250111308.jpg,2023-24
Sergio Gómez,Spain,DEFENDER,UNKNOWN,25,2000-09-04,5,195,0,0,0,0,0,Manchester City,MCI,https://img.uefa.com/imgml/TP/teams/logos/240x240/52919.png,250101274,https://img.uefa.com/imgml/TP/players/1/2024/324x324/250101274.jpg,2023-24
Marko Arnautović,Austria,FORWARD,WINGER,37,1989-04-19,4,193,2,0,0,0,0,FC Internazionale Milano,INT,https://img.uefa.com/imgml/TP/teams/logos/240x240/50138.png,1903428,https://img.uefa.com/imgml/TP/players/1/2024/324x324/1903428.jpg,2023-24
Alexander Bah,Denmark,DEFENDER,FULL_BACK,28,1997-12-09,3,193,0,0,0,0,0,SL Benfica,BEN,https://img.uefa.com/imgml/TP/teams/logos/240x240/50147.png,250145629,https://img.uefa.com/imgml/TP/players/1/2024/324x324/250145629.jpg,2023-24
Birger Meling,Norway,DEFENDER,FULL_BACK,31,1994-12-17,3,192,0,1,0,2,0,F.C. Copenhagen,CPH,https://img.uefa.com/imgml/TP/teams/logos/240x240/52709.png,250082812,https://img.uefa.com/imgml/TP/players/1/2024/324x324/250082812.jpg,2023-24
Fran García,Spain,DEFENDER,FULL_BACK,26,1999-08-14,4,189,0,1,0,0,0,Real Madrid C.F.,RMA,https://img.uefa.com/imgml/TP/teams/logos/240x240/50051.png,250091175,https://img.uefa.com/imgml/TP/players/1/2024/324x324/250091175.jpg,2023-24
Beñat Turrientes,Spain,MIDFIELDER,CENTRE_BACK,24,2002-01-31,6,188,0,0,0,0,0,Real Sociedad de Fútbol,RSO,https://img.uefa.com/imgml/TP/teams/logos/240x240/50123.png,250129415,https://img.uefa.com/imgml/TP/players/1/2024/324x324/250129415.jpg,2023-24
Pedro Rodríguez,Spain,FORWARD,WINGER,38,1987-07-28,8,187,2,0,1,2,0,S.S. Lazio,LAZ,https://img.uefa.com/imgml/TP/teams/logos/240x240/52973.png,250002701,https://img.uefa.com/imgml/TP/players/1/2024/324x324/250002701.jpg,2023-24
Erik Lamela,Argentina,FORWARD,STRIKER,34,1992-03-04,3,186,0,0,0,1,0,Sevilla FC,SEV,https://img.uefa.com/imgml/TP/teams/logos/240x240/52714.png,250038224,https://img.uefa.com/imgml/TP/players/1/2024/324x324/250038224.jpg,2023-24
Leo Østigård,Norway,DEFENDER,UNKNOWN,26,1999-11-28,4,185,1,0,0,0,0,SSC Napoli,NAP,https://img.uefa.com/imgml/TP/teams/logos/240x240/50136.png,250091222,https://img.uefa.com/imgml/TP/players/1/2024/324x324/250091222.jpg,2023-24
Guus Til,Netherlands,MIDFIELDER,CENTRAL_MIDFIELDER,28,1997-12-22,5,184,0,0,0,0,0,PSV Eindhoven,PSV,https://img.uefa.com/imgml/TP/teams/logos/240x240/50062.png,250099671,https://img.uefa.com/imgml/TP/players/1/2024/324x324/250099671.jpg,2023-24
Mauro Júnior,Brazil,DEFENDER,ATTACKING_MIDFIELDER,27,1999-05-06,3,183,0,0,0,0,0,PSV Eindhoven,PSV,https://img.uefa.com/imgml/TP/teams/logos/240x240/50062.png,250122213,https://img.uefa.com/imgml/TP/players/1/2024/324x324/250122213.jpg,2023-24
Jorge Sánchez,Mexico,DEFENDER,UNKNOWN,28,1997-12-10,6,182,0,0,0,0,0,FC Porto,POR,https://img.uefa.com/imgml/TP/teams/logos/240x240/50064.png,250090668,https://img.uefa.com/imgml/TP/players/1/2024/324x324/250090668.jpg,2023-24
Kamil Piątkowski,Poland,DEFENDER,UNKNOWN,25,2000-06-21,3,181,0,0,0,0,0,FC Salzburg,SAL,https://img.uefa.com/imgml/TP/teams/logos/240x240/50030.png,250127492,https://img.uefa.com/imgml/TP/players/1/2024/324x324/250127492.jpg,2023-24
Dani Olmo,Spain,FORWARD,WINGER,28,1998-05-07,3,180,1,0,0,0,0,RB Leipzig,RBL,https://img.uefa.com/imgml/TP/teams/logos/240x240/2603790.png,250081720,https://img.uefa.com/imgml/TP/players/1/2024/324x324/250081720.jpg,2023-24
Willi Orbán,Hungary,DEFENDER,CENTRE_BACK,33,1992-11-03,2,180,1,0,0,1,0,RB Leipzig,RBL,https://img.uefa.com/imgml/TP/teams/logos/240x240/2603790.png,250051754,https://img.uefa.com/imgml/TP/players/1/2024/324x324/250051754.jpg,2023-24
Nicolò Casale,Italy,DEFENDER,UNKNOWN,28,1998-02-14,2,180,0,0,0,1,0,S.S. Lazio,LAZ,https://img.uefa.com/imgml/TP/teams/logos/240x240/52973.png,250138626,https://img.uefa.com/imgml/TP/players/1/2024/324x324/250138626.jpg,2023-24
Aleksa Terzić,Serbia,DEFENDER,UNKNOWN,26,1999-08-17,2,180,0,0,0,0,0,FC Salzburg,SAL,https://img.uefa.com/imgml/TP/teams/logos/240x240/50030.png,250089719,https://img.uefa.com/imgml/TP/players/1/2024/324x324/250089719.jpg,2023-24
Iñaki Peña,Spain,GOALKEEPER,UNKNOWN,27,1999-03-02,2,180,0,0,0,0,0,FC Barcelona,BAR,https://img.uefa.com/imgml/TP/teams/logos/240x240/50080.png,250081721,https://img.uefa.com/imgml/TP/players/1/2024/324x324/250081721.jpg,2023-24
Scott McKenna,Scotland,DEFENDER,UNKNOWN,29,1996-11-12,2,180,0,0,0,0,0,F.C. Copenhagen,CPH,https://img.uefa.com/imgml/TP/teams/logos/240x240/52709.png,250066203,https://img.uefa.com/imgml/TP/players/1/2024/324x324/250066203.jpg,2023-24
Timon Wellenreuther,Germany,GOALKEEPER,UNKNOWN,30,1995-12-03,2,180,0,0,0,0,0,Feyenoord,FEY,https://img.uefa.com/imgml/TP/teams/logos/240x240/52749.png,250063980,https://img.uefa.com/imgml/TP/players/1/2024/324x324/250063980.jpg,2023-24
Ørjan Nyland,Norway,GOALKEEPER,UNKNOWN,35,1990-09-10,2,180,0,0,0,0,0,Sevilla FC,SEV,https://img.uefa.com/imgml/TP/teams/logos/240x240/52714.png,108923,https://img.uefa.com/imgml/TP/players/1/2024/324x324/108923.jpg,2023-24
David Neres,Brazil,FORWARD,STRIKER,29,1997-03-03,3,178,0,0,0,0,0,SL Benfica,BEN,https://img.uefa.com/imgml/TP/teams/logos/240x240/50147.png,250106648,https://img.uefa.com/imgml/TP/players/1/2024/324x324/250106648.jpg,2023-24
Paul Jaeckel,Germany,DEFENDER,UNKNOWN,27,1998-07-22,3,175,0,0,0,1,0,1. FC Union Berlin,UBE,https://img.uefa.com/imgml/TP/teams/logos/240x240/77977.png,250088175,https://img.uefa.com/imgml/TP/players/1/2024/324x324/250088175.jpg,2023-24
Reiss Nelson,England,FORWARD,WINGER,26,1999-12-10,5,174,0,2,0,0,0,Arsenal FC,ARS,https://img.uefa.com/imgml/TP/teams/logos/240x240/52280.png,250077450,https://img.uefa.com/imgml/TP/players/1/2024/324x324/250077450.jpg,2023-24
Peter Olayinka,Nigeria,FORWARD,STRIKER,30,1995-11-16,5,174,0,0,0,1,0,FK Crvena Zvezda,ZVE,https://img.uefa.com/imgml/TP/teams/logos/240x240/50069.png,250086263,https://img.uefa.com/imgml/TP/players/1/2024/324x324/250086263.jpg,2023-24
Yann Bisseck,Germany,DEFENDER,UNKNOWN,25,2000-11-29,3,171,0,1,0,2,0,FC Internazionale Milano,INT,https://img.uefa.com/imgml/TP/teams/logos/240x240/50138.png,250116951,https://img.uefa.com/imgml/TP/players/1/2024/324x324/250116951.jpg,2023-24
Lewis Miley,England,MIDFIELDER,UNKNOWN,20,2006-05-01,3,171,0,1,0,0,0,Newcastle United FC,NEW,https://img.uefa.com/imgml/TP/teams/logos/240x240/59324.png,250183854,https://img.uefa.com/imgml/TP/players/1/2024/324x324/250183854.jpg,2023-24
Aritz Elustondo,Spain,DEFENDER,FULL_BACK,32,1994-03-28,5,170,0,0,0,3,0,Real Sociedad de Fútbol,RSO,https://img.uefa.com/imgml/TP/teams/logos/240x240/50123.png,250074621,https://img.uefa.com/imgml/TP/players/1/2024/324x324/250074621.jpg,2023-24
Casemiro,Brazil,MIDFIELDER,UNKNOWN,34,1992-02-23,2,167,2,0,0,2,1,Manchester United,MUN,https://img.uefa.com/imgml/TP/teams/logos/240x240/52682.png,250057680,https://img.uefa.com/imgml/TP/players/1/2024/324x324/250057680.jpg,2023-24
Samuel Chukwueze,Nigeria,FORWARD,WINGER,27,1999-05-22,4,166,2,0,0,0,0,AC Milan,MIL,https://img.uefa.com/imgml/TP/teams/logos/240x240/50058.png,250122746,https://img.uefa.com/imgml/TP/players/1/2024/324x324/250122746.jpg,2023-24
Kike Salas,Spain,DEFENDER,UNKNOWN,24,2002-04-23,2,166,0,0,0,1,0,Sevilla FC,SEV,https://img.uefa.com/imgml/TP/teams/logos/240x240/52714.png,250153668,https://img.uefa.com/imgml/TP/players/1/2024/324x324/250153668.jpg,2023-24
Noa Lang,Netherlands,FORWARD,WINGER,26,1999-06-17,2,166,0,0,0,0,0,PSV Eindhoven,PSV,https://img.uefa.com/imgml/TP/teams/logos/240x240/50062.png,250091165,https://img.uefa.com/imgml/TP/players/1/2024/324x324/250091165.jpg,2023-24
Eljif Elmas,North Macedonia,MIDFIELDER,CENTRAL_MIDFIELDER,26,1999-09-24,7,164,0,0,0,0,0,RB Leipzig,RBL,https://img.uefa.com/imgml/TP/teams/logos/240x240/2603790.png,250091841,https://img.uefa.com/imgml/TP/players/1/2024/324x324/250091841.jpg,2023-24
Darian Males,Switzerland,MIDFIELDER,STRIKER,25,2001-05-03,6,164,0,0,0,1,0,BSC Young Boys,YB,https://img.uefa.com/imgml/TP/teams/logos/240x240/50031.png,250132465,https://img.uefa.com/imgml/TP/players/1/2024/324x324/250132465.jpg,2023-24
Sandro Tonali,Italy,MIDFIELDER,DEFENSIVE_MIDFIELDER,26,2000-05-08,3,162,0,0,0,0,0,Newcastle United FC,NEW,https://img.uefa.com/imgml/TP/teams/logos/240x240/59324.png,250117809,https://img.uefa.com/imgml/TP/players/1/2024/324x324/250117809.jpg,2023-24
Jean-Pierre Nsame,Cameroon,FORWARD,STRIKER,33,1993-05-01,4,160,0,1,0,0,0,BSC Young Boys,YB,https://img.uefa.com/imgml/TP/teams/logos/240x240/50031.png,250110921,https://img.uefa.com/imgml/TP/players/1/2024/324x324/250110921.jpg,2023-24
Luca Pellegrini,Italy,DEFENDER,UNKNOWN,27,1999-03-07,4,160,0,0,0,1,0,S.S. Lazio,LAZ,https://img.uefa.com/imgml/TP/teams/logos/240x240/52973.png,250088146,https://img.uefa.com/imgml/TP/players/1/2024/324x324/250088146.jpg,2023-24
Tomás Araújo,Portugal,DEFENDER,CENTRE_BACK,24,2002-05-16,3,159,0,0,0,0,0,SL Benfica,BEN,https://img.uefa.com/imgml/TP/teams/logos/240x240/50147.png,250117410,https://img.uefa.com/imgml/TP/players/1/2024/324x324/250117410.jpg,2023-24
Danilo,Portugal,MIDFIELDER,DEFENSIVE_MIDFIELDER,34,1991-09-09,3,159,0,0,0,0,0,Paris Saint-Germain,PSG,https://img.uefa.com/imgml/TP/teams/logos/240x240/52747.png,250014528,https://img.uefa.com/imgml/TP/players/1/2024/324x324/250014528.jpg,2023-24
Jens Cajuste,Sweden,MIDFIELDER,UNKNOWN,26,1999-08-10,6,158,0,0,0,1,0,SSC Napoli,NAP,https://img.uefa.com/imgml/TP/teams/logos/240x240/50136.png,250121175,https://img.uefa.com/imgml/TP/players/1/2024/324x324/250121175.jpg,2023-24
Yorbe Vertessen,Belgium,FORWARD,STRIKER,25,2001-01-08,5,158,1,2,0,0,0,PSV Eindhoven,PSV,https://img.uefa.com/imgml/TP/teams/logos/240x240/50062.png,250116363,https://img.uefa.com/imgml/TP/players/1/2024/324x324/250116363.jpg,2023-24
Alessandro Florenzi,Italy,DEFENDER,CENTRAL_MIDFIELDER,35,1991-03-11,4,157,0,0,0,1,0,AC Milan,MIL,https://img.uefa.com/imgml/TP/teams/logos/240x240/50058.png,250026962,https://img.uefa.com/imgml/TP/players/1/2024/324x324/250026962.jpg,2023-24
Danilo Cataldi,Italy,MIDFIELDER,CENTRAL_MIDFIELDER,31,1994-08-06,5,156,0,0,0,1,0,S.S. Lazio,LAZ,https://img.uefa.com/imgml/TP/teams/logos/240x240/52973.png,250039679,https://img.uefa.com/imgml/TP/players/1/2024/324x324/250039679.jpg,2023-24
Oumar Solet,France,DEFENDER,CENTRE_BACK,26,2000-02-07,3,154,0,0,0,1,0,FC Salzburg,SAL,https://img.uefa.com/imgml/TP/teams/logos/240x240/50030.png,250117377,https://img.uefa.com/imgml/TP/players/1/2024/324x324/250117377.jpg,2023-24
George Ilenikhena,Nigeria,FORWARD,UNKNOWN,19,2006-08-16,6,153,1,0,0,0,0,Royal Antwerp FC,ANT,https://img.uefa.com/imgml/TP/teams/logos/240x240/50113.png,250188225,https://img.uefa.com/imgml/TP/players/1/2024/324x324/250188225.jpg,2023-24
Sergio Reguilón,Spain,DEFENDER,FULL_BACK,29,1996-12-16,2,153,0,0,0,0,0,Manchester United,MUN,https://img.uefa.com/imgml/TP/teams/logos/240x240/52682.png,250076708,https://img.uefa.com/imgml/TP/players/1/2024/324x324/250076708.jpg,2023-24
Chidera Ejuke,Nigeria,MIDFIELDER,WINGER,28,1998-01-02,4,152,0,0,0,0,0,Royal Antwerp FC,ANT,https://img.uefa.com/imgml/TP/teams/logos/240x240/50113.png,250147325,https://img.uefa.com/imgml/TP/players/1/2024/324x324/250147325.jpg,2023-24
Dani Ceballos,Spain,MIDFIELDER,CENTRAL_MIDFIELDER,29,1996-08-07,3,152,1,0,0,0,0,Real Madrid C.F.,RMA,https://img.uefa.com/imgml/TP/teams/logos/240x240/50051.png,250086709,https://img.uefa.com/imgml/TP/players/1/2024/324x324/250086709.jpg,2023-24
Ayase Ueda,Japan,FORWARD,UNKNOWN,27,1998-08-28,5,149,0,1,0,0,0,Feyenoord,FEY,https://img.uefa.com/imgml/TP/teams/logos/240x240/52749.png,250181460,https://img.uefa.com/imgml/TP/players/1/2024/324x324/250181460.jpg,2023-24
Tommaso Pobega,Italy,MIDFIELDER,CENTRAL_MIDFIELDER,26,1999-07-15,4,149,0,0,0,0,0,AC Milan,MIL,https://img.uefa.com/imgml/TP/teams/logos/240x240/50058.png,250112117,https://img.uefa.com/imgml/TP/players/1/2024/324x324/250112117.jpg,2023-24
Guélor Kanga,Gabon,MIDFIELDER,ATTACKING_MIDFIELDER,35,1990-09-01,3,148,0,1,0,1,0,FK Crvena Zvezda,ZVE,https://img.uefa.com/imgml/TP/teams/logos/240x240/50069.png,250056982,https://img.uefa.com/imgml/TP/players/1/2024/324x324/250056982.jpg,2023-24
Roony Bardghji,Sweden,FORWARD,UNKNOWN,20,2005-11-15,4,144,1,0,0,0,0,F.C. Copenhagen,CPH,https://img.uefa.com/imgml/TP/teams/logos/240x240/52709.png,250165617,https://img.uefa.com/imgml/TP/players/1/2024/324x324/250165617.jpg,2023-24
Orri Óskarsson,Iceland,FORWARD,UNKNOWN,21,2004-08-29,6,142,0,1,0,0,0,F.C. Copenhagen,CPH,https://img.uefa.com/imgml/TP/teams/logos/240x240/52709.png,250129690,https://img.uefa.com/imgml/TP/players/1/2024/324x324/250129690.jpg,2023-24
Mathys Tel,France,FORWARD,UNKNOWN,21,2005-04-27,8,139,2,1,0,0,0,FC Bayern München,BAY,https://img.uefa.com/imgml/TP/teams/logos/240x240/50037.png,250140936,https://img.uefa.com/imgml/TP/players/1/2024/324x324/250140936.jpg,2023-24
Dorgeles Nene,Mali,FORWARD,UNKNOWN,23,2002-12-23,4,139,0,0,0,0,0,FC Salzburg,SAL,https://img.uefa.com/imgml/TP/teams/logos/240x240/50030.png,250187184,https://img.uefa.com/imgml/TP/players/1/2024/324x324/250187184.jpg,2023-24
Marcos Alonso,Spain,DEFENDER,FULL_BACK,35,1990-12-28,3,139,0,0,0,0,0,FC Barcelona,BAR,https://img.uefa.com/imgml/TP/teams/logos/240x240/50080.png,250008348,https://img.uefa.com/imgml/TP/players/1/2024/324x324/250008348.jpg,2023-24
Neil El Aynaoui,Morocco,MIDFIELDER,UNKNOWN,24,2001-07-02,3,137,0,0,0,1,0,RC Lens,LEN,https://img.uefa.com/imgml/TP/teams/logos/240x240/52277.png,250187059,https://img.uefa.com/imgml/TP/players/1/2024/324x324/250187059.jpg,2023-24
Reo Hatate,Japan,DEFENDER,UNKNOWN,28,1997-11-21,3,137,0,0,0,0,0,Celtic FC,CEL,https://img.uefa.com/imgml/TP/teams/logos/240x240/50050.png,250169705,https://img.uefa.com/imgml/TP/players/1/2024/324x324/250169705.jpg,2023-24
Nicolò Rovella,Italy,MIDFIELDER,UNKNOWN,24,2001-12-04,3,136,0,0,0,3,0,S.S. Lazio,LAZ,https://img.uefa.com/imgml/TP/teams/logos/240x240/52973.png,250118783,https://img.uefa.com/imgml/TP/players/1/2024/324x324/250118783.jpg,2023-24
Eddie Nketiah,England,FORWARD,STRIKER,27,1999-05-30,6,135,1,0,0,0,0,Arsenal FC,ARS,https://img.uefa.com/imgml/TP/teams/logos/240x240/52280.png,250077451,https://img.uefa.com/imgml/TP/players/1/2024/324x324/250077451.jpg,2023-24
Casper Tengstedt,Denmark,FORWARD,UNKNOWN,26,2000-06-01,4,135,0,2,0,0,0,SL Benfica,BEN,https://img.uefa.com/imgml/TP/teams/logos/240x240/50147.png,250101874,https://img.uefa.com/imgml/TP/players/1/2024/324x324/250101874.jpg,2023-24
Luke Shaw,England,DEFENDER,FULL_BACK,30,1995-07-12,2,135,0,1,0,1,0,Manchester United,MUN,https://img.uefa.com/imgml/TP/teams/logos/240x240/52682.png,250042705,https://img.uefa.com/imgml/TP/players/1/2024/324x324/250042705.jpg,2023-24
Brenden Aaronson,USA,MIDFIELDER,WINGER,25,2000-10-22,6,134,0,0,0,0,0,1. FC Union Berlin,UBE,https://img.uefa.com/imgml/TP/teams/logos/240x240/77977.png,250153214,https://img.uefa.com/imgml/TP/players/1/2024/324x324/250153214.jpg,2023-24
Ricardo Pepi,USA,FORWARD,UNKNOWN,23,2003-01-09,8,133,1,1,0,1,0,PSV Eindhoven,PSV,https://img.uefa.com/imgml/TP/teams/logos/240x240/50062.png,250187620,https://img.uefa.com/imgml/TP/players/1/2024/324x324/250187620.jpg,2023-24
Kevin Kelsy,Venezuela,FORWARD,UNKNOWN,21,2004-07-27,5,131,1,0,0,0,0,FC Shakhtar Donetsk,SHK,https://img.uefa.com/imgml/TP/teams/logos/240x240/52707.png,250182327,https://img.uefa.com/imgml/TP/players/1/2024/324x324/250182327.jpg,2023-24
Mohamed Ali Cho,France,FORWARD,UNKNOWN,22,2004-01-19,4,130,0,0,0,0,0,Real Sociedad de Fútbol,RSO,https://img.uefa.com/imgml/TP/teams/logos/240x240/50123.png,250163235,https://img.uefa.com/imgml/TP/players/1/2024/324x324/250163235.jpg,2023-24
Kalvin Phillips,England,MIDFIELDER,DEFENSIVE_MIDFIELDER,30,1995-12-02,4,128,1,0,1,1,0,Manchester City,MCI,https://img.uefa.com/imgml/TP/teams/logos/240x240/52919.png,250143242,https://img.uefa.com/imgml/TP/players/1/2024/324x324/250143242.jpg,2023-24
David Jurásek,Czechia,DEFENDER,UNKNOWN,25,2000-08-07,3,128,0,0,0,0,0,SL Benfica,BEN,https://img.uefa.com/imgml/TP/teams/logos/240x240/50147.png,250166772,https://img.uefa.com/imgml/TP/players/1/2024/324x324/250166772.jpg,2023-24
Ebrima Colley,Gambia,FORWARD,WINGER,26,2000-02-01,2,127,1,0,0,1,0,BSC Young Boys,YB,https://img.uefa.com/imgml/TP/teams/logos/240x240/50031.png,250132730,https://img.uefa.com/imgml/TP/players/1/2024/324x324/250132730.jpg,2023-24
Sérgio Oliveira,Portugal,MIDFIELDER,CENTRAL_MIDFIELDER,34,1992-06-02,5,124,0,1,0,2,0,Galatasaray A.Ş.,GAL,https://img.uefa.com/imgml/TP/teams/logos/240x240/50067.png,250003853,https://img.uefa.com/imgml/TP/players/1/2024/324x324/250003853.jpg,2023-24
Christopher Trimmel,Austria,DEFENDER,UNKNOWN,39,1987-02-24,3,124,0,0,0,1,0,1. FC Union Berlin,UBE,https://img.uefa.com/imgml/TP/teams/logos/240x240/77977.png,250010552,https://img.uefa.com/imgml/TP/players/1/2024/324x324/250010552.jpg,2023-24
Barış Alper Yılmaz,Türkiye,FORWARD,UNKNOWN,26,2000-05-23,6,123,0,1,0,0,0,Galatasaray A.Ş.,GAL,https://img.uefa.com/imgml/TP/teams/logos/240x240/50067.png,250158929,https://img.uefa.com/imgml/TP/players/1/2024/324x324/250158929.jpg,2023-24
Yacine Adli,France,MIDFIELDER,UNKNOWN,25,2000-07-29,3,122,0,0,0,0,0,AC Milan,MIL,https://img.uefa.com/imgml/TP/teams/logos/240x240/50058.png,250101473,https://img.uefa.com/imgml/TP/players/1/2024/324x324/250101473.jpg,2023-24
Jon Pacheco,Spain,DEFENDER,CENTRE_BACK,25,2001-01-08,5,121,0,0,0,0,0,Real Sociedad de Fútbol,RSO,https://img.uefa.com/imgml/TP/teams/logos/240x240/50123.png,250118766,https://img.uefa.com/imgml/TP/players/1/2024/324x324/250118766.jpg,2023-24
Fabio Carvalho,Portugal,MIDFIELDER,UNKNOWN,23,2002-08-30,3,121,0,0,0,0,0,RB Leipzig,RBL,https://img.uefa.com/imgml/TP/teams/logos/240x240/2603790.png,250117502,https://img.uefa.com/imgml/TP/players/1/2024/324x324/250117502.jpg,2023-24
Arthur Cabral,Brazil,FORWARD,STRIKER,28,1998-04-25,4,120,1,0,0,0,0,SL Benfica,BEN,https://img.uefa.com/imgml/TP/teams/logos/240x240/50147.png,250134190,https://img.uefa.com/imgml/TP/players/1/2024/324x324/250134190.jpg,2023-24
Marco Asensio,Spain,FORWARD,ATTACKING_MIDFIELDER,30,1996-01-21,6,119,0,0,0,0,0,Paris Saint-Germain,PSG,https://img.uefa.com/imgml/TP/teams/logos/240x240/52747.png,250080570,https://img.uefa.com/imgml/TP/players/1/2024/324x324/250080570.jpg,2023-24
Massadio Haïdara,Mali,DEFENDER,UNKNOWN,33,1992-12-02,4,115,0,0,0,2,0,RC Lens,LEN,https://img.uefa.com/imgml/TP/teams/logos/240x240/52277.png,250027780,https://img.uefa.com/imgml/TP/players/1/2024/324x324/250027780.jpg,2023-24
Jovan Mijatović,Serbia,FORWARD,UNKNOWN,20,2005-07-11,4,115,0,0,0,0,0,FK Crvena Zvezda,ZVE,https://img.uefa.com/imgml/TP/teams/logos/240x240/50069.png,250153777,https://img.uefa.com/imgml/TP/players/1/2024/324x324/250153777.jpg,2023-24
Christoph Baumgartner,Austria,MIDFIELDER,ATTACKING_MIDFIELDER,26,1999-08-01,6,113,0,1,0,0,0,RB Leipzig,RBL,https://img.uefa.com/imgml/TP/teams/logos/240x240/2603790.png,250089289,https://img.uefa.com/imgml/TP/players/1/2024/324x324/250089289.jpg,2023-24
Silvère Ganvoula,Congo,FORWARD,UNKNOWN,29,1996-06-29,6,113,0,0,0,0,0,BSC Young Boys,YB,https://img.uefa.com/imgml/TP/teams/logos/240x240/50031.png,250112186,https://img.uefa.com/imgml/TP/players/1/2024/324x324/250112186.jpg,2023-24
David Pereira Da Costa,Portugal,MIDFIELDER,UNKNOWN,25,2001-01-05,3,113,0,0,0,0,0,RC Lens,LEN,https://img.uefa.com/imgml/TP/teams/logos/240x240/52277.png,250172438,https://img.uefa.com/imgml/TP/players/1/2024/324x324/250172438.jpg,2023-24
Magnus Mattsson,Denmark,MIDFIELDER,UNKNOWN,27,1999-02-25,2,113,1,0,0,1,0,F.C. Copenhagen,CPH,https://img.uefa.com/imgml/TP/teams/logos/240x240/52709.png,250116664,https://img.uefa.com/imgml/TP/players/1/2024/324x324/250116664.jpg,2023-24
Juan Cuadrado,Colombia,MIDFIELDER,UNKNOWN,38,1988-05-26,2,113,0,0,0,1,0,FC Internazionale Milano,INT,https://img.uefa.com/imgml/TP/teams/logos/240x240/50138.png,250015966,https://img.uefa.com/imgml/TP/players/1/2024/324x324/250015966.jpg,2023-24
Florentino,Portugal,MIDFIELDER,DEFENSIVE_MIDFIELDER,26,1999-08-19,3,111,0,0,0,1,0,SL Benfica,BEN,https://img.uefa.com/imgml/TP/teams/logos/240x240/50147.png,250089225,https://img.uefa.com/imgml/TP/players/1/2024/324x324/250089225.jpg,2023-24
Juan Bernat,Spain,DEFENDER,FULL_BACK,33,1993-03-01,2,111,0,0,0,1,0,SL Benfica,BEN,https://img.uefa.com/imgml/TP/teams/logos/240x240/50147.png,250013892,https://img.uefa.com/imgml/TP/players/1/2024/324x324/250013892.jpg,2023-24
Jean-Philippe Krasso,Ivory Coast,FORWARD,UNKNOWN,28,1997-07-17,4,108,0,1,0,1,0,FK Crvena Zvezda,ZVE,https://img.uefa.com/imgml/TP/teams/logos/240x240/50069.png,250186115,https://img.uefa.com/imgml/TP/players/1/2024/324x324/250186115.jpg,2023-24
Facundo Pellistri,Uruguay,MIDFIELDER,UNKNOWN,24,2001-12-20,3,108,0,0,0,0,0,Manchester United,MUN,https://img.uefa.com/imgml/TP/teams/logos/240x240/52682.png,250147240,https://img.uefa.com/imgml/TP/players/1/2024/324x324/250147240.jpg,2023-24
Micah Hamilton,England,MIDFIELDER,UNKNOWN,22,2003-11-13,2,106,1,0,0,0,0,Manchester City,MCI,https://img.uefa.com/imgml/TP/teams/logos/240x240/52919.png,250162810,https://img.uefa.com/imgml/TP/players/1/2024/324x324/250162810.jpg,2023-24
Victor Nelsson,Denmark,DEFENDER,CENTRE_BACK,27,1998-10-14,4,102,0,0,0,0,0,Galatasaray A.Ş.,GAL,https://img.uefa.com/imgml/TP/teams/logos/240x240/50067.png,250105821,https://img.uefa.com/imgml/TP/players/1/2024/324x324/250105821.jpg,2023-24
Memphis Depay,Netherlands,FORWARD,WINGER,32,1994-02-13,3,102,1,0,0,0,0,Atlético de Madrid,ATM,https://img.uefa.com/imgml/TP/teams/logos/240x240/50124.png,250024860,https://img.uefa.com/imgml/TP/players/1/2024/324x324/250024860.jpg,2023-24
Jordan Larsson,Sweden,FORWARD,UNKNOWN,28,1997-06-20,5,101,0,0,0,0,0,F.C. Copenhagen,CPH,https://img.uefa.com/imgml/TP/teams/logos/240x240/52709.png,250090718,https://img.uefa.com/imgml/TP/players/1/2024/324x324/250090718.jpg,2023-24
Umar Sadiq,Nigeria,FORWARD,STRIKER,29,1997-02-02,4,101,0,0,0,0,0,Real Sociedad de Fútbol,RSO,https://img.uefa.com/imgml/TP/teams/logos/240x240/50123.png,250088136,https://img.uefa.com/imgml/TP/players/1/2024/324x324/250088136.jpg,2023-24
Óliver Torres,Spain,MIDFIELDER,ATTACKING_MIDFIELDER,31,1994-11-10,3,101,0,0,0,0,0,Sevilla FC,SEV,https://img.uefa.com/imgml/TP/teams/logos/240x240/52714.png,250050353,https://img.uefa.com/imgml/TP/players/1/2024/324x324/250050353.jpg,2023-24
Joe Willock,England,MIDFIELDER,CENTRAL_MIDFIELDER,26,1999-08-20,2,101,0,0,0,0,0,Newcastle United FC,NEW,https://img.uefa.com/imgml/TP/teams/logos/240x240/59324.png,250076081,https://img.uefa.com/imgml/TP/players/1/2024/324x324/250076081.jpg,2023-24
Hyeongyu Oh,Korea Republic,FORWARD,UNKNOWN,25,2001-04-12,5,100,0,0,0,0,0,Celtic FC,CEL,https://img.uefa.com/imgml/TP/teams/logos/240x240/50050.png,250181426,https://img.uefa.com/imgml/TP/players/1/2024/324x324/250181426.jpg,2023-24
Hamed Traorè,Ivory Coast,MIDFIELDER,UNKNOWN,26,2000-02-16,2,100,0,0,0,1,0,SSC Napoli,NAP,https://img.uefa.com/imgml/TP/teams/logos/240x240/50136.png,250193477,https://img.uefa.com/imgml/TP/players/1/2024/324x324/250193477.jpg,2023-24
Ruben Aguilar,France,DEFENDER,UNKNOWN,33,1993-04-26,2,99,0,0,0,0,0,RC Lens,LEN,https://img.uefa.com/imgml/TP/teams/logos/240x240/52277.png,250061132,https://img.uefa.com/imgml/TP/players/1/2024/324x324/250061132.jpg,2023-24
Patrick Van Aanholt,Netherlands,DEFENDER,UNKNOWN,35,1990-08-29,2,99,0,0,0,0,0,PSV Eindhoven,PSV,https://img.uefa.com/imgml/TP/teams/logos/240x240/50062.png,108915,https://img.uefa.com/imgml/TP/players/1/2024/324x324/108915.jpg,2023-24
Mikey Johnston,Republic of Ireland,FORWARD,ATTACKING_MIDFIELDER,27,1999-04-19,2,97,0,0,0,0,0,Celtic FC,CEL,https://img.uefa.com/imgml/TP/teams/logos/240x240/50050.png,250087765,https://img.uefa.com/imgml/TP/players/1/2024/324x324/250087765.jpg,2023-24
Álvaro Odriozola,Spain,DEFENDER,FULL_BACK,30,1995-12-14,3,96,0,0,0,0,0,Real Sociedad de Fútbol,RSO,https://img.uefa.com/imgml/TP/teams/logos/240x240/50123.png,250064469,https://img.uefa.com/imgml/TP/players/1/2024/324x324/250064469.jpg,2023-24
Giovanni Simeone,Argentina,FORWARD,UNKNOWN,30,1995-07-05,6,94,1,0,0,1,0,SSC Napoli,NAP,https://img.uefa.com/imgml/TP/teams/logos/240x240/50136.png,250176138,https://img.uefa.com/imgml/TP/players/1/2024/324x324/250176138.jpg,2023-24
Zeno Van Den Bosch,Belgium,DEFENDER,CENTRAL_MIDFIELDER,22,2003-07-06,3,94,0,0,0,0,0,Royal Antwerp FC,ANT,https://img.uefa.com/imgml/TP/teams/logos/240x240/50113.png,250147496,https://img.uefa.com/imgml/TP/players/1/2024/324x324/250147496.jpg,2023-24
James Forrest,Scotland,MIDFIELDER,WINGER,34,1991-07-07,3,93,0,0,0,0,0,Celtic FC,CEL,https://img.uefa.com/imgml/TP/teams/logos/240x240/50050.png,1909868,https://img.uefa.com/imgml/TP/players/1/2024/324x324/1909868.jpg,2023-24
Loïc Badé,France,DEFENDER,UNKNOWN,26,2000-04-11,2,93,0,0,0,1,0,Sevilla FC,SEV,https://img.uefa.com/imgml/TP/teams/logos/240x240/52714.png,250161164,https://img.uefa.com/imgml/TP/players/1/2024/324x324/250161164.jpg,2023-24
Nicolai Boilesen,Denmark,DEFENDER,FULL_BACK,34,1992-02-16,3,92,0,0,0,0,0,F.C. Copenhagen,CPH,https://img.uefa.com/imgml/TP/teams/logos/240x240/52709.png,1905874,https://img.uefa.com/imgml/TP/players/1/2024/324x324/1905874.jpg,2023-24
Christopher Lenz,Germany,DEFENDER,UNKNOWN,31,1994-09-22,2,92,0,0,0,1,0,RB Leipzig,RBL,https://img.uefa.com/imgml/TP/teams/logos/240x240/2603790.png,250055958,https://img.uefa.com/imgml/TP/players/1/2024/324x324/250055958.jpg,2023-24
André Silva,Portugal,FORWARD,STRIKER,30,1995-11-06,2,92,0,0,0,0,0,Real Sociedad de Fútbol,RSO,https://img.uefa.com/imgml/TP/teams/logos/240x240/50123.png,250042521,https://img.uefa.com/imgml/TP/players/1/2024/324x324/250042521.jpg,2023-24
Armando Obispo,Curacao,DEFENDER,CENTRE_BACK,27,1999-03-05,2,91,0,0,0,0,0,PSV Eindhoven,PSV,https://img.uefa.com/imgml/TP/teams/logos/240x240/50062.png,250088117,https://img.uefa.com/imgml/TP/players/1/2024/324x324/250088117.jpg,2023-24
Mason Mount,England,MIDFIELDER,ATTACKING_MIDFIELDER,27,1999-01-10,2,91,0,0,0,0,0,Manchester United,MUN,https://img.uefa.com/imgml/TP/teams/logos/240x240/52682.png,250076240,https://img.uefa.com/imgml/TP/players/1/2024/324x324/250076240.jpg,2023-24
Tanguy Ndombélé,France,MIDFIELDER,CENTRAL_MIDFIELDER,29,1996-12-28,4,90,0,0,0,0,0,Galatasaray A.Ş.,GAL,https://img.uefa.com/imgml/TP/teams/logos/240x240/50067.png,250112778,https://img.uefa.com/imgml/TP/players/1/2024/324x324/250112778.jpg,2023-24
Nathaniel Phillips,England,DEFENDER,CENTRE_BACK,29,1997-03-21,2,90,0,0,0,1,0,Celtic FC,CEL,https://img.uefa.com/imgml/TP/teams/logos/240x240/50050.png,150515920,https://img.uefa.com/imgml/TP/players/1/2024/324x324/150515920.jpg,2023-24
Lisandro Martínez,Argentina,DEFENDER,CENTRE_BACK,28,1998-01-18,1,90,0,0,0,1,0,Manchester United,MUN,https://img.uefa.com/imgml/TP/teams/logos/240x240/52682.png,250132803,https://img.uefa.com/imgml/TP/players/1/2024/324x324/250132803.jpg,2023-24
Pierre Kalulu,France,DEFENDER,FULL_BACK,25,2000-06-05,1,90,0,0,0,1,0,AC Milan,MIL,https://img.uefa.com/imgml/TP/teams/logos/240x240/50058.png,250122983,https://img.uefa.com/imgml/TP/players/1/2024/324x324/250122983.jpg,2023-24
Alexander Meyer,Germany,GOALKEEPER,UNKNOWN,35,1991-04-13,1,90,0,0,0,0,0,Borussia Dortmund,BVB,https://img.uefa.com/imgml/TP/teams/logos/240x240/52758.png,250174737,https://img.uefa.com/imgml/TP/players/1/2024/324x324/250174737.jpg,2023-24
Novatus Miroshi,Tanzania,MIDFIELDER,UNKNOWN,23,2002-09-02,1,90,0,0,0,0,0,FC Shakhtar Donetsk,SHK,https://img.uefa.com/imgml/TP/teams/logos/240x240/52707.png,250158211,https://img.uefa.com/imgml/TP/players/1/2024/324x324/250158211.jpg,2023-24
Senne Lammens,Belgium,GOALKEEPER,GOALKEEPER,23,2002-07-07,1,90,0,0,0,0,0,Royal Antwerp FC,ANT,https://img.uefa.com/imgml/TP/teams/logos/240x240/50113.png,250118908,https://img.uefa.com/imgml/TP/players/1/2024/324x324/250118908.jpg,2023-24
Aaron Ramsdale,England,GOALKEEPER,UNKNOWN,28,1998-05-14,1,90,0,0,0,0,0,Arsenal FC,ARS,https://img.uefa.com/imgml/TP/teams/logos/240x240/52280.png,250105912,https://img.uefa.com/imgml/TP/players/1/2024/324x324/250105912.jpg,2023-24
Sven Botman,Netherlands,DEFENDER,CENTRE_BACK,26,2000-01-12,1,90,0,0,0,0,0,Newcastle United FC,NEW,https://img.uefa.com/imgml/TP/teams/logos/240x240/59324.png,250101719,https://img.uefa.com/imgml/TP/players/1/2024/324x324/250101719.jpg,2023-24
Emil Audero,Indonesia,GOALKEEPER,UNKNOWN,29,1997-01-18,1,90,0,0,0,0,0,FC Internazionale Milano,INT,https://img.uefa.com/imgml/TP/teams/logos/240x240/50138.png,250058117,https://img.uefa.com/imgml/TP/players/1/2024/324x324/250058117.jpg,2023-24
David von Ballmoos,Switzerland,GOALKEEPER,GOALKEEPER,31,1994-12-30,1,90,0,0,0,0,0,BSC Young Boys,YB,https://img.uefa.com/imgml/TP/teams/logos/240x240/50031.png,250052744,https://img.uefa.com/imgml/TP/players/1/2024/324x324/250052744.jpg,2023-24
Thibaut Courtois,Belgium,GOALKEEPER,GOALKEEPER,34,1992-05-11,1,90,0,0,0,0,0,Real Madrid C.F.,RMA,https://img.uefa.com/imgml/TP/teams/logos/240x240/50051.png,250011668,https://img.uefa.com/imgml/TP/players/1/2024/324x324/250011668.jpg,2023-24
Fabian Lustenberger,Switzerland,DEFENDER,DEFENSIVE_MIDFIELDER,38,1988-05-02,1,90,0,0,0,0,0,BSC Young Boys,YB,https://img.uefa.com/imgml/TP/teams/logos/240x240/50031.png,1905562,https://img.uefa.com/imgml/TP/players/1/2024/324x324/1905562.jpg,2023-24
Martin Dúbravka,Slovakia,GOALKEEPER,GOALKEEPER,37,1989-01-15,1,90,0,0,0,0,0,Newcastle United FC,NEW,https://img.uefa.com/imgml/TP/teams/logos/240x240/59324.png,1904029,https://img.uefa.com/imgml/TP/players/1/2024/324x324/1904029.jpg,2023-24
Iván Jaime,Spain,MIDFIELDER,UNKNOWN,25,2000-09-26,4,89,0,0,0,0,0,FC Porto,POR,https://img.uefa.com/imgml/TP/teams/logos/240x240/50064.png,250102736,https://img.uefa.com/imgml/TP/players/1/2024/324x324/250102736.jpg,2023-24
Jacob Murphy,England,FORWARD,UNKNOWN,31,1995-02-24,3,87,0,1,0,0,0,Newcastle United FC,NEW,https://img.uefa.com/imgml/TP/teams/logos/240x240/59324.png,250109276,https://img.uefa.com/imgml/TP/players/1/2024/324x324/250109276.jpg,2023-24
Fábio Vieira,Portugal,MIDFIELDER,UNKNOWN,26,2000-05-30,3,86,0,0,0,0,0,Arsenal FC,ARS,https://img.uefa.com/imgml/TP/teams/logos/240x240/52280.png,250113351,https://img.uefa.com/imgml/TP/players/1/2024/324x324/250113351.jpg,2023-24
Armel Bella-Kotchap,Germany,DEFENDER,UNKNOWN,24,2001-12-11,2,84,0,0,0,0,0,PSV Eindhoven,PSV,https://img.uefa.com/imgml/TP/teams/logos/240x240/50062.png,250163289,https://img.uefa.com/imgml/TP/players/1/2024/324x324/250163289.jpg,2023-24
Davy Klaassen,Netherlands,MIDFIELDER,ATTACKING_MIDFIELDER,33,1993-02-21,4,83,0,0,0,0,0,FC Internazionale Milano,INT,https://img.uefa.com/imgml/TP/teams/logos/240x240/50138.png,250013855,https://img.uefa.com/imgml/TP/players/1/2024/324x324/250013855.jpg,2023-24
Joan Jordán,Spain,MIDFIELDER,CENTRAL_MIDFIELDER,31,1994-07-06,2,82,0,0,0,0,0,Sevilla FC,SEV,https://img.uefa.com/imgml/TP/teams/logos/240x240/52714.png,250086646,https://img.uefa.com/imgml/TP/players/1/2024/324x324/250086646.jpg,2023-24
Suso,Spain,FORWARD,WINGER,32,1993-11-19,2,82,0,0,0,0,0,Sevilla FC,SEV,https://img.uefa.com/imgml/TP/teams/logos/240x240/52714.png,250013897,https://img.uefa.com/imgml/TP/players/1/2024/324x324/250013897.jpg,2023-24
Bart Nieuwkoop,Netherlands,DEFENDER,FULL_BACK,30,1996-03-07,3,81,0,0,0,2,0,Feyenoord,FEY,https://img.uefa.com/imgml/TP/teams/logos/240x240/52749.png,250056685,https://img.uefa.com/imgml/TP/players/1/2024/324x324/250056685.jpg,2023-24
Andreas Cornelius,Denmark,FORWARD,STRIKER,33,1993-03-16,3,80,0,0,0,1,0,F.C. Copenhagen,CPH,https://img.uefa.com/imgml/TP/teams/logos/240x240/52709.png,250041664,https://img.uefa.com/imgml/TP/players/1/2024/324x324/250041664.jpg,2023-24
Thomas Beelen,Netherlands,DEFENDER,UNKNOWN,24,2001-06-11,1,79,0,0,0,0,0,Feyenoord,FEY,https://img.uefa.com/imgml/TP/teams/logos/240x240/52749.png,250187221,https://img.uefa.com/imgml/TP/players/1/2024/324x324/250187221.jpg,2023-24
Gustaf Lagerbielke,Sweden,DEFENDER,UNKNOWN,26,2000-04-10,2,78,1,0,0,2,1,Celtic FC,CEL,https://img.uefa.com/imgml/TP/teams/logos/240x240/50050.png,250110983,https://img.uefa.com/imgml/TP/players/1/2024/324x324/250110983.jpg,2023-24
Aleksandar Katai,Serbia,MIDFIELDER,WINGER,35,1991-02-06,5,76,1,0,0,0,0,FK Crvena Zvezda,ZVE,https://img.uefa.com/imgml/TP/teams/logos/240x240/50069.png,250029862,https://img.uefa.com/imgml/TP/players/1/2024/324x324/250029862.jpg,2023-24
Stephen Welsh,Scotland,DEFENDER,CENTRE_BACK,26,2000-01-19,1,75,0,0,0,0,0,Celtic FC,CEL,https://img.uefa.com/imgml/TP/teams/logos/240x240/50050.png,250101698,https://img.uefa.com/imgml/TP/players/1/2024/324x324/250101698.jpg,2023-24
Kazımcan Karataş,Türkiye,DEFENDER,UNKNOWN,23,2003-01-16,1,74,0,0,0,0,0,Galatasaray A.Ş.,GAL,https://img.uefa.com/imgml/TP/teams/logos/240x240/50067.png,250169222,https://img.uefa.com/imgml/TP/players/1/2024/324x324/250169222.jpg,2023-24
Alireza Jahanbakhsh,Iran,FORWARD,WINGER,32,1993-08-11,4,70,1,0,0,0,0,Feyenoord,FEY,https://img.uefa.com/imgml/TP/teams/logos/240x240/52749.png,250070322,https://img.uefa.com/imgml/TP/players/1/2024/324x324/250070322.jpg,2023-24
Morgan Guilavogui,Rep of Guinea,FORWARD,UNKNOWN,28,1998-03-10,4,68,0,0,0,2,1,RC Lens,LEN,https://img.uefa.com/imgml/TP/teams/logos/240x240/52277.png,250187060,https://img.uefa.com/imgml/TP/players/1/2024/324x324/250187060.jpg,2023-24
William Clem,Denmark,MIDFIELDER,UNKNOWN,21,2004-06-20,1,68,0,0,0,0,0,F.C. Copenhagen,CPH,https://img.uefa.com/imgml/TP/teams/logos/240x240/52709.png,250169615,https://img.uefa.com/imgml/TP/players/1/2024/324x324/250169615.jpg,2023-24
Amankwah Forson,Ghana,MIDFIELDER,UNKNOWN,23,2002-12-31,4,66,0,0,0,0,0,FC Salzburg,SAL,https://img.uefa.com/imgml/TP/teams/logos/240x240/50030.png,250182368,https://img.uefa.com/imgml/TP/players/1/2024/324x324/250182368.jpg,2023-24
Ondřej Lingr,Czechia,FORWARD,ATTACKING_MIDFIELDER,27,1998-10-07,4,66,0,0,0,0,0,Feyenoord,FEY,https://img.uefa.com/imgml/TP/teams/logos/240x240/52749.png,250077922,https://img.uefa.com/imgml/TP/players/1/2024/324x324/250077922.jpg,2023-24
Sékou Koita,Mali,FORWARD,STRIKER,26,1999-11-28,2,66,0,0,0,1,0,FC Salzburg,SAL,https://img.uefa.com/imgml/TP/teams/logos/240x240/50030.png,250117359,https://img.uefa.com/imgml/TP/players/1/2024/324x324/250117359.jpg,2023-24
Kieran Tierney,Scotland,DEFENDER,FULL_BACK,28,1997-06-05,2,66,0,0,0,0,0,Real Sociedad de Fútbol,RSO,https://img.uefa.com/imgml/TP/teams/logos/240x240/50123.png,250067541,https://img.uefa.com/imgml/TP/players/1/2024/324x324/250067541.jpg,2023-24
Carlos Fernández,Spain,FORWARD,STRIKER,30,1996-05-22,4,65,0,0,0,1,0,Real Sociedad de Fútbol,RSO,https://img.uefa.com/imgml/TP/teams/logos/240x240/50123.png,250067964,https://img.uefa.com/imgml/TP/players/1/2024/324x324/250067964.jpg,2023-24
Jonny Evans,Northern Ireland,DEFENDER,CENTRE_BACK,38,1988-01-03,2,65,0,0,0,0,0,Manchester United,MUN,https://img.uefa.com/imgml/TP/teams/logos/240x240/52682.png,98171,https://img.uefa.com/imgml/TP/players/1/2024/324x324/98171.jpg,2023-24
Uroš Spajić,Serbia,DEFENDER,CENTRE_BACK,33,1993-02-13,1,65,0,0,0,1,0,FK Crvena Zvezda,ZVE,https://img.uefa.com/imgml/TP/teams/logos/240x240/50069.png,250016616,https://img.uefa.com/imgml/TP/players/1/2024/324x324/250016616.jpg,2023-24
Stav Lemkin,Israel,DEFENDER,UNKNOWN,23,2003-04-02,1,65,0,0,0,0,0,FC Shakhtar Donetsk,SHK,https://img.uefa.com/imgml/TP/teams/logos/240x240/52707.png,250169127,https://img.uefa.com/imgml/TP/players/1/2024/324x324/250169127.jpg,2023-24
Romário Baró,Portugal,MIDFIELDER,CENTRAL_MIDFIELDER,26,2000-01-25,1,64,0,0,0,0,0,FC Porto,POR,https://img.uefa.com/imgml/TP/teams/logos/240x240/50064.png,250101440,https://img.uefa.com/imgml/TP/players/1/2024/324x324/250101440.jpg,2023-24
Mohamed Elneny,Egypt,MIDFIELDER,DEFENSIVE_MIDFIELDER,33,1992-07-11,2,62,0,0,0,0,0,Arsenal FC,ARS,https://img.uefa.com/imgml/TP/teams/logos/240x240/52280.png,250056993,https://img.uefa.com/imgml/TP/players/1/2024/324x324/250056993.jpg,2023-24
Sébastien Haller,Ivory Coast,FORWARD,STRIKER,31,1994-06-22,4,61,1,0,0,0,0,Borussia Dortmund,BVB,https://img.uefa.com/imgml/TP/teams/logos/240x240/52758.png,250027043,https://img.uefa.com/imgml/TP/players/1/2024/324x324/250027043.jpg,2023-24
Tomoki Iwata,Japan,MIDFIELDER,UNKNOWN,29,1997-04-07,3,61,0,0,0,0,0,Celtic FC,CEL,https://img.uefa.com/imgml/TP/teams/logos/240x240/50050.png,250186113,https://img.uefa.com/imgml/TP/players/1/2024/324x324/250186113.jpg,2023-24
Kerem Demirbay,Germany,MIDFIELDER,ATTACKING_MIDFIELDER,32,1993-07-03,2,61,0,0,0,0,0,Galatasaray A.Ş.,GAL,https://img.uefa.com/imgml/TP/teams/logos/240x240/50067.png,250082943,https://img.uefa.com/imgml/TP/players/1/2024/324x324/250082943.jpg,2023-24
Cédric,Portugal,DEFENDER,FULL_BACK,34,1991-08-31,1,61,0,0,0,0,0,Arsenal FC,ARS,https://img.uefa.com/imgml/TP/teams/logos/240x240/52280.png,1907940,https://img.uefa.com/imgml/TP/players/1/2024/324x324/1907940.jpg,2023-24
Jesper Lindstrøm,Denmark,MIDFIELDER,UNKNOWN,26,2000-02-29,4,60,0,0,0,0,0,SSC Napoli,NAP,https://img.uefa.com/imgml/TP/teams/logos/240x240/50136.png,250110724,https://img.uefa.com/imgml/TP/players/1/2024/324x324/250110724.jpg,2023-24
Mariano Díaz,Dominican Rep,FORWARD,STRIKER,32,1993-08-01,3,60,0,0,0,1,0,Sevilla FC,SEV,https://img.uefa.com/imgml/TP/teams/logos/240x240/52714.png,250096713,https://img.uefa.com/imgml/TP/players/1/2024/324x324/250096713.jpg,2023-24
Hannibal Mejbri,Tunisia,MIDFIELDER,UNKNOWN,23,2003-01-21,2,60,0,0,0,0,0,Manchester United,MUN,https://img.uefa.com/imgml/TP/teams/logos/240x240/52682.png,250124413,https://img.uefa.com/imgml/TP/players/1/2024/324x324/250124413.jpg,2023-24
Héctor Fort,Spain,DEFENDER,UNKNOWN,19,2006-08-02,1,60,0,0,0,0,0,FC Barcelona,BAR,https://img.uefa.com/imgml/TP/teams/logos/240x240/50080.png,250171667,https://img.uefa.com/imgml/TP/players/1/2024/324x324/250171667.jpg,2023-24
Çağlar Söyüncü,Türkiye,DEFENDER,CENTRE_BACK,30,1996-05-23,2,58,0,0,0,1,0,Atlético de Madrid,ATM,https://img.uefa.com/imgml/TP/teams/logos/240x240/50124.png,250082679,https://img.uefa.com/imgml/TP/players/1/2024/324x324/250082679.jpg,2023-24
Victor Froholdt,Denmark,MIDFIELDER,UNKNOWN,20,2006-02-25,1,58,0,0,0,0,0,F.C. Copenhagen,CPH,https://img.uefa.com/imgml/TP/teams/logos/240x240/52709.png,250169957,https://img.uefa.com/imgml/TP/players/1/2024/324x324/250169957.jpg,2023-24
Miguel Chaiwa,Zambia,MIDFIELDER,UNKNOWN,21,2004-06-07,3,57,0,0,0,0,0,BSC Young Boys,YB,https://img.uefa.com/imgml/TP/teams/logos/240x240/50031.png,250174331,https://img.uefa.com/imgml/TP/players/1/2024/324x324/250174331.jpg,2023-24
Nordi Mukiele,France,DEFENDER,FULL_BACK,28,1997-11-01,3,56,0,0,0,0,0,Paris Saint-Germain,PSG,https://img.uefa.com/imgml/TP/teams/logos/240x240/52747.png,250121329,https://img.uefa.com/imgml/TP/players/1/2024/324x324/250121329.jpg,2023-24
Chiquinho,Portugal,FORWARD,ATTACKING_MIDFIELDER,30,1995-07-19,5,55,0,0,0,0,0,SL Benfica,BEN,https://img.uefa.com/imgml/TP/teams/logos/240x240/50147.png,250131924,https://img.uefa.com/imgml/TP/players/1/2024/324x324/250131924.jpg,2023-24
Odin Thiago Holm,Norway,MIDFIELDER,UNKNOWN,23,2003-01-18,2,55,0,0,0,0,1,Celtic FC,CEL,https://img.uefa.com/imgml/TP/teams/logos/240x240/50050.png,250129170,https://img.uefa.com/imgml/TP/players/1/2024/324x324/250129170.jpg,2023-24
Wesley Saïd,France,FORWARD,UNKNOWN,31,1995-04-19,3,52,0,0,0,1,0,RC Lens,LEN,https://img.uefa.com/imgml/TP/teams/logos/240x240/52277.png,250047034,https://img.uefa.com/imgml/TP/players/1/2024/324x324/250047034.jpg,2023-24
Pizzi,Portugal,MIDFIELDER,CENTRAL_MIDFIELDER,36,1989-10-06,2,50,0,0,0,0,0,SC Braga,BRA,https://img.uefa.com/imgml/TP/teams/logos/240x240/52336.png,250075765,https://img.uefa.com/imgml/TP/players/1/2024/324x324/250075765.jpg,2023-24
Marko Grujić,Serbia,MIDFIELDER,UNKNOWN,30,1996-04-13,3,48,0,0,0,0,0,FC Porto,POR,https://img.uefa.com/imgml/TP/teams/logos/240x240/50064.png,250055207,https://img.uefa.com/imgml/TP/players/1/2024/324x324/250055207.jpg,2023-24
Oscar Højlund,Denmark,MIDFIELDER,UNKNOWN,21,2005-01-04,6,46,0,0,0,0,0,F.C. Copenhagen,CPH,https://img.uefa.com/imgml/TP/teams/logos/240x240/52709.png,250166946,https://img.uefa.com/imgml/TP/players/1/2024/324x324/250166946.jpg,2023-24
Anthony Martial,France,FORWARD,UNKNOWN,30,1995-12-05,4,46,0,1,0,0,0,Manchester United,MUN,https://img.uefa.com/imgml/TP/teams/logos/240x240/52682.png,250042781,https://img.uefa.com/imgml/TP/players/1/2024/324x324/250042781.jpg,2023-24
Timo Werner,Germany,FORWARD,STRIKER,30,1996-03-06,4,46,0,0,0,0,0,RB Leipzig,RBL,https://img.uefa.com/imgml/TP/teams/logos/240x240/2603790.png,250049183,https://img.uefa.com/imgml/TP/players/1/2024/324x324/250049183.jpg,2023-24
Lewis Hall,England,DEFENDER,UNKNOWN,21,2004-09-08,1,45,0,0,0,1,0,Newcastle United FC,NEW,https://img.uefa.com/imgml/TP/teams/logos/240x240/59324.png,250139204,https://img.uefa.com/imgml/TP/players/1/2024/324x324/250139204.jpg,2023-24
Marcos Lopez,Peru,DEFENDER,UNKNOWN,26,1999-11-20,1,45,0,0,0,1,0,Feyenoord,FEY,https://img.uefa.com/imgml/TP/teams/logos/240x240/52749.png,250122937,https://img.uefa.com/imgml/TP/players/1/2024/324x324/250122937.jpg,2023-24
Leandro Morgalla,Germany,DEFENDER,UNKNOWN,21,2004-09-13,1,45,0,0,0,0,0,FC Salzburg,SAL,https://img.uefa.com/imgml/TP/teams/logos/240x240/50030.png,250178782,https://img.uefa.com/imgml/TP/players/1/2024/324x324/250178782.jpg,2023-24
Christian Sørensen,Denmark,DEFENDER,UNKNOWN,33,1992-08-06,3,43,0,0,0,0,0,F.C. Copenhagen,CPH,https://img.uefa.com/imgml/TP/teams/logos/240x240/52709.png,250007241,https://img.uefa.com/imgml/TP/players/1/2024/324x324/250007241.jpg,2023-24
Elliot Anderson,England,MIDFIELDER,UNKNOWN,23,2002-11-06,2,43,0,0,0,0,0,Newcastle United FC,NEW,https://img.uefa.com/imgml/TP/teams/logos/240x240/59324.png,250117617,https://img.uefa.com/imgml/TP/players/1/2024/324x324/250117617.jpg,2023-24
Emile Smith Rowe,England,FORWARD,ATTACKING_MIDFIELDER,25,2000-07-28,3,42,0,0,0,0,0,Arsenal FC,ARS,https://img.uefa.com/imgml/TP/teams/logos/240x240/52280.png,250087672,https://img.uefa.com/imgml/TP/players/1/2024/324x324/250087672.jpg,2023-24
Kobbie Mainoo,England,MIDFIELDER,UNKNOWN,21,2005-04-19,2,42,0,0,0,0,0,Manchester United,MUN,https://img.uefa.com/imgml/TP/teams/logos/240x240/52682.png,250165175,https://img.uefa.com/imgml/TP/players/1/2024/324x324/250165175.jpg,2023-24
Eric Maxim Choupo-Moting,Cameroon,MIDFIELDER,UNKNOWN,37,1989-03-23,5,40,0,0,0,0,0,FC Bayern München,BAY,https://img.uefa.com/imgml/TP/teams/logos/240x240/50037.png,1904338,https://img.uefa.com/imgml/TP/players/1/2024/324x324/1904338.jpg,2023-24
Nicolás Paz,Spain,MIDFIELDER,UNKNOWN,21,2004-09-08,3,39,1,0,0,0,0,Real Madrid C.F.,RMA,https://img.uefa.com/imgml/TP/teams/logos/240x240/50051.png,250153621,https://img.uefa.com/imgml/TP/players/1/2024/324x324/250153621.jpg,2023-24
Cédric Bakambu,DR Congo,FORWARD,UNKNOWN,35,1991-04-11,2,37,1,0,0,1,0,Galatasaray A.Ş.,GAL,https://img.uefa.com/imgml/TP/teams/logos/240x240/50067.png,250019497,https://img.uefa.com/imgml/TP/players/1/2024/324x324/250019497.jpg,2023-24
Rafa Mir,Spain,FORWARD,UNKNOWN,28,1997-06-18,2,37,0,0,0,1,0,Sevilla FC,SEV,https://img.uefa.com/imgml/TP/teams/logos/240x240/52714.png,250088335,https://img.uefa.com/imgml/TP/players/1/2024/324x324/250088335.jpg,2023-24
Andy Diouf,France,MIDFIELDER,UNKNOWN,23,2003-05-17,2,37,0,0,0,0,0,RC Lens,LEN,https://img.uefa.com/imgml/TP/teams/logos/240x240/52277.png,250136353,https://img.uefa.com/imgml/TP/players/1/2024/324x324/250136353.jpg,2023-24
Noah Persson,Sweden,DEFENDER,UNKNOWN,22,2003-07-16,3,36,0,0,0,0,0,BSC Young Boys,YB,https://img.uefa.com/imgml/TP/teams/logos/240x240/50031.png,250185952,https://img.uefa.com/imgml/TP/players/1/2024/324x324/250185952.jpg,2023-24
Thomas Van Den Belt,Netherlands,MIDFIELDER,UNKNOWN,24,2001-06-18,1,36,0,0,0,0,0,Feyenoord,FEY,https://img.uefa.com/imgml/TP/teams/logos/240x240/52749.png,250187220,https://img.uefa.com/imgml/TP/players/1/2024/324x324/250187220.jpg,2023-24
Anthony Valencia,Ecuador,FORWARD,UNKNOWN,22,2003-07-21,3,35,0,0,0,0,0,Royal Antwerp FC,ANT,https://img.uefa.com/imgml/TP/teams/logos/240x240/50113.png,250174134,https://img.uefa.com/imgml/TP/players/1/2024/324x324/250174134.jpg,2023-24
Antoni Milambo,Netherlands,MIDFIELDER,UNKNOWN,21,2005-04-03,2,35,0,0,0,0,0,Feyenoord,FEY,https://img.uefa.com/imgml/TP/teams/logos/240x240/52749.png,250159544,https://img.uefa.com/imgml/TP/players/1/2024/324x324/250159544.jpg,2023-24
Fernando,Brazil,FORWARD,STRIKER,27,1999-03-01,1,35,0,0,0,0,0,FC Salzburg,SAL,https://img.uefa.com/imgml/TP/teams/logos/240x240/50030.png,250121492,https://img.uefa.com/imgml/TP/players/1/2024/324x324/250121492.jpg,2023-24
Noah Okafor,Switzerland,FORWARD,WINGER,26,2000-05-24,3,34,0,1,0,0,0,AC Milan,MIL,https://img.uefa.com/imgml/TP/teams/logos/240x240/50058.png,250101696,https://img.uefa.com/imgml/TP/players/1/2024/324x324/250101696.jpg,2023-24
Kobe Corbanie,Belgium,DEFENDER,UNKNOWN,21,2005-05-10,2,34,0,0,0,0,0,Royal Antwerp FC,ANT,https://img.uefa.com/imgml/TP/teams/logos/240x240/50113.png,250188224,https://img.uefa.com/imgml/TP/players/1/2024/324x324/250188224.jpg,2023-24
Marc Guiu,Spain,FORWARD,UNKNOWN,20,2006-01-04,2,33,1,0,0,0,0,FC Barcelona,BAR,https://img.uefa.com/imgml/TP/teams/logos/240x240/50080.png,250176455,https://img.uefa.com/imgml/TP/players/1/2024/324x324/250176455.jpg,2023-24
David Turnbull,Scotland,FORWARD,CENTRAL_MIDFIELDER,26,1999-07-10,2,33,0,0,0,0,0,Celtic FC,CEL,https://img.uefa.com/imgml/TP/teams/logos/240x240/50050.png,250141857,https://img.uefa.com/imgml/TP/players/1/2024/324x324/250141857.jpg,2023-24
Gonçalo Borges,Portugal,FORWARD,UNKNOWN,25,2001-03-29,3,32,0,0,0,0,0,FC Porto,POR,https://img.uefa.com/imgml/TP/teams/logos/240x240/50064.png,250113342,https://img.uefa.com/imgml/TP/players/1/2024/324x324/250113342.jpg,2023-24
André Horta,Portugal,MIDFIELDER,ATTACKING_MIDFIELDER,29,1996-11-07,3,31,0,0,0,0,0,SC Braga,BRA,https://img.uefa.com/imgml/TP/teams/logos/240x240/52336.png,250080473,https://img.uefa.com/imgml/TP/players/1/2024/324x324/250080473.jpg,2023-24
Tanguy Nianzou,France,DEFENDER,UNKNOWN,23,2002-06-07,2,31,0,0,0,0,0,Sevilla FC,SEV,https://img.uefa.com/imgml/TP/teams/logos/240x240/52714.png,250118959,https://img.uefa.com/imgml/TP/players/1/2024/324x324/250118959.jpg,2023-24
Luka Jović,Serbia,FORWARD,STRIKER,28,1997-12-23,2,30,0,0,0,1,0,AC Milan,MIL,https://img.uefa.com/imgml/TP/teams/logos/240x240/50058.png,250058244,https://img.uefa.com/imgml/TP/players/1/2024/324x324/250058244.jpg,2023-24
Tiago Gouveia,Portugal,FORWARD,UNKNOWN,24,2001-06-18,3,29,0,0,0,0,0,SL Benfica,BEN,https://img.uefa.com/imgml/TP/teams/logos/240x240/50147.png,250117890,https://img.uefa.com/imgml/TP/players/1/2024/324x324/250117890.jpg,2023-24
Abdukodir Khusanov,Uzbekistan,DEFENDER,UNKNOWN,22,2004-02-29,2,29,0,0,0,1,0,RC Lens,LEN,https://img.uefa.com/imgml/TP/teams/logos/240x240/52277.png,250187698,https://img.uefa.com/imgml/TP/players/1/2024/324x324/250187698.jpg,2023-24
Valdemar Lund,Denmark,DEFENDER,UNKNOWN,23,2003-05-28,2,27,0,0,0,0,0,F.C. Copenhagen,CPH,https://img.uefa.com/imgml/TP/teams/logos/240x240/52709.png,250130224,https://img.uefa.com/imgml/TP/players/1/2024/324x324/250130224.jpg,2023-24
Gonçalo Guedes,Portugal,FORWARD,WINGER,29,1996-11-29,2,27,0,0,0,0,0,SL Benfica,BEN,https://img.uefa.com/imgml/TP/teams/logos/240x240/50147.png,250054760,https://img.uefa.com/imgml/TP/players/1/2024/324x324/250054760.jpg,2023-24
Olexiy Kashchuk,Ukraine,MIDFIELDER,UNKNOWN,25,2000-06-29,1,25,0,0,0,0,0,FC Shakhtar Donetsk,SHK,https://img.uefa.com/imgml/TP/teams/logos/240x240/52707.png,250092182,https://img.uefa.com/imgml/TP/players/1/2024/324x324/250092182.jpg,2023-24
Marc Casadó,Spain,DEFENDER,UNKNOWN,22,2003-09-14,2,22,0,0,0,0,0,FC Barcelona,BAR,https://img.uefa.com/imgml/TP/teams/logos/240x240/50080.png,250129965,https://img.uefa.com/imgml/TP/players/1/2024/324x324/250129965.jpg,2023-24
Adrián Marín,Spain,DEFENDER,FULL_BACK,29,1997-01-09,2,22,0,0,0,0,0,SC Braga,BRA,https://img.uefa.com/imgml/TP/teams/logos/240x240/52336.png,250068977,https://img.uefa.com/imgml/TP/players/1/2024/324x324/250068977.jpg,2023-24
Reinildo,Mozambique,DEFENDER,FULL_BACK,32,1994-01-21,1,22,0,0,0,0,0,Atlético de Madrid,ATM,https://img.uefa.com/imgml/TP/teams/logos/240x240/50124.png,250132831,https://img.uefa.com/imgml/TP/players/1/2024/324x324/250132831.jpg,2023-24
Giovanni Reyna,USA,MIDFIELDER,UNKNOWN,23,2002-11-13,2,21,0,0,0,0,0,Borussia Dortmund,BVB,https://img.uefa.com/imgml/TP/teams/logos/240x240/52758.png,250134661,https://img.uefa.com/imgml/TP/players/1/2024/324x324/250134661.jpg,2023-24
Matt Targett,England,DEFENDER,FULL_BACK,30,1995-09-18,2,21,0,0,0,0,0,Newcastle United FC,NEW,https://img.uefa.com/imgml/TP/teams/logos/240x240/59324.png,250070191,https://img.uefa.com/imgml/TP/players/1/2024/324x324/250070191.jpg,2023-24
Gianluca Gaetano,Italy,FORWARD,UNKNOWN,26,2000-05-05,1,21,0,0,0,0,0,SSC Napoli,NAP,https://img.uefa.com/imgml/TP/teams/logos/240x240/50136.png,250101412,https://img.uefa.com/imgml/TP/players/1/2024/324x324/250101412.jpg,2023-24
Isaac Babadi,Netherlands,MIDFIELDER,UNKNOWN,21,2005-04-06,2,20,0,0,0,0,0,PSV Eindhoven,PSV,https://img.uefa.com/imgml/TP/teams/logos/240x240/50062.png,250169763,https://img.uefa.com/imgml/TP/players/1/2024/324x324/250169763.jpg,2023-24
Łukasz Łakomy,Poland,MIDFIELDER,UNKNOWN,25,2001-01-18,1,20,0,0,0,0,0,BSC Young Boys,YB,https://img.uefa.com/imgml/TP/teams/logos/240x240/50031.png,250113947,https://img.uefa.com/imgml/TP/players/1/2024/324x324/250113947.jpg,2023-24
Youssoufa Moukoko,Germany,FORWARD,UNKNOWN,21,2004-11-20,4,17,0,0,0,0,0,Borussia Dortmund,BVB,https://img.uefa.com/imgml/TP/teams/logos/240x240/52758.png,250134659,https://img.uefa.com/imgml/TP/players/1/2024/324x324/250134659.jpg,2023-24
Diogo Fonseca,Portugal,DEFENDER,UNKNOWN,24,2002-04-10,1,17,0,0,0,0,0,SC Braga,BRA,https://img.uefa.com/imgml/TP/teams/logos/240x240/52336.png,250165396,https://img.uefa.com/imgml/TP/players/1/2024/324x324/250165396.jpg,2023-24
Eguinaldo,Brazil,FORWARD,UNKNOWN,21,2004-08-09,3,15,1,0,0,0,0,FC Shakhtar Donetsk,SHK,https://img.uefa.com/imgml/TP/teams/logos/240x240/52707.png,250187759,https://img.uefa.com/imgml/TP/players/1/2024/324x324/250187759.jpg,2023-24
Mitchel Frame,Scotland,DEFENDER,UNKNOWN,20,2006-01-25,1,15,0,0,0,0,0,Celtic FC,CEL,https://img.uefa.com/imgml/TP/teams/logos/240x240/50050.png,250176939,https://img.uefa.com/imgml/TP/players/1/2024/324x324/250176939.jpg,2023-24
Mahamadou Susoho,Spain,MIDFIELDER,UNKNOWN,21,2005-01-20,1,14,0,0,0,0,0,Manchester City,MCI,https://img.uefa.com/imgml/TP/teams/logos/240x240/52919.png,250164852,https://img.uefa.com/imgml/TP/players/1/2024/324x324/250164852.jpg,2023-24
Danny Namaso,England,FORWARD,UNKNOWN,25,2000-08-28,3,13,0,0,0,0,0,FC Porto,POR,https://img.uefa.com/imgml/TP/teams/logos/240x240/50064.png,250104093,https://img.uefa.com/imgml/TP/players/1/2024/324x324/250104093.jpg,2023-24
Leo Sauer,Slovakia,FORWARD,UNKNOWN,20,2005-12-16,2,13,0,0,0,0,0,Feyenoord,FEY,https://img.uefa.com/imgml/TP/teams/logos/240x240/52749.png,250164450,https://img.uefa.com/imgml/TP/players/1/2024/324x324/250164450.jpg,2023-24
Chaka Traore,Ivory Coast,FORWARD,UNKNOWN,21,2004-12-23,1,13,0,0,0,0,0,AC Milan,MIL,https://img.uefa.com/imgml/TP/teams/logos/240x240/50058.png,250164055,https://img.uefa.com/imgml/TP/players/1/2024/324x324/250164055.jpg,2023-24
Jon Magunacelaya,Spain,MIDFIELDER,UNKNOWN,24,2001-07-13,1,13,0,0,0,0,0,Real Sociedad de Fútbol,RSO,https://img.uefa.com/imgml/TP/teams/logos/240x240/50123.png,250163316,https://img.uefa.com/imgml/TP/players/1/2024/324x324/250163316.jpg,2023-24
Éder Militão,Brazil,DEFENDER,FULL_BACK,28,1998-01-18,3,12,0,0,0,0,0,Real Madrid C.F.,RMA,https://img.uefa.com/imgml/TP/teams/logos/240x240/50051.png,250121965,https://img.uefa.com/imgml/TP/players/1/2024/324x324/250121965.jpg,2023-24
Uroš Kabić,Serbia,MIDFIELDER,UNKNOWN,22,2004-01-01,1,12,0,0,0,0,0,FK Crvena Zvezda,ZVE,https://img.uefa.com/imgml/TP/teams/logos/240x240/50069.png,250187130,https://img.uefa.com/imgml/TP/players/1/2024/324x324/250187130.jpg,2023-24
Bouna Sarr,Senegal,DEFENDER,FULL_BACK,34,1992-01-31,1,12,0,0,0,0,0,FC Bayern München,BAY,https://img.uefa.com/imgml/TP/teams/logos/240x240/50037.png,250086985,https://img.uefa.com/imgml/TP/players/1/2024/324x324/250086985.jpg,2023-24
Javairo Dilrosun,Netherlands,FORWARD,UNKNOWN,27,1998-06-22,1,11,0,0,0,0,0,Feyenoord,FEY,https://img.uefa.com/imgml/TP/teams/logos/240x240/52749.png,250076594,https://img.uefa.com/imgml/TP/players/1/2024/324x324/250076594.jpg,2023-24
Carlos Soler,Spain,MIDFIELDER,CENTRAL_MIDFIELDER,29,1997-01-02,2,9,0,0,0,0,0,Paris Saint-Germain,PSG,https://img.uefa.com/imgml/TP/teams/logos/240x240/52747.png,250088328,https://img.uefa.com/imgml/TP/players/1/2024/324x324/250088328.jpg,2023-24
Kings Kangwa,Zambia,MIDFIELDER,UNKNOWN,27,1999-06-04,1,9,0,0,0,0,0,FK Crvena Zvezda,ZVE,https://img.uefa.com/imgml/TP/teams/logos/240x240/50069.png,250174872,https://img.uefa.com/imgml/TP/players/1/2024/324x324/250174872.jpg,2023-24
Roger Fernandes,Portugal,FORWARD,UNKNOWN,20,2005-11-21,1,9,0,0,0,0,0,SC Braga,BRA,https://img.uefa.com/imgml/TP/teams/logos/240x240/52336.png,250163729,https://img.uefa.com/imgml/TP/players/1/2024/324x324/250163729.jpg,2023-24
Donat Rrudhani,Kosovo,MIDFIELDER,UNKNOWN,27,1999-05-02,1,9,0,0,0,0,0,BSC Young Boys,YB,https://img.uefa.com/imgml/TP/teams/logos/240x240/50031.png,250138356,https://img.uefa.com/imgml/TP/players/1/2024/324x324/250138356.jpg,2023-24
Marco Sportiello,Italy,GOALKEEPER,UNKNOWN,34,1992-05-10,1,9,0,0,0,0,0,AC Milan,MIL,https://img.uefa.com/imgml/TP/teams/logos/240x240/50058.png,250082738,https://img.uefa.com/imgml/TP/players/1/2024/324x324/250082738.jpg,2023-24
Dijon Kameri,Austria,MIDFIELDER,UNKNOWN,22,2004-04-20,1,8,0,0,0,1,0,FC Salzburg,SAL,https://img.uefa.com/imgml/TP/teams/logos/240x240/50030.png,250141023,https://img.uefa.com/imgml/TP/players/1/2024/324x324/250141023.jpg,2023-24
Miloš Degenek,Australia,DEFENDER,CENTRE_BACK,32,1994-04-28,1,8,0,0,0,0,0,FK Crvena Zvezda,ZVE,https://img.uefa.com/imgml/TP/teams/logos/240x240/50069.png,250056008,https://img.uefa.com/imgml/TP/players/1/2024/324x324/250056008.jpg,2023-24
Aljoscha Kemlein,Germany,MIDFIELDER,UNKNOWN,21,2004-08-02,1,7,0,0,0,0,0,1. FC Union Berlin,UBE,https://img.uefa.com/imgml/TP/teams/logos/240x240/77977.png,250177930,https://img.uefa.com/imgml/TP/players/1/2024/324x324/250177930.jpg,2023-24
Jon Ander Olasagasti,Spain,MIDFIELDER,CENTRAL_MIDFIELDER,25,2000-08-16,1,7,0,0,0,0,0,Real Sociedad de Fútbol,RSO,https://img.uefa.com/imgml/TP/teams/logos/240x240/50123.png,250147530,https://img.uefa.com/imgml/TP/players/1/2024/324x324/250147530.jpg,2023-24
Fran Navarro,Spain,FORWARD,UNKNOWN,28,1998-02-03,1,7,0,0,0,0,0,FC Porto,POR,https://img.uefa.com/imgml/TP/teams/logos/240x240/50064.png,250079395,https://img.uefa.com/imgml/TP/players/1/2024/324x324/250079395.jpg,2023-24
Toni Martínez,Spain,FORWARD,UNKNOWN,28,1997-06-30,2,6,0,0,0,0,0,FC Porto,POR,https://img.uefa.com/imgml/TP/teams/logos/240x240/50064.png,250068973,https://img.uefa.com/imgml/TP/players/1/2024/324x324/250068973.jpg,2023-24
Marian Shved,Ukraine,MIDFIELDER,WINGER,28,1997-07-16,2,4,0,0,0,0,0,FC Shakhtar Donetsk,SHK,https://img.uefa.com/imgml/TP/teams/logos/240x240/52707.png,250082625,https://img.uefa.com/imgml/TP/players/1/2024/324x324/250082625.jpg,2023-24
André Castro,Portugal,MIDFIELDER,CENTRAL_MIDFIELDER,38,1988-04-02,1,4,1,0,0,0,0,SC Braga,BRA,https://img.uefa.com/imgml/TP/teams/logos/240x240/52336.png,98796,https://img.uefa.com/imgml/TP/players/1/2024/324x324/98796.jpg,2023-24
Thomas Partey,Ghana,MIDFIELDER,DEFENSIVE_MIDFIELDER,32,1993-06-13,1,4,0,0,0,1,0,Arsenal FC,ARS,https://img.uefa.com/imgml/TP/teams/logos/240x240/52280.png,250086316,https://img.uefa.com/imgml/TP/players/1/2024/324x324/250086316.jpg,2023-24
Frans Krätzig,Germany,DEFENDER,UNKNOWN,23,2003-01-14,1,4,0,0,0,0,0,FC Bayern München,BAY,https://img.uefa.com/imgml/TP/teams/logos/240x240/50037.png,250153412,https://img.uefa.com/imgml/TP/players/1/2024/324x324/250153412.jpg,2023-24
Alessandro Zanoli,Italy,DEFENDER,UNKNOWN,25,2000-10-03,1,3,0,0,0,0,0,SSC Napoli,NAP,https://img.uefa.com/imgml/TP/teams/logos/240x240/50136.png,250124296,https://img.uefa.com/imgml/TP/players/1/2024/324x324/250124296.jpg,2023-24
Jon Aramburu,Venezuela,DEFENDER,UNKNOWN,23,2002-07-23,1,2,0,0,0,0,0,Real Sociedad de Fútbol,RSO,https://img.uefa.com/imgml/TP/teams/logos/240x240/50123.png,250193521,https://img.uefa.com/imgml/TP/players/1/2024/324x324/250193521.jpg,2023-24
Jacob Wright,England,MIDFIELDER,UNKNOWN,20,2005-09-21,1,2,0,0,0,0,0,Manchester City,MCI,https://img.uefa.com/imgml/TP/teams/logos/240x240/52919.png,250177819,https://img.uefa.com/imgml/TP/players/1/2024/324x324/250177819.jpg,2023-24
Davide Bartesaghi,Italy,DEFENDER,UNKNOWN,20,2005-12-29,1,2,0,0,0,0,0,AC Milan,MIL,https://img.uefa.com/imgml/TP/teams/logos/240x240/50058.png,250177381,https://img.uefa.com/imgml/TP/players/1/2024/324x324/250177381.jpg,2023-24
Rony Lopes,Portugal,FORWARD,WINGER,30,1995-12-28,1,2,0,0,0,0,0,SC Braga,BRA,https://img.uefa.com/imgml/TP/teams/logos/240x240/52336.png,250042514,https://img.uefa.com/imgml/TP/players/1/2024/324x324/250042514.jpg,2023-24
Ilias Kostis,Greece,DEFENDER,UNKNOWN,23,2003-02-27,1,1,0,0,0,0,0,Atlético de Madrid,ATM,https://img.uefa.com/imgml/TP/teams/logos/240x240/50124.png,250129831,https://img.uefa.com/imgml/TP/players/1/2024/324x324/250129831.jpg,2023-24
Fredrik Oppegård,Norway,DEFENDER,FULL_BACK,23,2002-08-07,1,1,0,0,0,0,0,PSV Eindhoven,PSV,https://img.uefa.com/imgml/TP/teams/logos/240x240/50062.png,250127024,https://img.uefa.com/imgml/TP/players/1/2024/324x324/250127024.jpg,2023-24
Harvey Barnes,England,FORWARD,WINGER,28,1997-12-09,1,1,0,0,0,0,0,Newcastle United FC,NEW,https://img.uefa.com/imgml/TP/teams/logos/240x240/59324.png,250102497,https://img.uefa.com/imgml/TP/players/1/2024/324x324/250102497.jpg,2023-24
Cyril Ngonge,Belgium,FORWARD,STRIKER,26,2000-05-26,1,1,0,0,0,0,0,SSC Napoli,NAP,https://img.uefa.com/imgml/TP/teams/logos/240x240/50136.png,250102420,https://img.uefa.com/imgml/TP/players/1/2024/324x324/250102420.jpg,2023-24
Simon Kjær,Denmark,DEFENDER,CENTRE_BACK,37,1989-03-26,1,1,0,0,0,0,0,AC Milan,MIL,https://img.uefa.com/imgml/TP/teams/logos/240x240/50058.png,108509,https://img.uefa.com/imgml/TP/players/1/2024/324x324/108509.jpg,2023-24
Luigi Sepe,Italy,GOALKEEPER,GOALKEEPER,35,1991-05-08,0,0,0,0,0,1,0,S.S. Lazio,LAZ,https://img.uefa.com/imgml/TP/teams/logos/240x240/52973.png,250002190,https://img.uefa.com/imgml/TP/players/1/2024/324x324/250002190.jpg,2023-24
Cláudio Ramos,Portugal,GOALKEEPER,UNKNOWN,34,1991-11-16,0,0,0,0,0,1,0,FC Porto,POR,https://img.uefa.com/imgml/TP/teams/logos/240x240/50064.png,1909059,https://img.uefa.com/imgml/TP/players/1/2024/324x324/1909059.jpg,2023-24
Tom Heaton,England,GOALKEEPER,GOALKEEPER,40,1986-04-15,0,0,0,0,0,0,0,Manchester United,MUN,https://img.uefa.com/imgml/TP/teams/logos/240x240/52682.png,69582,https://img.uefa.com/imgml/TP/players/1/2024/324x324/69582.jpg,2023-24
Scott Carson,England,GOALKEEPER,UNKNOWN,40,1985-09-03,0,0,0,0,0,0,0,Manchester City,MCI,https://img.uefa.com/imgml/TP/teams/logos/240x240/52919.png,69178,https://img.uefa.com/imgml/TP/players/1/2024/324x324/69178.jpg,2023-24
Dmytro Chygrynskiy,Ukraine,DEFENDER,CENTRE_BACK,39,1986-11-07,0,0,0,0,0,0,0,FC Shakhtar Donetsk,SHK,https://img.uefa.com/imgml/TP/teams/logos/240x240/52707.png,68335,https://img.uefa.com/imgml/TP/players/1/2024/324x324/68335.jpg,2023-24
Antonio Mirante,Italy,GOALKEEPER,GOALKEEPER,42,1983-07-08,0,0,0,0,0,0,0,AC Milan,MIL,https://img.uefa.com/imgml/TP/teams/logos/240x240/50058.png,63838,https://img.uefa.com/imgml/TP/players/1/2024/324x324/63838.jpg,2023-24
Boy Waterman,Netherlands,GOALKEEPER,GOALKEEPER,42,1984-01-24,0,0,0,0,0,0,0,PSV Eindhoven,PSV,https://img.uefa.com/imgml/TP/teams/logos/240x240/50062.png,52563,https://img.uefa.com/imgml/TP/players/1/2024/324x324/52563.jpg,2023-24
Zé Pedro,Portugal,DEFENDER,UNKNOWN,28,1997-06-06,0,0,0,0,0,0,0,FC Porto,POR,https://img.uefa.com/imgml/TP/teams/logos/240x240/50064.png,250193542,https://img.uefa.com/imgml/TP/players/1/2024/324x324/250193542.jpg,2023-24
Bryan Zaragoza,Spain,FORWARD,UNKNOWN,24,2001-09-09,0,0,0,0,0,0,0,FC Bayern München,BAY,https://img.uefa.com/imgml/TP/teams/logos/240x240/50037.png,250193528,https://img.uefa.com/imgml/TP/players/1/2024/324x324/250193528.jpg,2023-24
Horațiu Moldovan,Romania,GOALKEEPER,UNKNOWN,28,1998-01-20,0,0,0,0,0,0,0,Atlético de Madrid,ATM,https://img.uefa.com/imgml/TP/teams/logos/240x240/50124.png,250193497,https://img.uefa.com/imgml/TP/players/1/2024/324x324/250193497.jpg,2023-24
Vitor Roque,Brazil,FORWARD,UNKNOWN,21,2005-02-28,0,0,0,0,0,0,0,FC Barcelona,BAR,https://img.uefa.com/imgml/TP/teams/logos/240x240/50080.png,250193460,https://img.uefa.com/imgml/TP/players/1/2024/324x324/250193460.jpg,2023-24
Michael Ndiweni,England,FORWARD,UNKNOWN,22,2003-12-02,0,0,0,0,0,0,0,Newcastle United FC,NEW,https://img.uefa.com/imgml/TP/teams/logos/240x240/59324.png,250191075,https://img.uefa.com/imgml/TP/players/1/2024/324x324/250191075.jpg,2023-24
Tom Pouilly,France,MIDFIELDER,UNKNOWN,22,2003-06-18,0,0,0,0,0,0,0,RC Lens,LEN,https://img.uefa.com/imgml/TP/teams/logos/240x240/52277.png,250191059,https://img.uefa.com/imgml/TP/players/1/2024/324x324/250191059.jpg,2023-24
Matteo Duțu,Romania,DEFENDER,UNKNOWN,20,2005-11-23,0,0,0,0,0,0,0,S.S. Lazio,LAZ,https://img.uefa.com/imgml/TP/teams/logos/240x240/52973.png,250190826,https://img.uefa.com/imgml/TP/players/1/2024/324x324/250190826.jpg,2023-24
Luca Napolitano,Italy,MIDFIELDER,UNKNOWN,22,2004-01-10,0,0,0,0,0,0,0,S.S. Lazio,LAZ,https://img.uefa.com/imgml/TP/teams/logos/240x240/52973.png,250190817,https://img.uefa.com/imgml/TP/players/1/2024/324x324/250190817.jpg,2023-24
Eran Tuypens,Belgium,DEFENDER,UNKNOWN,20,2005-12-07,0,0,0,0,0,0,0,Royal Antwerp FC,ANT,https://img.uefa.com/imgml/TP/teams/logos/240x240/50113.png,250190699,https://img.uefa.com/imgml/TP/players/1/2024/324x324/250190699.jpg,2023-24
Adam Harrison,England,GOALKEEPER,UNKNOWN,19,2006-10-20,0,0,0,0,0,0,0,Newcastle United FC,NEW,https://img.uefa.com/imgml/TP/teams/logos/240x240/59324.png,250190256,https://img.uefa.com/imgml/TP/players/1/2024/324x324/250190256.jpg,2023-24
Aidan Harris,England,GOALKEEPER,UNKNOWN,19,2006-12-16,0,0,0,0,0,0,0,Newcastle United FC,NEW,https://img.uefa.com/imgml/TP/teams/logos/240x240/59324.png,250190255,https://img.uefa.com/imgml/TP/players/1/2024/324x324/250190255.jpg,2023-24
James Huntley,England,MIDFIELDER,UNKNOWN,22,2004-03-02,0,0,0,0,0,0,0,Newcastle United FC,NEW,https://img.uefa.com/imgml/TP/teams/logos/240x240/59324.png,250190041,https://img.uefa.com/imgml/TP/players/1/2024/324x324/250190041.jpg,2023-24
Ayden Heaven,England,DEFENDER,CENTRE_BACK,19,2006-09-22,0,0,0,0,0,0,0,Arsenal FC,ARS,https://img.uefa.com/imgml/TP/teams/logos/240x240/52280.png,250189295,https://img.uefa.com/imgml/TP/players/1/2024/324x324/250189295.jpg,2023-24
Sergio Guerrero,Spain,MIDFIELDER,UNKNOWN,27,1999-01-13,0,0,0,0,0,0,0,Atlético de Madrid,ATM,https://img.uefa.com/imgml/TP/teams/logos/240x240/50124.png,250189163,https://img.uefa.com/imgml/TP/players/1/2024/324x324/250189163.jpg,2023-24
Álex Calatrava,Spain,FORWARD,UNKNOWN,25,2000-06-22,0,0,0,0,0,0,0,Atlético de Madrid,ATM,https://img.uefa.com/imgml/TP/teams/logos/240x240/50124.png,250189153,https://img.uefa.com/imgml/TP/players/1/2024/324x324/250189153.jpg,2023-24
Ethan Mbappé,France,MIDFIELDER,UNKNOWN,19,2006-12-29,0,0,0,0,0,0,0,Paris Saint-Germain,PSG,https://img.uefa.com/imgml/TP/teams/logos/240x240/52747.png,250189110,https://img.uefa.com/imgml/TP/players/1/2024/324x324/250189110.jpg,2023-24
Milo Horemans,Belgium,MIDFIELDER,UNKNOWN,20,2006-05-18,0,0,0,0,0,0,0,Royal Antwerp FC,ANT,https://img.uefa.com/imgml/TP/teams/logos/240x240/50113.png,250188421,https://img.uefa.com/imgml/TP/players/1/2024/324x324/250188421.jpg,2023-24
Milan Smits,Belgium,MIDFIELDER,UNKNOWN,21,2004-11-13,0,0,0,0,0,0,0,Royal Antwerp FC,ANT,https://img.uefa.com/imgml/TP/teams/logos/240x240/50113.png,250188419,https://img.uefa.com/imgml/TP/players/1/2024/324x324/250188419.jpg,2023-24
Mikey Johnston,Republic of Ireland,FORWARD,UNKNOWN,27,1999-04-19,0,0,0,0,0,0,0,Celtic FC,CEL,https://img.uefa.com/imgml/TP/teams/logos/240x240/50050.png,250187707,https://img.uefa.com/imgml/TP/players/1/2024/324x324/250187707.jpg,2023-24
Ayanda Sishuba,Belgium,FORWARD,UNKNOWN,21,2005-02-02,0,0,0,0,0,0,0,RC Lens,LEN,https://img.uefa.com/imgml/TP/teams/logos/240x240/52277.png,250187699,https://img.uefa.com/imgml/TP/players/1/2024/324x324/250187699.jpg,2023-24
Ben Parkinson,England,MIDFIELDER,UNKNOWN,21,2005-03-10,0,0,0,0,0,0,0,Newcastle United FC,NEW,https://img.uefa.com/imgml/TP/teams/logos/240x240/59324.png,250187682,https://img.uefa.com/imgml/TP/players/1/2024/324x324/250187682.jpg,2023-24
Jamie Miley,England,MIDFIELDER,UNKNOWN,22,2004-01-14,0,0,0,0,0,0,0,Newcastle United FC,NEW,https://img.uefa.com/imgml/TP/teams/logos/240x240/59324.png,250187681,https://img.uefa.com/imgml/TP/players/1/2024/324x324/250187681.jpg,2023-24
Pedro Henrique,Brazil,DEFENDER,UNKNOWN,23,2002-07-11,0,0,0,0,0,0,0,FC Shakhtar Donetsk,SHK,https://img.uefa.com/imgml/TP/teams/logos/240x240/52707.png,250187672,https://img.uefa.com/imgml/TP/players/1/2024/324x324/250187672.jpg,2023-24
Guillermo Bueno,Spain,DEFENDER,UNKNOWN,23,2002-09-18,0,0,0,0,0,0,0,Borussia Dortmund,BVB,https://img.uefa.com/imgml/TP/teams/logos/240x240/52758.png,250187575,https://img.uefa.com/imgml/TP/players/1/2024/324x324/250187575.jpg,2023-24
Denil Castillo,Ecuador,MIDFIELDER,UNKNOWN,22,2004-03-24,0,0,0,0,0,0,0,FC Shakhtar Donetsk,SHK,https://img.uefa.com/imgml/TP/teams/logos/240x240/52707.png,250187061,https://img.uefa.com/imgml/TP/players/1/2024/324x324/250187061.jpg,2023-24
Federico Gattoni,Argentina,DEFENDER,UNKNOWN,27,1999-02-16,0,0,0,0,0,0,0,Sevilla FC,SEV,https://img.uefa.com/imgml/TP/teams/logos/240x240/52714.png,250186151,https://img.uefa.com/imgml/TP/players/1/2024/324x324/250186151.jpg,2023-24
Yannick Pandor,Comoros,GOALKEEPER,UNKNOWN,25,2001-05-01,0,0,0,0,0,0,0,RC Lens,LEN,https://img.uefa.com/imgml/TP/teams/logos/240x240/52277.png,250186124,https://img.uefa.com/imgml/TP/players/1/2024/324x324/250186124.jpg,2023-24
Reuell Walters,England,DEFENDER,UNKNOWN,21,2004-12-16,0,0,0,0,0,0,0,Arsenal FC,ARS,https://img.uefa.com/imgml/TP/teams/logos/240x240/52280.png,250182972,https://img.uefa.com/imgml/TP/players/1/2024/324x324/250182972.jpg,2023-24
Davide Renzetti,Italy,GOALKEEPER,UNKNOWN,19,2006-06-09,0,0,0,0,0,0,0,S.S. Lazio,LAZ,https://img.uefa.com/imgml/TP/teams/logos/240x240/52973.png,250182825,https://img.uefa.com/imgml/TP/players/1/2024/324x324/250182825.jpg,2023-24
Lino Sousa,England,DEFENDER,UNKNOWN,21,2005-01-19,0,0,0,0,0,0,0,Arsenal FC,ARS,https://img.uefa.com/imgml/TP/teams/logos/240x240/52280.png,250182365,https://img.uefa.com/imgml/TP/players/1/2024/324x324/250182365.jpg,2023-24
Mateo Tanlongo,Argentina,MIDFIELDER,UNKNOWN,22,2003-08-12,0,0,0,0,0,0,0,F.C. Copenhagen,CPH,https://img.uefa.com/imgml/TP/teams/logos/240x240/52709.png,250182333,https://img.uefa.com/imgml/TP/players/1/2024/324x324/250182333.jpg,2023-24
Myles Lewis-Skelly,England,MIDFIELDER,UNKNOWN,19,2006-09-26,0,0,0,0,0,0,0,Arsenal FC,ARS,https://img.uefa.com/imgml/TP/teams/logos/240x240/52280.png,250181082,https://img.uefa.com/imgml/TP/players/1/2024/324x324/250181082.jpg,2023-24
Tygo Land,Netherlands,MIDFIELDER,UNKNOWN,20,2006-01-11,0,0,0,0,0,0,0,PSV Eindhoven,PSV,https://img.uefa.com/imgml/TP/teams/logos/240x240/50062.png,250180112,https://img.uefa.com/imgml/TP/players/1/2024/324x324/250180112.jpg,2023-24
Pasquale Mazzocchi,Italy,DEFENDER,UNKNOWN,30,1995-07-27,0,0,0,0,0,0,0,SSC Napoli,NAP,https://img.uefa.com/imgml/TP/teams/logos/240x240/50136.png,250178595,https://img.uefa.com/imgml/TP/players/1/2024/324x324/250178595.jpg,2023-24
Amario Cozier-Duberry,England,FORWARD,UNKNOWN,21,2005-05-29,0,0,0,0,0,0,0,Arsenal FC,ARS,https://img.uefa.com/imgml/TP/teams/logos/240x240/52280.png,250178090,https://img.uefa.com/imgml/TP/players/1/2024/324x324/250178090.jpg,2023-24
Charles Sagoe Jr,England,MIDFIELDER,UNKNOWN,21,2004-07-24,0,0,0,0,0,0,0,Arsenal FC,ARS,https://img.uefa.com/imgml/TP/teams/logos/240x240/52280.png,250178066,https://img.uefa.com/imgml/TP/players/1/2024/324x324/250178066.jpg,2023-24
Pablo Marín,Spain,MIDFIELDER,UNKNOWN,22,2003-07-03,0,0,0,0,0,0,0,Real Sociedad de Fútbol,RSO,https://img.uefa.com/imgml/TP/teams/logos/240x240/50123.png,250177917,https://img.uefa.com/imgml/TP/players/1/2024/324x324/250177917.jpg,2023-24
Oscar Buur,Denmark,GOALKEEPER,UNKNOWN,19,2006-10-29,0,0,0,0,0,0,0,F.C. Copenhagen,CPH,https://img.uefa.com/imgml/TP/teams/logos/240x240/52709.png,250177689,https://img.uefa.com/imgml/TP/players/1/2024/324x324/250177689.jpg,2023-24
Yoram Zague,France,DEFENDER,UNKNOWN,20,2006-05-15,0,0,0,0,0,0,0,Paris Saint-Germain,PSG,https://img.uefa.com/imgml/TP/teams/logos/240x240/52747.png,250177612,https://img.uefa.com/imgml/TP/players/1/2024/324x324/250177612.jpg,2023-24
Senny Mayulu,France,MIDFIELDER,UNKNOWN,20,2006-05-17,0,0,0,0,0,0,0,Paris Saint-Germain,PSG,https://img.uefa.com/imgml/TP/teams/logos/240x240/52747.png,250177597,https://img.uefa.com/imgml/TP/players/1/2024/324x324/250177597.jpg,2023-24
Kouakou Gadou,France,DEFENDER,UNKNOWN,19,2007-01-17,0,0,0,0,0,0,0,Paris Saint-Germain,PSG,https://img.uefa.com/imgml/TP/teams/logos/240x240/52747.png,250177594,https://img.uefa.com/imgml/TP/players/1/2024/324x324/250177594.jpg,2023-24
Atakan Ordu,Türkiye,GOALKEEPER,UNKNOWN,21,2005-03-29,0,0,0,0,0,0,0,Galatasaray A.Ş.,GAL,https://img.uefa.com/imgml/TP/teams/logos/240x240/50067.png,250177190,https://img.uefa.com/imgml/TP/players/1/2024/324x324/250177190.jpg,2023-24
Luigi D'Avino,Italy,DEFENDER,UNKNOWN,20,2005-12-08,0,0,0,0,0,0,0,SSC Napoli,NAP,https://img.uefa.com/imgml/TP/teams/logos/240x240/50136.png,250176642,https://img.uefa.com/imgml/TP/players/1/2024/324x324/250176642.jpg,2023-24
Fran González,Spain,GOALKEEPER,UNKNOWN,20,2005-06-24,0,0,0,0,0,0,0,Real Madrid C.F.,RMA,https://img.uefa.com/imgml/TP/teams/logos/240x240/50051.png,250176532,https://img.uefa.com/imgml/TP/players/1/2024/324x324/250176532.jpg,2023-24
Vinícius Tobías,Brazil,DEFENDER,UNKNOWN,22,2004-02-23,0,0,0,0,0,0,0,Real Madrid C.F.,RMA,https://img.uefa.com/imgml/TP/teams/logos/240x240/50051.png,250176491,https://img.uefa.com/imgml/TP/players/1/2024/324x324/250176491.jpg,2023-24
Jacobo Ramón,Spain,DEFENDER,UNKNOWN,21,2005-01-06,0,0,0,0,0,0,0,Real Madrid C.F.,RMA,https://img.uefa.com/imgml/TP/teams/logos/240x240/50051.png,250176488,https://img.uefa.com/imgml/TP/players/1/2024/324x324/250176488.jpg,2023-24
Unai Hernandez,Spain,FORWARD,UNKNOWN,21,2004-12-14,0,0,0,0,0,0,0,FC Barcelona,BAR,https://img.uefa.com/imgml/TP/teams/logos/240x240/50080.png,250176448,https://img.uefa.com/imgml/TP/players/1/2024/324x324/250176448.jpg,2023-24
Nuha Jatta,Germany,MIDFIELDER,UNKNOWN,20,2006-03-15,0,0,0,0,0,0,0,RB Leipzig,RBL,https://img.uefa.com/imgml/TP/teams/logos/240x240/2603790.png,250176275,https://img.uefa.com/imgml/TP/players/1/2024/324x324/250176275.jpg,2023-24
Max Schmitt,Germany,GOALKEEPER,UNKNOWN,20,2006-01-18,0,0,0,0,0,0,0,FC Bayern München,BAY,https://img.uefa.com/imgml/TP/teams/logos/240x240/50037.png,250176229,https://img.uefa.com/imgml/TP/players/1/2024/324x324/250176229.jpg,2023-24
Giacomo Stabile,Italy,DEFENDER,UNKNOWN,21,2005-04-12,0,0,0,0,0,0,0,FC Internazionale Milano,INT,https://img.uefa.com/imgml/TP/teams/logos/240x240/50138.png,250176214,https://img.uefa.com/imgml/TP/players/1/2024/324x324/250176214.jpg,2023-24
Andreas Dithmer,Denmark,GOALKEEPER,UNKNOWN,20,2005-08-01,0,0,0,0,0,0,0,F.C. Copenhagen,CPH,https://img.uefa.com/imgml/TP/teams/logos/240x240/52709.png,250175765,https://img.uefa.com/imgml/TP/players/1/2024/324x324/250175765.jpg,2023-24
João Victor,Brazil,DEFENDER,UNKNOWN,27,1998-07-17,0,0,0,0,0,0,0,SL Benfica,BEN,https://img.uefa.com/imgml/TP/teams/logos/240x240/50147.png,250174837,https://img.uefa.com/imgml/TP/players/1/2024/324x324/250174837.jpg,2023-24
Niels Devalckeneer,Belgium,GOALKEEPER,UNKNOWN,22,2004-05-17,0,0,0,0,0,0,0,Royal Antwerp FC,ANT,https://img.uefa.com/imgml/TP/teams/logos/240x240/50113.png,250174538,https://img.uefa.com/imgml/TP/players/1/2024/324x324/250174538.jpg,2023-24
Tajon Buchanan,Canada,FORWARD,WINGER,27,1999-02-08,0,0,0,0,0,0,0,FC Internazionale Milano,INT,https://img.uefa.com/imgml/TP/teams/logos/240x240/50138.png,250173127,https://img.uefa.com/imgml/TP/players/1/2024/324x324/250173127.jpg,2023-24
Julien Duranville,Belgium,MIDFIELDER,UNKNOWN,20,2006-05-05,0,0,0,0,0,0,0,Borussia Dortmund,BVB,https://img.uefa.com/imgml/TP/teams/logos/240x240/52758.png,250172227,https://img.uefa.com/imgml/TP/players/1/2024/324x324/250172227.jpg,2023-24
Lucas De Bolle,Scotland,MIDFIELDER,UNKNOWN,23,2002-10-22,0,0,0,0,0,0,0,Newcastle United FC,NEW,https://img.uefa.com/imgml/TP/teams/logos/240x240/59324.png,250171273,https://img.uefa.com/imgml/TP/players/1/2024/324x324/250171273.jpg,2023-24
Kjell Wätjen,Germany,MIDFIELDER,UNKNOWN,20,2006-02-16,0,0,0,0,0,0,0,Borussia Dortmund,BVB,https://img.uefa.com/imgml/TP/teams/logos/240x240/52758.png,250170141,https://img.uefa.com/imgml/TP/players/1/2024/324x324/250170141.jpg,2023-24
Ethan Nwaneri,England,MIDFIELDER,UNKNOWN,19,2007-03-21,0,0,0,0,0,0,0,Arsenal FC,ARS,https://img.uefa.com/imgml/TP/teams/logos/240x240/52280.png,250170117,https://img.uefa.com/imgml/TP/players/1/2024/324x324/250170117.jpg,2023-24
Diego Kochen,USA,GOALKEEPER,UNKNOWN,20,2006-03-19,0,0,0,0,0,0,0,FC Barcelona,BAR,https://img.uefa.com/imgml/TP/teams/logos/240x240/50080.png,250169576,https://img.uefa.com/imgml/TP/players/1/2024/324x324/250169576.jpg,2023-24
Max Alleyne,England,DEFENDER,UNKNOWN,20,2005-07-21,0,0,0,0,0,0,0,Manchester City,MCI,https://img.uefa.com/imgml/TP/teams/logos/240x240/52919.png,250169566,https://img.uefa.com/imgml/TP/players/1/2024/324x324/250169566.jpg,2023-24
Álvaro Rodríguez,Spain,FORWARD,STRIKER,21,2004-07-14,0,0,0,0,0,0,0,Real Madrid C.F.,RMA,https://img.uefa.com/imgml/TP/teams/logos/240x240/50051.png,250169301,https://img.uefa.com/imgml/TP/players/1/2024/324x324/250169301.jpg,2023-24
Mario Martín,Spain,MIDFIELDER,UNKNOWN,22,2004-03-05,0,0,0,0,0,0,0,Real Madrid C.F.,RMA,https://img.uefa.com/imgml/TP/teams/logos/240x240/50051.png,250168870,https://img.uefa.com/imgml/TP/players/1/2024/324x324/250168870.jpg,2023-24
Federico Magro,Italy,GOALKEEPER,UNKNOWN,21,2005-01-10,0,0,0,0,0,0,0,S.S. Lazio,LAZ,https://img.uefa.com/imgml/TP/teams/logos/240x240/52973.png,250168731,https://img.uefa.com/imgml/TP/players/1/2024/324x324/250168731.jpg,2023-24
Theo Sander,Denmark,GOALKEEPER,UNKNOWN,21,2005-01-08,0,0,0,0,0,0,0,F.C. Copenhagen,CPH,https://img.uefa.com/imgml/TP/teams/logos/240x240/52709.png,250167073,https://img.uefa.com/imgml/TP/players/1/2024/324x324/250167073.jpg,2023-24
James Sweet,England,DEFENDER,UNKNOWN,22,2003-09-06,0,0,0,0,0,0,0,Arsenal FC,ARS,https://img.uefa.com/imgml/TP/teams/logos/240x240/52280.png,250166953,https://img.uefa.com/imgml/TP/players/1/2024/324x324/250166953.jpg,2023-24
Tim Köhler,Germany,DEFENDER,UNKNOWN,21,2005-05-02,0,0,0,0,0,0,0,RB Leipzig,RBL,https://img.uefa.com/imgml/TP/teams/logos/240x240/2603790.png,250165759,https://img.uefa.com/imgml/TP/players/1/2024/324x324/250165759.jpg,2023-24
Joe Morrison,Scotland,GOALKEEPER,UNKNOWN,22,2004-06-01,0,0,0,0,0,0,0,Celtic FC,CEL,https://img.uefa.com/imgml/TP/teams/logos/240x240/50050.png,250165565,https://img.uefa.com/imgml/TP/players/1/2024/324x324/250165565.jpg,2023-24
Fabio Ruggeri,Italy,DEFENDER,UNKNOWN,21,2004-12-13,0,0,0,0,0,0,0,S.S. Lazio,LAZ,https://img.uefa.com/imgml/TP/teams/logos/240x240/52973.png,250165384,https://img.uefa.com/imgml/TP/players/1/2024/324x324/250165384.jpg,2023-24
True Grant,England,GOALKEEPER,UNKNOWN,20,2005-11-02,0,0,0,0,0,0,0,Manchester City,MCI,https://img.uefa.com/imgml/TP/teams/logos/240x240/52919.png,250165217,https://img.uefa.com/imgml/TP/players/1/2024/324x324/250165217.jpg,2023-24
Daniel Gore,England,MIDFIELDER,UNKNOWN,21,2004-09-26,0,0,0,0,0,0,0,Manchester United,MUN,https://img.uefa.com/imgml/TP/teams/logos/240x240/52682.png,250165170,https://img.uefa.com/imgml/TP/players/1/2024/324x324/250165170.jpg,2023-24
Aleix Garrido,Spain,MIDFIELDER,UNKNOWN,22,2004-02-22,0,0,0,0,0,0,0,FC Barcelona,BAR,https://img.uefa.com/imgml/TP/teams/logos/240x240/50080.png,250164776,https://img.uefa.com/imgml/TP/players/1/2024/324x324/250164776.jpg,2023-24
Ander Astralaga,Spain,GOALKEEPER,UNKNOWN,22,2004-03-03,0,0,0,0,0,0,0,FC Barcelona,BAR,https://img.uefa.com/imgml/TP/teams/logos/240x240/50080.png,250164626,https://img.uefa.com/imgml/TP/players/1/2024/324x324/250164626.jpg,2023-24
Gonzalo,Spain,FORWARD,STRIKER,22,2004-03-24,0,0,0,0,0,0,0,Real Madrid C.F.,RMA,https://img.uefa.com/imgml/TP/teams/logos/240x240/50051.png,250164226,https://img.uefa.com/imgml/TP/players/1/2024/324x324/250164226.jpg,2023-24
Marvel,Spain,DEFENDER,UNKNOWN,23,2003-01-07,0,0,0,0,0,0,0,Real Madrid C.F.,RMA,https://img.uefa.com/imgml/TP/teams/logos/240x240/50051.png,250164223,https://img.uefa.com/imgml/TP/players/1/2024/324x324/250164223.jpg,2023-24
Lapo Nava,Italy,GOALKEEPER,UNKNOWN,22,2004-01-22,0,0,0,0,0,0,0,AC Milan,MIL,https://img.uefa.com/imgml/TP/teams/logos/240x240/50058.png,250164068,https://img.uefa.com/imgml/TP/players/1/2024/324x324/250164068.jpg,2023-24
Clinton Nsiala,France,DEFENDER,UNKNOWN,22,2004-01-17,0,0,0,0,0,0,0,AC Milan,MIL,https://img.uefa.com/imgml/TP/teams/logos/240x240/50058.png,250164067,https://img.uefa.com/imgml/TP/players/1/2024/324x324/250164067.jpg,2023-24
Alberto Collado,Spain,MIDFIELDER,UNKNOWN,21,2005-04-16,0,0,0,0,0,0,0,Sevilla FC,SEV,https://img.uefa.com/imgml/TP/teams/logos/240x240/52714.png,250163671,https://img.uefa.com/imgml/TP/players/1/2024/324x324/250163671.jpg,2023-24
Aleksandar Stanković,Serbia,MIDFIELDER,UNKNOWN,20,2005-08-03,0,0,0,0,0,0,0,FC Internazionale Milano,INT,https://img.uefa.com/imgml/TP/teams/logos/240x240/50138.png,250163409,https://img.uefa.com/imgml/TP/players/1/2024/324x324/250163409.jpg,2023-24
Alberto Dadie,Spain,MIDFIELDER,UNKNOWN,23,2002-07-20,0,0,0,0,0,0,0,Real Sociedad de Fútbol,RSO,https://img.uefa.com/imgml/TP/teams/logos/240x240/50123.png,250163315,https://img.uefa.com/imgml/TP/players/1/2024/324x324/250163315.jpg,2023-24
Amadou Sarr,Italy,FORWARD,UNKNOWN,21,2004-06-28,0,0,0,0,0,0,0,FC Internazionale Milano,INT,https://img.uefa.com/imgml/TP/teams/logos/240x240/50138.png,250163035,https://img.uefa.com/imgml/TP/players/1/2024/324x324/250163035.jpg,2023-24
Issiaka Kamate,France,MIDFIELDER,UNKNOWN,21,2004-08-02,0,0,0,0,0,0,0,FC Internazionale Milano,INT,https://img.uefa.com/imgml/TP/teams/logos/240x240/50138.png,250163024,https://img.uefa.com/imgml/TP/players/1/2024/324x324/250163024.jpg,2023-24
Arda Güler,Türkiye,MIDFIELDER,UNKNOWN,21,2005-02-25,0,0,0,0,0,0,0,Real Madrid C.F.,RMA,https://img.uefa.com/imgml/TP/teams/logos/240x240/50051.png,250161881,https://img.uefa.com/imgml/TP/players/1/2024/324x324/250161881.jpg,2023-24
Yannic Stein,Germany,GOALKEEPER,UNKNOWN,21,2004-09-17,0,0,0,0,0,0,0,1. FC Union Berlin,UBE,https://img.uefa.com/imgml/TP/teams/logos/240x240/77977.png,250161602,https://img.uefa.com/imgml/TP/players/1/2024/324x324/250161602.jpg,2023-24
Laurenz Dehl,Germany,MIDFIELDER,UNKNOWN,24,2001-12-12,0,0,0,0,0,0,0,1. FC Union Berlin,UBE,https://img.uefa.com/imgml/TP/teams/logos/240x240/77977.png,250161587,https://img.uefa.com/imgml/TP/players/1/2024/324x324/250161587.jpg,2023-24
Mamady Diambou,Mali,MIDFIELDER,UNKNOWN,23,2002-11-11,0,0,0,0,0,0,0,FC Salzburg,SAL,https://img.uefa.com/imgml/TP/teams/logos/240x240/50030.png,250161141,https://img.uefa.com/imgml/TP/players/1/2024/324x324/250161141.jpg,2023-24
Unai Marrero,Spain,GOALKEEPER,GOALKEEPER,24,2001-10-09,0,0,0,0,0,0,0,Real Sociedad de Fútbol,RSO,https://img.uefa.com/imgml/TP/teams/logos/240x240/50123.png,250154323,https://img.uefa.com/imgml/TP/players/1/2024/324x324/250154323.jpg,2023-24
Hendry Blank,Germany,DEFENDER,UNKNOWN,21,2004-08-21,0,0,0,0,0,0,0,Borussia Dortmund,BVB,https://img.uefa.com/imgml/TP/teams/logos/240x240/52758.png,250154302,https://img.uefa.com/imgml/TP/players/1/2024/324x324/250154302.jpg,2023-24
Javier Boñar,Spain,DEFENDER,UNKNOWN,21,2005-06-03,0,0,0,0,0,0,0,Atlético de Madrid,ATM,https://img.uefa.com/imgml/TP/teams/logos/240x240/50124.png,250154300,https://img.uefa.com/imgml/TP/players/1/2024/324x324/250154300.jpg,2023-24
Adrian Niño ,Spain,FORWARD,UNKNOWN,21,2004-06-19,0,0,0,0,0,0,0,Atlético de Madrid,ATM,https://img.uefa.com/imgml/TP/teams/logos/240x240/50124.png,250154054,https://img.uefa.com/imgml/TP/players/1/2024/324x324/250154054.jpg,2023-24
Salim El Jebari,Spain,FORWARD,UNKNOWN,22,2004-02-05,0,0,0,0,0,0,0,Atlético de Madrid,ATM,https://img.uefa.com/imgml/TP/teams/logos/240x240/50124.png,250154047,https://img.uefa.com/imgml/TP/players/1/2024/324x324/250154047.jpg,2023-24
Joseph Hugill,England,FORWARD,UNKNOWN,22,2003-10-19,0,0,0,0,0,0,0,Manchester United,MUN,https://img.uefa.com/imgml/TP/teams/logos/240x240/52682.png,250153955,https://img.uefa.com/imgml/TP/players/1/2024/324x324/250153955.jpg,2023-24
Omari Forson,England,MIDFIELDER,UNKNOWN,21,2004-07-20,0,0,0,0,0,0,0,Manchester United,MUN,https://img.uefa.com/imgml/TP/teams/logos/240x240/52682.png,250153946,https://img.uefa.com/imgml/TP/players/1/2024/324x324/250153946.jpg,2023-24
El Chadaille Bitshiabu,France,DEFENDER,UNKNOWN,21,2005-05-16,0,0,0,0,0,0,0,RB Leipzig,RBL,https://img.uefa.com/imgml/TP/teams/logos/240x240/2603790.png,250153851,https://img.uefa.com/imgml/TP/players/1/2024/324x324/250153851.jpg,2023-24
Alberto Flores,Spain,GOALKEEPER,UNKNOWN,22,2003-11-10,0,0,0,0,0,0,0,Sevilla FC,SEV,https://img.uefa.com/imgml/TP/teams/logos/240x240/52714.png,250153756,https://img.uefa.com/imgml/TP/players/1/2024/324x324/250153756.jpg,2023-24
Manuel Bueno,Spain,MIDFIELDER,UNKNOWN,21,2004-07-27,0,0,0,0,0,0,0,Sevilla FC,SEV,https://img.uefa.com/imgml/TP/teams/logos/240x240/52714.png,250153751,https://img.uefa.com/imgml/TP/players/1/2024/324x324/250153751.jpg,2023-24
Darío Benavides,Spain,DEFENDER,UNKNOWN,23,2003-01-12,0,0,0,0,0,0,0,Sevilla FC,SEV,https://img.uefa.com/imgml/TP/teams/logos/240x240/52714.png,250153750,https://img.uefa.com/imgml/TP/players/1/2024/324x324/250153750.jpg,2023-24
Matías Árbol,Spain,GOALKEEPER,UNKNOWN,23,2002-09-12,0,0,0,0,0,0,0,Sevilla FC,SEV,https://img.uefa.com/imgml/TP/teams/logos/240x240/52714.png,250153635,https://img.uefa.com/imgml/TP/players/1/2024/324x324/250153635.jpg,2023-24
Diego Piñeiro,Spain,GOALKEEPER,GOALKEEPER,22,2004-02-13,0,0,0,0,0,0,0,Real Madrid C.F.,RMA,https://img.uefa.com/imgml/TP/teams/logos/240x240/50051.png,250153622,https://img.uefa.com/imgml/TP/players/1/2024/324x324/250153622.jpg,2023-24
Nico Mantl,Germany,GOALKEEPER,GOALKEEPER,26,2000-02-06,0,0,0,0,0,0,0,FC Salzburg,SAL,https://img.uefa.com/imgml/TP/teams/logos/240x240/50030.png,250153323,https://img.uefa.com/imgml/TP/players/1/2024/324x324/250153323.jpg,2023-24
Urko González,Spain,DEFENDER,CENTRE_BACK,25,2001-03-20,0,0,0,0,0,0,0,Real Sociedad de Fútbol,RSO,https://img.uefa.com/imgml/TP/teams/logos/240x240/50123.png,250147526,https://img.uefa.com/imgml/TP/players/1/2024/324x324/250147526.jpg,2023-24
Gaizka Ayesa,Spain,GOALKEEPER,GOALKEEPER,25,2001-04-02,0,0,0,0,0,0,0,Real Sociedad de Fútbol,RSO,https://img.uefa.com/imgml/TP/teams/logos/240x240/50123.png,250147522,https://img.uefa.com/imgml/TP/players/1/2024/324x324/250147522.jpg,2023-24
Jankat Yılmaz,Türkiye,GOALKEEPER,UNKNOWN,21,2004-08-16,0,0,0,0,0,0,0,Galatasaray A.Ş.,GAL,https://img.uefa.com/imgml/TP/teams/logos/240x240/50067.png,250139356,https://img.uefa.com/imgml/TP/players/1/2024/324x324/250139356.jpg,2023-24
Rafel Obrador,Spain,DEFENDER,CENTRE_BACK,22,2004-02-24,0,0,0,0,0,0,0,Real Madrid C.F.,RMA,https://img.uefa.com/imgml/TP/teams/logos/240x240/50051.png,250139254,https://img.uefa.com/imgml/TP/players/1/2024/324x324/250139254.jpg,2023-24
Mikki van Sas,Netherlands,GOALKEEPER,UNKNOWN,22,2004-02-29,0,0,0,0,0,0,0,Feyenoord,FEY,https://img.uefa.com/imgml/TP/teams/logos/240x240/52749.png,250139075,https://img.uefa.com/imgml/TP/players/1/2024/324x324/250139075.jpg,2023-24
Jonas Krumrey,Germany,GOALKEEPER,UNKNOWN,22,2003-11-25,0,0,0,0,0,0,0,FC Salzburg,SAL,https://img.uefa.com/imgml/TP/teams/logos/240x240/50030.png,250139013,https://img.uefa.com/imgml/TP/players/1/2024/324x324/250139013.jpg,2023-24
Aitor Fraga,Spain,GOALKEEPER,UNKNOWN,23,2003-03-12,0,0,0,0,0,0,0,Real Sociedad de Fútbol,RSO,https://img.uefa.com/imgml/TP/teams/logos/240x240/50123.png,250136441,https://img.uefa.com/imgml/TP/players/1/2024/324x324/250136441.jpg,2023-24
Bernardo Folha,Portugal,MIDFIELDER,UNKNOWN,24,2002-03-23,0,0,0,0,0,0,0,FC Porto,POR,https://img.uefa.com/imgml/TP/teams/logos/240x240/50064.png,250135929,https://img.uefa.com/imgml/TP/players/1/2024/324x324/250135929.jpg,2023-24
Antonio Gomis,Spain,GOALKEEPER,UNKNOWN,23,2003-03-20,0,0,0,0,0,0,0,Atlético de Madrid,ATM,https://img.uefa.com/imgml/TP/teams/logos/240x240/50124.png,250135499,https://img.uefa.com/imgml/TP/players/1/2024/324x324/250135499.jpg,2023-24
Aitor Gismera,Spain,MIDFIELDER,UNKNOWN,22,2004-02-21,0,0,0,0,0,0,0,Atlético de Madrid,ATM,https://img.uefa.com/imgml/TP/teams/logos/240x240/50124.png,250135497,https://img.uefa.com/imgml/TP/players/1/2024/324x324/250135497.jpg,2023-24
Oleh Ocheretko,Ukraine,MIDFIELDER,UNKNOWN,23,2003-05-25,0,0,0,0,0,0,0,FC Shakhtar Donetsk,SHK,https://img.uefa.com/imgml/TP/teams/logos/240x240/52707.png,250134776,https://img.uefa.com/imgml/TP/players/1/2024/324x324/250134776.jpg,2023-24
Samuel Bamba,Germany,FORWARD,UNKNOWN,22,2004-02-13,0,0,0,0,0,0,0,Borussia Dortmund,BVB,https://img.uefa.com/imgml/TP/teams/logos/240x240/52758.png,250134651,https://img.uefa.com/imgml/TP/players/1/2024/324x324/250134651.jpg,2023-24
Richard Ledezma,USA,MIDFIELDER,CENTRAL_MIDFIELDER,25,2000-09-06,0,0,0,0,0,0,0,PSV Eindhoven,PSV,https://img.uefa.com/imgml/TP/teams/logos/240x240/50062.png,250132195,https://img.uefa.com/imgml/TP/players/1/2024/324x324/250132195.jpg,2023-24
Tymur Puzankov,Ukraine,GOALKEEPER,UNKNOWN,23,2003-03-04,0,0,0,0,0,0,0,FC Shakhtar Donetsk,SHK,https://img.uefa.com/imgml/TP/teams/logos/240x240/52707.png,250130270,https://img.uefa.com/imgml/TP/players/1/2024/324x324/250130270.jpg,2023-24
Eduard Kozik,Ukraine,DEFENDER,CENTRE_BACK,23,2003-04-19,0,0,0,0,0,0,0,FC Shakhtar Donetsk,SHK,https://img.uefa.com/imgml/TP/teams/logos/240x240/52707.png,250130264,https://img.uefa.com/imgml/TP/players/1/2024/324x324/250130264.jpg,2023-24
Edgar Pujol,Spain,DEFENDER,UNKNOWN,21,2004-08-07,0,0,0,0,0,0,0,Real Madrid C.F.,RMA,https://img.uefa.com/imgml/TP/teams/logos/240x240/50051.png,250129976,https://img.uefa.com/imgml/TP/players/1/2024/324x324/250129976.jpg,2023-24
Angel Alarcon,Spain,FORWARD,UNKNOWN,22,2004-05-15,0,0,0,0,0,0,0,FC Barcelona,BAR,https://img.uefa.com/imgml/TP/teams/logos/240x240/50080.png,250129963,https://img.uefa.com/imgml/TP/players/1/2024/324x324/250129963.jpg,2023-24
Bryan Okoh,Switzerland,DEFENDER,UNKNOWN,23,2003-05-16,0,0,0,0,0,0,0,FC Salzburg,SAL,https://img.uefa.com/imgml/TP/teams/logos/240x240/50030.png,250129928,https://img.uefa.com/imgml/TP/players/1/2024/324x324/250129928.jpg,2023-24
Leo Kokubo,Japan,GOALKEEPER,GOALKEEPER,25,2001-01-23,0,0,0,0,0,0,0,SL Benfica,BEN,https://img.uefa.com/imgml/TP/teams/logos/240x240/50147.png,250128320,https://img.uefa.com/imgml/TP/players/1/2024/324x324/250128320.jpg,2023-24
Lukáš Horníček,Czechia,GOALKEEPER,GOALKEEPER,23,2002-07-13,0,0,0,0,0,0,0,SC Braga,BRA,https://img.uefa.com/imgml/TP/teams/logos/240x240/52336.png,250127047,https://img.uefa.com/imgml/TP/players/1/2024/324x324/250127047.jpg,2023-24
Alvaro Carrillo,Spain,DEFENDER,UNKNOWN,24,2002-04-06,0,0,0,0,0,0,0,Real Madrid C.F.,RMA,https://img.uefa.com/imgml/TP/teams/logos/240x240/50051.png,250126911,https://img.uefa.com/imgml/TP/players/1/2024/324x324/250126911.jpg,2023-24
Lucas Cañizares,Spain,GOALKEEPER,GOALKEEPER,24,2002-05-10,0,0,0,0,0,0,0,Real Madrid C.F.,RMA,https://img.uefa.com/imgml/TP/teams/logos/240x240/50051.png,250126910,https://img.uefa.com/imgml/TP/players/1/2024/324x324/250126910.jpg,2023-24
Théo Zidane,France,MIDFIELDER,UNKNOWN,24,2002-05-18,0,0,0,0,0,0,0,Real Madrid C.F.,RMA,https://img.uefa.com/imgml/TP/teams/logos/240x240/50051.png,250125063,https://img.uefa.com/imgml/TP/players/1/2024/324x324/250125063.jpg,2023-24
Radek Vítek,Czechia,GOALKEEPER,UNKNOWN,22,2003-10-24,0,0,0,0,0,0,0,Manchester United,MUN,https://img.uefa.com/imgml/TP/teams/logos/240x240/52682.png,250124913,https://img.uefa.com/imgml/TP/players/1/2024/324x324/250124913.jpg,2023-24
Hubert Idasiak,Poland,GOALKEEPER,GOALKEEPER,24,2002-02-03,0,0,0,0,0,0,0,SSC Napoli,NAP,https://img.uefa.com/imgml/TP/teams/logos/240x240/50136.png,250124307,https://img.uefa.com/imgml/TP/players/1/2024/324x324/250124307.jpg,2023-24
Bohdan Viunnyk,Ukraine,FORWARD,STRIKER,24,2002-05-21,0,0,0,0,0,0,0,FC Shakhtar Donetsk,SHK,https://img.uefa.com/imgml/TP/teams/logos/240x240/52707.png,250124034,https://img.uefa.com/imgml/TP/players/1/2024/324x324/250124034.jpg,2023-24
Nikola Vasiljević,Serbia,GOALKEEPER,UNKNOWN,29,1996-06-24,0,0,0,0,0,0,0,FK Crvena Zvezda,ZVE,https://img.uefa.com/imgml/TP/teams/logos/240x240/50069.png,250123457,https://img.uefa.com/imgml/TP/players/1/2024/324x324/250123457.jpg,2023-24
Ortwin De Wolf,Belgium,GOALKEEPER,GOALKEEPER,29,1997-04-23,0,0,0,0,0,0,0,Royal Antwerp FC,ANT,https://img.uefa.com/imgml/TP/teams/logos/240x240/50113.png,250118152,https://img.uefa.com/imgml/TP/players/1/2024/324x324/250118152.jpg,2023-24
Samuel Soares,Portugal,GOALKEEPER,GOALKEEPER,23,2002-06-15,0,0,0,0,0,0,0,SL Benfica,BEN,https://img.uefa.com/imgml/TP/teams/logos/240x240/50147.png,250117408,https://img.uefa.com/imgml/TP/players/1/2024/324x324/250117408.jpg,2023-24
Karl Hein,Estonia,GOALKEEPER,UNKNOWN,24,2002-04-13,0,0,0,0,0,0,0,Arsenal FC,ARS,https://img.uefa.com/imgml/TP/teams/logos/240x240/52280.png,250116186,https://img.uefa.com/imgml/TP/players/1/2024/324x324/250116186.jpg,2023-24
Alessio Zerbin,Italy,FORWARD,UNKNOWN,27,1999-03-03,0,0,0,0,0,0,0,SSC Napoli,NAP,https://img.uefa.com/imgml/TP/teams/logos/240x240/50136.png,250112609,https://img.uefa.com/imgml/TP/players/1/2024/324x324/250112609.jpg,2023-24
Marcel Lotka,Germany,GOALKEEPER,UNKNOWN,25,2001-05-25,0,0,0,0,0,0,0,Borussia Dortmund,BVB,https://img.uefa.com/imgml/TP/teams/logos/240x240/52758.png,250109378,https://img.uefa.com/imgml/TP/players/1/2024/324x324/250109378.jpg,2023-24
Altay Bayındır,Türkiye,GOALKEEPER,UNKNOWN,28,1998-04-14,0,0,0,0,0,0,0,Manchester United,MUN,https://img.uefa.com/imgml/TP/teams/logos/240x240/52682.png,250107375,https://img.uefa.com/imgml/TP/players/1/2024/324x324/250107375.jpg,2023-24
Arnau Tenas,Spain,GOALKEEPER,UNKNOWN,25,2001-05-30,0,0,0,0,0,0,0,Paris Saint-Germain,PSG,https://img.uefa.com/imgml/TP/teams/logos/240x240/52747.png,250106979,https://img.uefa.com/imgml/TP/players/1/2024/324x324/250106979.jpg,2023-24
Shurandy Sambo,Curacao,DEFENDER,FULL_BACK,24,2001-08-19,0,0,0,0,0,0,0,PSV Eindhoven,PSV,https://img.uefa.com/imgml/TP/teams/logos/240x240/50062.png,250106755,https://img.uefa.com/imgml/TP/players/1/2024/324x324/250106755.jpg,2023-24
Daniel Peretz,Israel,GOALKEEPER,GOALKEEPER,25,2000-07-10,0,0,0,0,0,0,0,FC Bayern München,BAY,https://img.uefa.com/imgml/TP/teams/logos/240x240/50037.png,250105664,https://img.uefa.com/imgml/TP/players/1/2024/324x324/250105664.jpg,2023-24
Kastriot Imeri,Switzerland,MIDFIELDER,UNKNOWN,25,2000-06-27,0,0,0,0,0,0,0,BSC Young Boys,YB,https://img.uefa.com/imgml/TP/teams/logos/240x240/50031.png,250104939,https://img.uefa.com/imgml/TP/players/1/2024/324x324/250104939.jpg,2023-24
Anthony Ralston,Scotland,DEFENDER,FULL_BACK,27,1998-11-16,0,0,0,0,0,0,0,Celtic FC,CEL,https://img.uefa.com/imgml/TP/teams/logos/240x240/50050.png,250096737,https://img.uefa.com/imgml/TP/players/1/2024/324x324/250096737.jpg,2023-24
Joël Drommel,Netherlands,GOALKEEPER,UNKNOWN,29,1996-11-16,0,0,0,0,0,0,0,PSV Eindhoven,PSV,https://img.uefa.com/imgml/TP/teams/logos/240x240/50062.png,250081931,https://img.uefa.com/imgml/TP/players/1/2024/324x324/250081931.jpg,2023-24
Faitout Maouassa,France,DEFENDER,FULL_BACK,27,1998-07-06,0,0,0,0,0,0,0,RC Lens,LEN,https://img.uefa.com/imgml/TP/teams/logos/240x240/52277.png,250081666,https://img.uefa.com/imgml/TP/players/1/2024/324x324/250081666.jpg,2023-24
Dmytro Topalov,Ukraine,MIDFIELDER,UNKNOWN,28,1998-03-12,0,0,0,0,0,0,0,FC Shakhtar Donetsk,SHK,https://img.uefa.com/imgml/TP/teams/logos/240x240/52707.png,250081349,https://img.uefa.com/imgml/TP/players/1/2024/324x324/250081349.jpg,2023-24
Gabriel Paulista,Brazil,DEFENDER,CENTRE_BACK,35,1990-11-26,0,0,0,0,0,0,0,Atlético de Madrid,ATM,https://img.uefa.com/imgml/TP/teams/logos/240x240/50124.png,250074556,https://img.uefa.com/imgml/TP/players/1/2024/324x324/250074556.jpg,2023-24
Dario Marzino,Switzerland,GOALKEEPER,GOALKEEPER,29,1996-09-19,0,0,0,0,0,0,0,BSC Young Boys,YB,https://img.uefa.com/imgml/TP/teams/logos/240x240/50031.png,250074072,https://img.uefa.com/imgml/TP/players/1/2024/324x324/250074072.jpg,2023-24
Günay Güvenç,Türkiye,GOALKEEPER,UNKNOWN,34,1991-06-25,0,0,0,0,0,0,0,Galatasaray A.Ş.,GAL,https://img.uefa.com/imgml/TP/teams/logos/240x240/50067.png,250073722,https://img.uefa.com/imgml/TP/players/1/2024/324x324/250073722.jpg,2023-24
Nikita Contini,Italy,GOALKEEPER,GOALKEEPER,30,1996-05-21,0,0,0,0,0,0,0,SSC Napoli,NAP,https://img.uefa.com/imgml/TP/teams/logos/240x240/50136.png,250064393,https://img.uefa.com/imgml/TP/players/1/2024/324x324/250064393.jpg,2023-24
Zoran Popović,Serbia,GOALKEEPER,GOALKEEPER,38,1988-05-28,0,0,0,0,0,0,0,FK Crvena Zvezda,ZVE,https://img.uefa.com/imgml/TP/teams/logos/240x240/50069.png,250062632,https://img.uefa.com/imgml/TP/players/1/2024/324x324/250062632.jpg,2023-24
Pierluigi Gollini,Italy,GOALKEEPER,GOALKEEPER,31,1995-03-18,0,0,0,0,0,0,0,SSC Napoli,NAP,https://img.uefa.com/imgml/TP/teams/logos/240x240/50136.png,250058930,https://img.uefa.com/imgml/TP/players/1/2024/324x324/250058930.jpg,2023-24
Ivo Grbić,Croatia,GOALKEEPER,UNKNOWN,30,1996-01-18,0,0,0,0,0,0,0,Atlético de Madrid,ATM,https://img.uefa.com/imgml/TP/teams/logos/240x240/50124.png,250056074,https://img.uefa.com/imgml/TP/players/1/2024/324x324/250056074.jpg,2023-24
Tiago Sá,Portugal,GOALKEEPER,GOALKEEPER,31,1995-01-11,0,0,0,0,0,0,0,SC Braga,BRA,https://img.uefa.com/imgml/TP/teams/logos/240x240/52336.png,250054578,https://img.uefa.com/imgml/TP/players/1/2024/324x324/250054578.jpg,2023-24
Leopold Zingerle,Germany,GOALKEEPER,UNKNOWN,32,1994-04-10,0,0,0,0,0,0,0,RB Leipzig,RBL,https://img.uefa.com/imgml/TP/teams/logos/240x240/2603790.png,250054306,https://img.uefa.com/imgml/TP/players/1/2024/324x324/250054306.jpg,2023-24
Björn Engels,Belgium,DEFENDER,CENTRE_BACK,31,1994-09-15,0,0,0,0,0,0,0,Royal Antwerp FC,ANT,https://img.uefa.com/imgml/TP/teams/logos/240x240/50113.png,250043858,https://img.uefa.com/imgml/TP/players/1/2024/324x324/250043858.jpg,2023-24
Rúnar Rúnarsson,Iceland,GOALKEEPER,GOALKEEPER,31,1995-02-18,0,0,0,0,0,0,0,F.C. Copenhagen,CPH,https://img.uefa.com/imgml/TP/teams/logos/240x240/52709.png,250042038,https://img.uefa.com/imgml/TP/players/1/2024/324x324/250042038.jpg,2023-24
Keylor Navas,Costa Rica,GOALKEEPER,UNKNOWN,39,1986-12-15,0,0,0,0,0,0,0,Paris Saint-Germain,PSG,https://img.uefa.com/imgml/TP/teams/logos/240x240/52747.png,250031037,https://img.uefa.com/imgml/TP/players/1/2024/324x324/250031037.jpg,2023-24
Alexander Schwolow,Germany,GOALKEEPER,UNKNOWN,34,1992-06-02,0,0,0,0,0,0,0,1. FC Union Berlin,UBE,https://img.uefa.com/imgml/TP/teams/logos/240x240/77977.png,250028212,https://img.uefa.com/imgml/TP/players/1/2024/324x324/250028212.jpg,2023-24
Alexandre Letellier,France,GOALKEEPER,UNKNOWN,35,1990-12-11,0,0,0,0,0,0,0,Paris Saint-Germain,PSG,https://img.uefa.com/imgml/TP/teams/logos/240x240/52747.png,250025058,https://img.uefa.com/imgml/TP/players/1/2024/324x324/250025058.jpg,2023-24
Paulo Oliveira,Portugal,DEFENDER,CENTRE_BACK,34,1992-01-08,0,0,0,0,0,0,0,SC Braga,BRA,https://img.uefa.com/imgml/TP/teams/logos/240x240/52336.png,250024341,https://img.uefa.com/imgml/TP/players/1/2024/324x324/250024341.jpg,2023-24
Artur Rudko,Ukraine,GOALKEEPER,GOALKEEPER,34,1992-05-07,0,0,0,0,0,0,0,FC Shakhtar Donetsk,SHK,https://img.uefa.com/imgml/TP/teams/logos/240x240/52707.png,250020857,https://img.uefa.com/imgml/TP/players/1/2024/324x324/250020857.jpg,2023-24
Raffaele Di Gennaro,Italy,GOALKEEPER,GOALKEEPER,32,1993-10-03,0,0,0,0,0,0,0,FC Internazionale Milano,INT,https://img.uefa.com/imgml/TP/teams/logos/240x240/50138.png,250017814,https://img.uefa.com/imgml/TP/players/1/2024/324x324/250017814.jpg,2023-24
Jean-Louis Leca,France,GOALKEEPER,UNKNOWN,40,1985-09-21,0,0,0,0,0,0,0,RC Lens,LEN,https://img.uefa.com/imgml/TP/teams/logos/240x240/52277.png,250016034,https://img.uefa.com/imgml/TP/players/1/2024/324x324/250016034.jpg,2023-24
Loris Karius,Germany,GOALKEEPER,GOALKEEPER,32,1993-06-22,0,0,0,0,0,0,0,Newcastle United FC,NEW,https://img.uefa.com/imgml/TP/teams/logos/240x240/59324.png,250014327,https://img.uefa.com/imgml/TP/players/1/2024/324x324/250014327.jpg,2023-24
Khouma Babacar,Senegal,FORWARD,STRIKER,33,1993-03-17,0,0,0,0,0,0,0,F.C. Copenhagen,CPH,https://img.uefa.com/imgml/TP/teams/logos/240x240/52709.png,250011547,https://img.uefa.com/imgml/TP/players/1/2024/324x324/250011547.jpg,2023-24
Scott Bain,Scotland,GOALKEEPER,GOALKEEPER,34,1991-11-22,0,0,0,0,0,0,0,Celtic FC,CEL,https://img.uefa.com/imgml/TP/teams/logos/240x240/50050.png,250011071,https://img.uefa.com/imgml/TP/players/1/2024/324x324/250011071.jpg,2023-24
Paul Dummett,Wales,DEFENDER,CENTRE_BACK,34,1991-09-26,0,0,0,0,0,0,0,Newcastle United FC,NEW,https://img.uefa.com/imgml/TP/teams/logos/240x240/59324.png,250006405,https://img.uefa.com/imgml/TP/players/1/2024/324x324/250006405.jpg,2023-24
David Khocholava,Georgia,DEFENDER,CENTRE_BACK,33,1993-02-08,0,0,0,0,0,0,0,F.C. Copenhagen,CPH,https://img.uefa.com/imgml/TP/teams/logos/240x240/52709.png,250004261,https://img.uefa.com/imgml/TP/players/1/2024/324x324/250004261.jpg,2023-24
Nemanja Milunović,Serbia,DEFENDER,CENTRE_BACK,37,1989-05-31,0,0,0,0,0,0,0,FK Crvena Zvezda,ZVE,https://img.uefa.com/imgml/TP/teams/logos/240x240/50069.png,250001842,https://img.uefa.com/imgml/TP/players/1/2024/324x324/250001842.jpg,2023-24
Kostas Lamprou,Greece,GOALKEEPER,UNKNOWN,34,1991-09-18,0,0,0,0,0,0,0,Feyenoord,FEY,https://img.uefa.com/imgml/TP/teams/logos/240x240/52749.png,1907817,https://img.uefa.com/imgml/TP/players/1/2024/324x324/1907817.jpg,2023-24
